latitude,longitude,reference_mgal,notebook_baseline_mgal,notebook_prediction_mgal
43.99375,42.00625,136.15,106.27743,137.84813
43.99375,42.01875,132.64,103.87978,135.11197
43.99375,42.03125,127.88,99.04175,129.94974
43.99375,42.04375,122.33,94.69245,125.57117
43.99375,42.05625,129.0,100.417175,130.08688
43.99375,42.06875,144.27,114.18933,146.15826
43.99375,42.08125,144.96,114.90433,146.86533
43.99375,42.09375,130.34,102.89372,133.78519
43.99375,42.10625,139.23,110.41435,141.48927
43.99375,42.11875,132.66,105.42742,136.43399
43.99375,42.13125,144.43,117.70947,145.14119
43.99375,42.14375,168.46,141.05779,168.82855
43.99375,42.15625,186.16,158.31064,189.77399
43.99375,42.16875,170.75,142.91757,172.87064
43.99375,42.18125,169.46,140.56065,174.1326
43.99375,42.19375,170.68,141.67299,175.2964
43.99375,42.20625,184.16,155.64626,188.30298
43.99375,42.21875,183.94,155.68091,189.75653
43.99375,42.23125,182.8,154.18323,188.25037
43.99375,42.24375,182.94,154.11964,187.18454
43.99375,42.25625,168.91,142.48045,173.06177
43.99375,42.26875,175.58,146.9868,178.31876
43.99375,42.28125,161.79,133.40169,162.08975
43.99375,42.29375,142.47,116.15727,145.6044
43.99375,42.30625,155.19,125.35126,157.05194
43.99375,42.31875,140.25,111.27079,141.8577
43.99375,42.33125,125.65,99.46082,130.61826
43.99375,42.34375,143.29,114.17168,145.40361
43.99375,42.35625,147.26,119.530525,146.18855
43.99375,42.36875,156.49,130.71808,158.77579
43.99375,42.38125,173.18,143.9046,176.44841
43.99375,42.39375,171.66,142.99213,175.97057
43.99375,42.40625,165.05,138.45276,170.69055
43.99375,42.41875,165.61,138.80919,171.03188
43.99375,42.43125,167.18,139.74765,172.33131
43.99375,42.44375,163.79,136.00713,168.18173
43.99375,42.45625,170.48,140.93037,174.74448
43.99375,42.46875,167.62,138.79178,173.47423
43.99375,42.48125,168.52,139.0101,173.69218
43.99375,42.49375,168.64,139.13997,174.38618
43.99375,42.50625,167.99,138.52626,173.54192
43.99375,42.51875,167.19,137.55421,172.99878
43.99375,42.53125,166.07,136.50696,172.23518
43.99375,42.54375,164.79,135.33609,170.82002
43.99375,42.55625,163.63,134.02211,169.35995
43.99375,42.56875,162.43,132.7611,168.00266
43.99375,42.58125,161.88,132.28058,167.48997
43.99375,42.59375,161.01,131.20332,166.28397
43.99375,42.60625,158.5,128.97673,163.75983
43.99375,42.61875,157.64,128.08131,162.51222
43.99375,42.63125,156.79,126.95801,160.37518
43.99375,42.64375,153.53,123.802986,157.12347
43.99375,42.65625,152.37,122.82639,156.81836
43.99375,42.66875,150.1,120.681244,154.01755
43.99375,42.68125,149.57,120.03393,153.15848
43.99375,42.69375,148.2,118.55303,152.17827
43.99375,42.70625,145.58,115.849045,149.22556
43.99375,42.71875,141.6,111.60153,144.61462
43.99375,42.73125,131.36,103.93806,135.32733
43.99375,42.74375,127.88,99.90939,131.93506
43.99375,42.75625,131.1,101.162445,132.76189
43.99375,42.76875,123.75,94.545876,124.978325
43.99375,42.78125,114.5,87.068474,115.35814
43.99375,42.79375,102.86,75.895325,104.829956
43.99375,42.80625,113.88,84.311844,115.52569
43.99375,42.81875,120.75,90.37379,122.73665
43.99375,42.83125,112.77,85.11527,116.18955
43.99375,42.84375,115.44,86.35791,117.541405
43.99375,42.85625,119.17,89.16977,121.90008
43.99375,42.86875,117.22,87.40779,119.415054
43.99375,42.88125,114.2,84.42549,115.715744
43.99375,42.89375,111.64,81.926445,113.06204
43.99375,42.90625,110.14,81.07478,112.06789
43.99375,42.91875,119.93,89.69609,122.10964
43.99375,42.93125,119.37,89.066826,121.630325
43.99375,42.94375,114.81,84.58152,116.52715
43.99375,42.95625,111.65,82.052704,114.48766
43.99375,42.96875,113.07,83.78107,117.60497
43.99375,42.98125,112.03,83.04294,117.01686
43.99375,42.99375,109.33,85.361404,101.187744
43.98125,42.00625,139.31,110.561745,141.96347
43.98125,42.01875,141.45,112.00039,143.03418
43.98125,42.03125,137.42,107.92964,138.96371
43.98125,42.04375,124.88,98.02598,127.57619
43.98125,42.05625,131.55,103.26871,134.04759
43.98125,42.06875,135.54,107.171776,138.99274
43.98125,42.08125,141.82,112.741,144.44727
43.98125,42.09375,132.95,106.1485,136.85431
43.98125,42.10625,151.0,121.53007,153.18242
43.98125,42.11875,143.33,114.65409,145.32031
43.98125,42.13125,142.84,114.141525,142.64775
43.98125,42.14375,153.66,125.26601,152.17282
43.98125,42.15625,155.52,128.12206,155.59467
43.98125,42.16875,163.09,136.16676,164.83818
43.98125,42.18125,171.75,142.53377,175.71321
43.98125,42.19375,173.82,145.16333,176.01962
43.98125,42.20625,183.71,156.16248,188.91628
43.98125,42.21875,194.65,165.98535,200.9149
43.98125,42.23125,182.22,155.56679,187.43636
43.98125,42.24375,169.62,142.577,173.43605
43.98125,42.25625,162.57,135.49277,165.42867
43.98125,42.26875,154.01,128.884,157.07738
43.98125,42.28125,159.12,129.7362,158.0652
43.98125,42.29375,153.58,124.69285,156.02264
43.98125,42.30625,134.27,107.682594,137.72061
43.98125,42.31875,128.73,101.76742,131.94923
43.98125,42.33125,135.45,107.90895,136.47835
43.98125,42.34375,141.26,114.00087,143.10297
43.98125,42.35625,154.53,126.30763,153.92596
43.98125,42.36875,178.43,151.04745,181.6195
43.98125,42.38125,179.78,151.30238,182.99321
43.98125,42.39375,175.19,148.52455,180.14899
43.98125,42.40625,184.62,155.14069,188.87308
43.98125,42.41875,184.37,155.12796,189.08574
43.98125,42.43125,179.02,150.65024,184.44725
43.98125,42.44375,180.1,150.53542,184.77525
43.98125,42.45625,179.07,149.55095,183.69205
43.98125,42.46875,178.52,148.88571,183.90858
43.98125,42.48125,175.12,145.99828,180.64452
43.98125,42.49375,175.61,146.3917,179.29265
43.98125,42.50625,165.04,138.05191,167.90874
43.98125,42.51875,168.04,139.10596,170.91058
43.98125,42.53125,170.61,141.13567,173.7727
43.98125,42.54375,168.41,138.94774,171.65881
43.98125,42.55625,167.93,138.39499,171.03345
43.98125,42.56875,169.32,140.02036,173.57037
43.98125,42.58125,168.35,138.87004,172.35966
43.98125,42.59375,166.98,137.76562,170.71783
43.98125,42.60625,165.87,136.78444,169.58058
43.98125,42.61875,163.93,134.7581,167.82132
43.98125,42.63125,161.9,132.85358,165.82063
43.98125,42.64375,161.04,131.23322,164.2048
43.98125,42.65625,161.1,131.60075,165.78268
43.98125,42.66875,160.24,130.42706,164.96428
43.98125,42.68125,157.22,127.57499,161.93459
43.98125,42.69375,153.93,124.25371,157.7459
43.98125,42.70625,147.25,118.297386,150.31
43.98125,42.71875,145.19,115.414375,147.17267
43.98125,42.73125,137.94,109.23255,140.09822
43.98125,42.74375,142.47,112.35152,144.3271
43.98125,42.75625,139.04,108.74068,139.04268
43.98125,42.76875,133.7,103.536194,133.44693
43.98125,42.78125,121.88,93.03791,122.34659
43.98125,42.79375,103.31,76.51557,106.5611
43.98125,42.80625,112.8,85.10173,114.36471
43.98125,42.81875,118.79,90.12318,120.30854
43.98125,42.83125,126.33,96.42049,127.84227
43.98125,42.84375,123.74,94.30074,125.20878
43.98125,42.85625,126.94,96.850655,128.48698
43.98125,42.86875,125.19,95.1934,126.309944
43.98125,42.88125,120.8,91.92279,122.265274
43.98125,42.89375,125.47,95.50198,126.86782
43.98125,42.90625,123.02,93.274185,124.77025
43.98125,42.91875,120.13,90.02991,121.172386
43.98125,42.93125,119.29,89.0524,121.15199
43.98125,42.94375,116.83,86.6441,118.92173
43.98125,42.95625,114.1,84.221344,116.66299
43.98125,42.96875,110.97,81.66498,113.937454
43.98125,42.98125,106.49,78.55002,111.50267
43.98125,42.99375,102.63,79.96266,94.75899
43.96875,42.00625,149.46,120.33929,152.34705
43.96875,42.01875,147.98,118.890656,150.25162
43.96875,42.03125,148.67,118.57209,150.07016
43.96875,42.04375,129.0,102.489,131.90634
43.96875,42.05625,146.28,116.38495,147.52744
43.96875,42.06875,140.79,112.837654,143.21805
43.96875,42.08125,149.39,119.197624,151.1671
43.96875,42.09375,150.45,120.87058,152.40811
43.96875,42.10625,143.74,115.757866,147.16293
43.96875,42.11875,153.65,123.90055,156.19382
43.96875,42.13125,142.5,114.98049,146.54514
43.96875,42.14375,142.55,115.2101,146.14317
43.96875,42.15625,154.4,126.37328,157.33868
43.96875,42.16875,163.35,135.79648,166.14613
43.96875,42.18125,177.5,149.08363,181.99777
43.96875,42.19375,180.89,151.86574,182.59706
43.96875,42.20625,180.16,151.71394,183.17427
43.96875,42.21875,181.88,153.8974,183.77892
43.96875,42.23125,189.75,161.95966,194.57886
43.96875,42.24375,178.6,149.11531,179.78906
43.96875,42.25625,167.71,138.70169,170.4874
43.96875,42.26875,153.01,126.012596,156.89912
43.96875,42.28125,151.67,122.230736,154.02446
43.96875,42.29375,137.13,109.80054,140.7887
43.96875,42.30625,131.6,104.43772,135.27051
43.96875,42.31875,137.27,109.02843,140.2569
43.96875,42.33125,148.27,120.474,149.2624
43.96875,42.34375,161.9,133.48767,163.32327
43.96875,42.35625,161.46,134.01227,162.00261
43.96875,42.36875,174.88,148.23009,177.73822
43.96875,42.38125,190.4,162.00601,195.47827
43.96875,42.39375,183.97,156.1488,187.71925
43.96875,42.40625,189.51,160.54408,194.13272
43.96875,42.41875,177.3,149.38217,180.85721
43.96875,42.43125,164.34,137.75797,168.59222
43.96875,42.44375,170.95,142.92249,173.30508
43.96875,42.45625,166.01,139.7077,170.42838
43.96875,42.46875,170.1,143.75328,174.84917
43.96875,42.48125,180.1,151.15392,184.3034
43.96875,42.49375,179.61,151.1521,183.1821
43.96875,42.50625,162.16,133.64888,162.13785
43.96875,42.51875,146.2,117.96437,147.31454
43.96875,42.53125,146.59,118.55582,147.84114
43.96875,42.54375,146.97,118.62572,147.37044
43.96875,42.55625,144.2,116.415825,144.9881
43.96875,42.56875,143.83,116.35296,144.98615
43.96875,42.58125,142.68,115.37156,144.09055
43.96875,42.59375,143.66,115.59638,144.66138
43.96875,42.60625,144.23,116.43094,145.33794
43.96875,42.61875,146.39,118.88468,147.59842
43.96875,42.63125,141.98,115.47153,144.15915
43.96875,42.64375,149.91,121.81892,151.53687
43.96875,42.65625,154.14,125.511185,155.80267
43.96875,42.66875,157.34,128.90337,160.23233
43.96875,42.68125,160.52,132.01561,164.44502
43.96875,42.69375,158.76,129.19778,162.44978
43.96875,42.70625,156.17,126.515755,158.4482
43.96875,42.71875,152.34,122.770096,154.6484
43.96875,42.73125,148.18,118.56624,148.3557
43.96875,42.74375,142.7,114.13512,143.38106
43.96875,42.75625,124.53,97.037506,124.37388
43.96875,42.76875,113.12,85.862915,114.77802
43.96875,42.78125,105.91,79.08405,107.95487
43.96875,42.79375,110.58,83.130424,110.934784
43.96875,42.80625,114.08,88.15113,115.377266
43.96875,42.81875,127.59,98.42369,128.2382
43.96875,42.83125,128.53,99.744576,129.9731
43.96875,42.84375,133.69,103.841156,135.88213
43.96875,42.85625,136.56,106.5056,139.6837
43.96875,42.86875,135.48,105.3972,138.03178
43.96875,42.88125,133.36,103.29001,136.12965
43.96875,42.89375,131.02,100.83992,133.78445
43.96875,42.90625,129.28,98.88092,131.64308
43.96875,42.91875,122.99,92.992546,124.78719
43.96875,42.93125,112.21,84.741936,115.36517
43.96875,42.94375,113.86,84.963425,115.49809
43.96875,42.95625,118.28,88.4611,119.82236
43.96875,42.96875,114.52,85.863525,117.05514
43.96875,42.98125,112.27,84.314125,116.36592
43.96875,42.99375,113.31,89.09978,104.673355
43.95625,42.00625,156.97,128.1879,160.66661
43.95625,42.01875,155.71,126.344246,156.82495
43.95625,42.03125,154.39,124.730705,155.05617
43.95625,42.04375,131.91,106.48804,135.52724
43.95625,42.05625,151.8,122.36716,153.15305
43.95625,42.06875,156.57,126.33074,159.83691
43.95625,42.08125,158.26,128.22939,161.19754
43.95625,42.09375,159.83,129.93799,163.26607
43.95625,42.10625,150.76,122.43786,154.90921
43.95625,42.11875,160.18,129.96576,163.76347
43.95625,42.13125,150.42,122.18499,154.6963
43.95625,42.14375,159.07,129.24463,162.02585
43.95625,42.15625,149.72,123.19639,153.7952
43.95625,42.16875,160.36,132.59589,163.2791
43.95625,42.18125,160.96,135.36055,165.66147
43.95625,42.19375,183.6,155.52486,188.14832
43.95625,42.20625,176.57,149.54666,182.29533
43.95625,42.21875,164.48,137.81525,167.52682
43.95625,42.23125,158.54,130.84572,160.4543
43.95625,42.24375,163.98,135.5097,164.01573
43.95625,42.25625,156.16,127.56747,158.86333
43.95625,42.26875,148.46,120.92454,151.52765
43.95625,42.28125,142.81,115.354,147.59007
43.95625,42.29375,139.68,111.83785,144.04883
43.95625,42.30625,138.52,110.67252,142.33344
43.95625,42.31875,146.09,117.401985,147.55496
43.95625,42.33125,147.77,120.82943,150.7548
43.95625,42.34375,155.37,130.06628,159.4305
43.95625,42.35625,176.06,147.70259,178.6252
43.95625,42.36875,178.32,149.17099,181.28918
43.95625,42.38125,166.68,139.48035,170.68233
43.95625,42.39375,165.18,137.6218,168.38585
43.95625,42.40625,161.48,133.83481,163.88017
43.95625,42.41875,169.58,141.21869,170.9808
43.95625,42.43125,169.23,140.29158,169.6267
43.95625,42.44375,164.31,134.56392,167.31006
43.95625,42.45625,152.09,124.0246,153.64323
43.95625,42.46875,153.28,124.66797,154.09183
43.95625,42.48125,149.09,121.19288,149.49245
43.95625,42.49375,147.4,119.36028,147.461
43.95625,42.50625,139.22,111.793724,139.1247
43.95625,42.51875,133.02,105.57546,135.61934
43.95625,42.53125,131.13,103.596825,136.45393
43.95625,42.54375,130.07,102.214775,134.82759
43.95625,42.55625,128.33,100.69335,132.6169
43.95625,42.56875,126.24,99.371315,131.46082
43.95625,42.58125,126.16,98.98675,130.39717
43.95625,42.59375,127.57,99.67477,131.0719
43.95625,42.60625,126.06,98.503044,129.25923
43.95625,42.61875,125.92,98.13378,128.8066
43.95625,42.63125,126.71,98.727974,127.241394
43.95625,42.64375,128.1,100.06228,128.31659
43.95625,42.65625,129.9,101.87117,130.2096
43.95625,42.66875,134.12,106.219696,133.83469
43.95625,42.68125,142.23,114.1654,142.93129
43.95625,42.69375,158.68,130.29346,160.93512
43.95625,42.70625,156.89,129.0621,158.04407
43.95625,42.71875,135.44,109.67985,134.62825
43.95625,42.73125,132.7,106.10289,133.8114
43.95625,42.74375,121.24,93.74503,121.03718
43.95625,42.75625,111.38,84.42606,111.5613
43.95625,42.76875,105.14,80.6279,108.90767
43.95625,42.78125,112.29,86.499725,115.343475
43.95625,42.79375,129.39,102.283325,129.12233
43.95625,42.80625,136.34,108.33724,136.57452
43.95625,42.81875,135.16,107.419044,136.41489
43.95625,42.83125,141.73,111.66691,142.80983
43.95625,42.84375,139.35,109.3672,141.30182
43.95625,42.85625,139.2,108.878075,142.03874
43.95625,42.86875,136.39,106.31675,139.15775
43.95625,42.88125,125.13,96.79444,128.2586
43.95625,42.89375,123.44,95.40426,126.899124
43.95625,42.90625,125.1,97.05867,128.40651
43.95625,42.91875,128.13,98.162895,129.57385
43.95625,42.93125,128.33,97.968285,129.90134
43.95625,42.94375,126.86,96.197334,128.70242
43.95625,42.95625,125.36,95.25803,128.38885
43.95625,42.96875,122.01,92.75202,126.075134
43.95625,42.98125,118.52,89.90212,123.695145
43.95625,42.99375,112.53,88.73459,105.187515
43.94375,42.00625,164.87,136.69371,168.89844
43.94375,42.01875,166.51,137.233,169.40678
43.94375,42.03125,151.15,123.52042,151.69005
43.94375,42.04375,136.92,112.02941,139.99686
43.94375,42.05625,140.86,116.37799,144.6699
43.94375,42.06875,162.75,132.96292,166.47221
43.94375,42.08125,161.87,132.33858,165.08592
43.94375,42.09375,162.16,133.32443,166.0243
43.94375,42.10625,164.83,134.96053,168.06822
43.94375,42.11875,161.33,132.60307,165.56827
43.94375,42.13125,155.26,128.55591,160.64569
43.94375,42.14375,161.56,132.71065,165.41507
43.94375,42.15625,165.92,137.98508,170.10817
43.94375,42.16875,169.45,141.254,172.73248
43.94375,42.18125,174.65,146.4892,178.89655
43.94375,42.19375,178.58,150.22562,184.18704
43.94375,42.20625,177.95,149.12012,182.7897
43.94375,42.21875,167.47,139.30675,172.61368
43.94375,42.23125,157.95,130.68143,163.6195
43.94375,42.24375,153.99,126.36717,159.69217
43.94375,42.25625,147.37,121.16147,152.84854
43.94375,42.26875,148.68,120.65528,152.8527
43.94375,42.28125,140.07,114.25598,145.1469
43.94375,42.29375,150.57,122.0454,153.60571
43.94375,42.30625,148.2,119.89077,151.77791
43.94375,42.31875,153.49,124.192444,155.71867
43.94375,42.33125,155.98,127.51052,158.3746
43.94375,42.34375,156.82,130.16125,160.95087
43.94375,42.35625,171.78,144.20427,176.2538
43.94375,42.36875,183.64,154.15656,189.81781
43.94375,42.38125,175.27,146.17932,179.62193
43.94375,42.39375,162.48,135.08356,167.4031
43.94375,42.40625,163.3,134.10489,166.65976
43.94375,42.41875,160.46,130.7891,163.68402
43.94375,42.43125,150.01,122.224686,153.52098
43.94375,42.44375,150.18,121.58068,153.27164
43.94375,42.45625,148.86,119.70529,152.46185
43.94375,42.46875,147.1,117.84852,152.39734
43.94375,42.48125,140.1,112.284584,145.78955
43.94375,42.49375,136.33,108.71835,142.43777
43.94375,42.50625,135.68,107.582886,140.83064
43.94375,42.51875,135.11,106.6925,141.33601
43.94375,42.53125,137.07,108.783676,140.81287
43.94375,42.54375,138.36,109.57636,141.55432
43.94375,42.55625,132.12,103.64063,136.54884
43.94375,42.56875,128.77,100.91988,134.25362
43.94375,42.58125,129.82,101.3099,134.30255
43.94375,42.59375,128.01,99.74789,132.70917
43.94375,42.60625,125.61,97.29142,129.92636
43.94375,42.61875,123.9,95.86458,128.3469
43.94375,42.63125,119.49,92.53054,124.70668
43.94375,42.64375,119.26,91.644035,123.93407
43.94375,42.65625,118.06,90.713394,122.551796
43.94375,42.66875,121.46,93.42422,123.52392
43.94375,42.68125,122.07,94.689285,120.86662
43.94375,42.69375,127.19,100.40682,126.51938
43.94375,42.70625,120.47,95.59584,120.229164
43.94375,42.71875,113.68,87.48706,112.91987
43.94375,42.73125,110.44,83.93,112.05727
43.94375,42.74375,108.21,82.31527,110.42729
43.94375,42.75625,116.73,89.49364,117.34108
43.94375,42.76875,127.9,101.103836,125.43562
43.94375,42.78125,132.0,104.460686,129.44646
43.94375,42.79375,133.76,108.44698,132.96873
43.94375,42.80625,149.09,120.59547,150.10335
43.94375,42.81875,149.11,119.70335,152.28941
43.94375,42.83125,140.02,113.167946,144.80203
43.94375,42.84375,143.23,113.377785,145.62411
43.94375,42.85625,129.79,103.443375,133.60782
43.94375,42.86875,137.8,108.229706,139.97495
43.94375,42.88125,134.88,106.16296,137.74876
43.94375,42.89375,134.7,105.39944,137.03554
43.94375,42.90625,134.82,104.8818,137.249
43.94375,42.91875,133.38,103.17296,135.6589
43.94375,42.93125,122.07,94.22285,125.40602
43.94375,42.94375,122.24,93.05706,124.625244
43.94375,42.95625,117.59,88.940544,121.02394
43.94375,42.96875,114.64,86.62928,119.36401
43.94375,42.98125,113.51,85.68337,118.15948
43.94375,42.99375,113.13,89.6048,106.02696
43.93125,42.00625,166.98,139.88823,170.8895
43.93125,42.01875,164.28,135.6996,165.73796
43.93125,42.03125,153.3,126.76566,154.71281
43.93125,42.04375,163.0,135.70334,165.75311
43.93125,42.05625,156.99,130.18736,159.01505
43.93125,42.06875,161.97,133.40553,162.89146
43.93125,42.08125,159.88,132.24652,162.95952
43.93125,42.09375,160.22,133.35187,164.12125
43.93125,42.10625,171.26,141.89496,174.99438
43.93125,42.11875,174.74,145.04604,178.82591
43.93125,42.13125,173.74,144.62672,177.75758
43.93125,42.14375,172.73,143.50714,176.56908
43.93125,42.15625,175.88,146.3645,180.72884
43.93125,42.16875,175.66,146.41023,181.12646
43.93125,42.18125,175.22,145.96571,181.40271
43.93125,42.19375,171.86,142.4851,177.63132
43.93125,42.20625,174.04,144.90793,180.27673
43.93125,42.21875,176.5,146.4916,181.833
43.93125,42.23125,167.65,139.3654,173.04501
43.93125,42.24375,166.52,137.81935,170.22905
43.93125,42.25625,162.8,133.68983,166.4773
43.93125,42.26875,148.8,123.99884,153.65527
43.93125,42.28125,159.34,130.43356,162.37088
43.93125,42.29375,161.75,132.44902,164.79013
43.93125,42.30625,156.24,128.48232,159.32986
43.93125,42.31875,156.19,127.76401,160.22552
43.93125,42.33125,158.71,130.45781,163.23247
43.93125,42.34375,167.49,138.10861,170.77377
43.93125,42.35625,170.49,141.39989,173.73865
43.93125,42.36875,167.68,139.66228,172.85745
43.93125,42.38125,170.43,141.04008,174.0682
43.93125,42.39375,163.45,133.93018,167.15154
43.93125,42.40625,159.95,130.39122,165.28693
43.93125,42.41875,154.69,125.513405,160.09204
43.93125,42.43125,148.02,120.066,154.32776
43.93125,42.44375,144.51,116.47292,150.33249
43.93125,42.45625,143.16,115.62571,148.5105
43.93125,42.46875,142.47,114.7432,147.43819
43.93125,42.48125,143.65,115.38277,148.517
43.93125,42.49375,148.09,118.621506,152.7284
43.93125,42.50625,138.92,110.57118,144.48793
43.93125,42.51875,140.19,111.32082,144.93994
43.93125,42.53125,141.64,112.7236,146.19398
43.93125,42.54375,142.93,113.46425,146.58455
43.93125,42.55625,136.75,108.014725,141.42928
43.93125,42.56875,135.44,107.096375,139.95898
43.93125,42.58125,136.11,108.24475,139.87428
43.93125,42.59375,131.61,103.33238,134.55624
43.93125,42.60625,133.11,105.3065,135.72063
43.93125,42.61875,131.64,103.16686,132.99606
43.93125,42.63125,131.36,102.907555,133.4184
43.93125,42.64375,130.81,101.58416,133.76657
43.93125,42.65625,123.43,95.404015,127.88075
43.93125,42.66875,117.48,89.99764,122.299065
43.93125,42.68125,115.3,87.65871,120.05739
43.93125,42.69375,114.04,86.50473,118.308334
43.93125,42.70625,113.32,86.00042,117.31546
43.93125,42.71875,116.04,87.97291,119.69099
43.93125,42.73125,117.35,89.21435,121.0023
43.93125,42.74375,119.93,93.361305,120.80987
43.93125,42.75625,138.81,111.02096,136.14098
43.93125,42.76875,144.91,117.75209,144.22954
43.93125,42.78125,162.11,134.86203,165.07874
43.93125,42.79375,163.13,134.29686,164.95087
43.93125,42.80625,156.41,127.55117,158.37013
43.93125,42.81875,153.77,124.68286,156.3276
43.93125,42.83125,147.2,119.62458,151.10176
43.93125,42.84375,150.48,120.81204,151.68553
43.93125,42.85625,141.61,113.19604,143.93793
43.93125,42.86875,147.2,117.14957,149.98059
43.93125,42.88125,145.45,115.365875,148.84166
43.93125,42.89375,141.38,111.55356,144.57806
43.93125,42.90625,136.94,107.32447,139.52013
43.93125,42.91875,136.74,106.80524,138.68475
43.93125,42.93125,132.88,103.166565,135.23859
43.93125,42.94375,129.22,99.445694,131.34538
43.93125,42.95625,124.54,95.31803,127.253456
43.93125,42.96875,116.47,89.83196,117.34729
43.93125,42.98125,122.7,96.04613,122.64058
43.93125,42.99375,124.3,101.35933,117.53322
43.91875,42.00625,183.69,154.64813,187.96729
43.91875,42.01875,170.29,143.17288,172.94789
43.91875,42.03125,157.59,131.14459,160.4388
43.91875,42.04375,172.62,144.48816,172.9963
43.91875,42.05625,171.57,143.47597,172.79245
43.91875,42.06875,152.95,130.80382,158.44882
43.91875,42.08125,181.44,152.30664,185.85165
43.91875,42.09375,180.51,151.5641,183.8011
43.91875,42.10625,182.89,153.84354,187.02943
43.91875,42.11875,181.93,153.03612,186.27237
43.91875,42.13125,180.71,152.11778,186.19794
43.91875,42.14375,183.7,153.93083,188.63629
43.91875,42.15625,178.42,150.45706,184.8848
43.91875,42.16875,181.3,151.95694,186.85883
43.91875,42.18125,179.51,150.66133,185.72531
43.91875,42.19375,177.21,148.20358,182.44308
43.91875,42.20625,162.57,137.77853,169.9299
43.91875,42.21875,174.71,146.02477,179.98143
43.91875,42.23125,178.05,148.38,182.22206
43.91875,42.24375,172.17,143.06285,176.16846
43.91875,42.25625,151.14,127.4936,156.09538
43.91875,42.26875,156.6,131.6141,161.11127
43.91875,42.28125,171.7,142.17616,175.68648
43.91875,42.29375,166.09,138.34334,169.89874
43.91875,42.30625,170.01,140.88107,173.87387
43.91875,42.31875,173.37,143.78384,177.69295
43.91875,42.33125,174.41,144.9295,179.14778
43.91875,42.34375,175.26,146.08794,180.32834
43.91875,42.35625,167.79,139.32376,173.9377
43.91875,42.36875,163.83,136.39261,170.24359
43.91875,42.38125,160.01,133.08481,165.93855
43.91875,42.39375,158.28,130.48434,163.59619
43.91875,42.40625,150.38,125.21314,157.19852
43.91875,42.41875,154.94,127.52667,160.42152
43.91875,42.43125,159.04,129.86507,162.93065
43.91875,42.44375,157.16,128.36713,161.23029
43.91875,42.45625,159.88,130.4998,163.48874
43.91875,42.46875,156.58,127.35418,160.2092
43.91875,42.48125,153.24,124.290344,157.12195
43.91875,42.49375,146.42,117.84007,150.44247
43.91875,42.50625,149.1,119.80859,152.88702
43.91875,42.51875,150.43,121.01785,154.5464
43.91875,42.53125,146.34,117.70618,151.11212
43.91875,42.54375,145.22,116.10324,148.5426
43.91875,42.55625,140.43,112.41054,144.97006
43.91875,42.56875,137.51,110.48276,142.56549
43.91875,42.58125,143.24,115.63116,147.0548
43.91875,42.59375,147.39,118.717186,150.27518
43.91875,42.60625,150.7,120.99245,153.40582
43.91875,42.61875,145.15,116.24772,148.42245
43.91875,42.63125,134.34,106.95023,138.59276
43.91875,42.64375,130.35,102.442604,132.72166
43.91875,42.65625,126.94,98.94366,129.11693
43.91875,42.66875,127.29,97.98858,129.74472
43.91875,42.68125,124.73,95.72774,127.36542
43.91875,42.69375,118.3,90.23694,122.50651
43.91875,42.70625,121.67,92.837296,125.37993
43.91875,42.71875,116.93,89.088394,121.603516
43.91875,42.73125,121.46,93.07085,125.223465
43.91875,42.74375,127.23,98.85406,128.37373
43.91875,42.75625,138.83,111.076454,137.82031
43.91875,42.76875,150.22,122.9374,150.33133
43.91875,42.78125,168.27,139.80734,171.72485
43.91875,42.79375,165.92,137.10564,169.65237
43.91875,42.80625,166.14,136.92778,170.18816
43.91875,42.81875,163.71,134.49152,166.73227
43.91875,42.83125,163.15,133.45055,167.01527
43.91875,42.84375,153.56,124.927986,156.1183
43.91875,42.85625,137.98,112.80191,143.38622
43.91875,42.86875,151.71,121.67966,154.37477
43.91875,42.88125,150.01,120.06854,153.49776
43.91875,42.89375,136.96,110.929756,141.72481
43.91875,42.90625,144.76,114.77708,146.62886
43.91875,42.91875,142.53,112.52938,145.48682
43.91875,42.93125,134.51,105.73754,137.29501
43.91875,42.94375,124.94,98.071556,128.53297
43.91875,42.95625,124.62,97.28669,128.33359
43.91875,42.96875,121.44,95.76904,124.36903
43.91875,42.98125,145.13,119.87515,148.69368
43.91875,42.99375,130.89,107.470085,125.81641
43.90625,42.00625,178.72,152.06598,184.202
43.90625,42.01875,158.17,132.11888,162.75082
43.90625,42.03125,163.35,136.9064,165.96582
43.90625,42.04375,185.42,158.19669,188.6911
43.90625,42.05625,188.84,160.7717,190.47073
43.90625,42.06875,180.04,152.98372,182.38776
43.90625,42.08125,171.12,146.01654,174.32632
43.90625,42.09375,170.48,147.13736,178.43669
43.90625,42.10625,192.18,163.04068,196.87166
43.90625,42.11875,191.42,162.69861,197.49283
43.90625,42.13125,190.26,162.25824,196.4975
43.90625,42.14375,192.18,163.66112,199.23248
43.90625,42.15625,191.63,162.36717,198.03989
43.90625,42.16875,189.59,160.45015,195.37546
43.90625,42.18125,186.47,158.64677,192.78522
43.90625,42.19375,183.63,155.34933,187.71094
43.90625,42.20625,181.86,153.38518,185.0295
43.90625,42.21875,164.46,139.44937,169.05768
43.90625,42.23125,157.57,135.26122,163.39468
43.90625,42.24375,166.63,140.51195,170.0209
43.90625,42.25625,162.76,138.07016,167.00479
43.90625,42.26875,180.24,150.6892,182.89204
43.90625,42.28125,176.21,148.55429,179.52226
43.90625,42.29375,180.54,151.43922,185.0417
43.90625,42.30625,179.97,151.53572,184.699
43.90625,42.31875,177.1,148.92296,183.25177
43.90625,42.33125,180.6,151.98048,187.31726
43.90625,42.34375,175.79,148.11061,181.80328
43.90625,42.35625,180.47,150.96805,186.1261
43.90625,42.36875,178.9,149.04948,183.43182
43.90625,42.38125,173.56,144.8913,178.38025
43.90625,42.39375,152.91,128.95308,159.48677
43.90625,42.40625,168.38,139.97882,173.18375
43.90625,42.41875,168.02,139.33669,172.09363
43.90625,42.43125,170.56,141.14543,174.57544
43.90625,42.44375,167.73,139.46715,172.35776
43.90625,42.45625,169.09,140.24052,173.80243
43.90625,42.46875,163.63,134.8393,166.88693
43.90625,42.48125,152.49,125.889145,156.74998
43.90625,42.49375,159.9,130.53479,163.2962
43.90625,42.50625,153.65,125.4518,156.73431
43.90625,42.51875,156.46,127.84898,161.14926
43.90625,42.53125,158.08,128.89363,162.41243
43.90625,42.54375,147.09,120.3326,151.04103
43.90625,42.55625,147.22,120.08525,151.0475
43.90625,42.56875,151.98,123.510956,155.0105
43.90625,42.58125,150.01,121.798096,153.51614
43.90625,42.59375,156.98,127.55258,161.69778
43.90625,42.60625,154.57,124.70839,158.64636
43.90625,42.61875,149.77,120.42057,153.61003
43.90625,42.63125,149.02,119.527885,152.84334
43.90625,42.64375,145.06,115.52079,148.40337
43.90625,42.65625,132.75,105.1198,136.23424
43.90625,42.66875,132.46,103.609055,135.49387
43.90625,42.68125,121.11,94.181175,124.827805
43.90625,42.69375,126.85,99.235,130.24323
43.90625,42.70625,125.24,96.971725,128.0031
43.90625,42.71875,120.41,92.73167,124.311676
43.90625,42.73125,126.16,97.94115,128.66139
43.90625,42.74375,129.4,101.34532,129.8167
43.90625,42.75625,147.2,119.917694,149.1745
43.90625,42.76875,152.29,124.593,152.5455
43.90625,42.78125,172.47,144.26486,175.3626
43.90625,42.79375,174.75,145.90556,179.30377
43.90625,42.80625,166.54,138.84,170.88318
43.90625,42.81875,158.6,132.0426,163.30618
43.90625,42.83125,154.66,126.19949,158.14084
43.90625,42.84375,151.25,122.809746,154.19255
43.90625,42.85625,160.23,130.52786,163.14005
43.90625,42.86875,157.25,127.49754,159.52103
43.90625,42.88125,149.82,121.64925,153.68216
43.90625,42.89375,154.97,124.910706,159.0498
43.90625,42.90625,144.76,116.19206,147.95103
43.90625,42.91875,138.11,110.15099,141.14526
43.90625,42.93125,144.37,114.3832,146.11627
43.90625,42.94375,134.62,107.199425,137.978
43.90625,42.95625,131.5,104.70709,134.94278
43.90625,42.96875,137.46,108.68974,140.04
43.90625,42.98125,132.29,104.167656,133.9631
43.90625,42.99375,133.5,108.92735,128.46349
43.89375,42.00625,170.87,144.53604,176.52078
43.89375,42.01875,176.04,147.92874,181.41687
43.89375,42.03125,179.31,151.23639,181.52441
43.89375,42.04375,186.31,160.53067,190.16785
43.89375,42.05625,203.76,175.51112,209.92487
43.89375,42.06875,194.09,167.5602,197.93532
43.89375,42.08125,178.34,156.11464,185.03696
43.89375,42.09375,194.27,167.38286,198.93204
43.89375,42.10625,188.38,162.74841,194.02242
43.89375,42.11875,204.41,175.23807,211.06232
43.89375,42.13125,200.15,171.36954,207.58841
43.89375,42.14375,192.48,164.29878,198.31853
43.89375,42.15625,200.49,170.77487,205.21954
43.89375,42.16875,200.84,171.3539,206.24434
43.89375,42.18125,196.95,167.5104,201.46675
43.89375,42.19375,197.69,168.20113,202.97911
43.89375,42.20625,192.23,164.17484,197.32733
43.89375,42.21875,151.91,133.33972,160.84209
43.89375,42.23125,179.74,152.04347,182.21716
43.89375,42.24375,185.54,157.70702,187.2898
43.89375,42.25625,174.89,148.97293,179.42943
43.89375,42.26875,185.99,158.70671,189.71907
43.89375,42.28125,191.52,162.44302,196.11139
43.89375,42.29375,178.52,154.35031,185.3511
43.89375,42.30625,191.91,163.3626,197.63249
43.89375,42.31875,191.21,162.06522,196.7131
43.89375,42.33125,189.63,160.61676,195.64641
43.89375,42.34375,186.54,158.08376,193.14232
43.89375,42.35625,184.66,156.41223,188.856
43.89375,42.36875,182.6,154.36658,187.028
43.89375,42.38125,156.59,132.57878,162.73535
43.89375,42.39375,180.22,151.48006,184.34268
43.89375,42.40625,178.07,149.73053,180.69121
43.89375,42.41875,181.17,152.40631,186.25255
43.89375,42.43125,178.95,150.81439,184.65364
43.89375,42.44375,178.55,149.65378,183.8068
43.89375,42.45625,175.05,145.77533,175.80484
43.89375,42.46875,169.8,141.41461,171.87193
43.89375,42.48125,149.89,125.52181,154.18857
43.89375,42.49375,169.94,140.95607,172.58105
43.89375,42.50625,161.68,134.1815,165.74852
43.89375,42.51875,166.27,138.02162,170.46005
43.89375,42.53125,166.72,137.78653,170.27228
43.89375,42.54375,168.18,139.18741,171.8379
43.89375,42.55625,168.43,139.65668,173.50932
43.89375,42.56875,165.28,136.10225,169.8281
43.89375,42.58125,161.09,131.93436,164.1946
43.89375,42.59375,157.57,128.33667,161.26077
43.89375,42.60625,151.3,122.60794,153.02563
43.89375,42.61875,139.61,114.621284,143.21222
43.89375,42.63125,144.18,116.626205,145.5018
43.89375,42.64375,130.71,106.34794,135.32855
43.89375,42.65625,132.43,106.48953,135.37369
43.89375,42.66875,137.12,110.15055,139.877
43.89375,42.68125,133.76,106.49076,135.51985
43.89375,42.69375,134.74,107.633194,137.66074
43.89375,42.70625,129.71,101.92699,132.2742
43.89375,42.71875,124.11,96.64655,127.10996
43.89375,42.73125,128.25,101.52454,133.59167
43.89375,42.74375,134.26,107.53948,137.41551
43.89375,42.75625,138.48,114.13171,139.95366
43.89375,42.76875,155.47,129.69003,157.56114
43.89375,42.78125,164.34,136.29074,166.2222
43.89375,42.79375,177.98,149.10213,183.0137
43.89375,42.80625,166.78,138.1908,170.43631
43.89375,42.81875,157.54,129.23016,161.2621
43.89375,42.83125,151.77,124.69029,155.00832
43.89375,42.84375,164.08,135.28204,166.41127
43.89375,42.85625,164.76,136.50337,168.37286
43.89375,42.86875,157.04,128.33533,159.89743
43.89375,42.88125,155.96,126.76164,159.03864
43.89375,42.89375,154.02,125.09443,157.10559
43.89375,42.90625,154.53,125.24646,157.16116
43.89375,42.91875,147.56,119.046646,150.16399
43.89375,42.93125,148.38,119.38836,151.59961
43.89375,42.94375,151.49,121.32418,153.56816
43.89375,42.95625,146.67,117.0215,150.05338
43.89375,42.96875,141.44,112.526215,145.75955
43.89375,42.98125,135.55,108.069855,141.22682
43.89375,42.99375,133.24,109.17489,129.36238
43.88125,42.00625,182.41,156.52808,184.51035
43.88125,42.01875,189.74,162.54861,192.04454
43.88125,42.03125,183.12,158.53531,187.53691
43.88125,42.04375,191.47,166.54092,196.924
43.88125,42.05625,188.84,166.19832,195.23315
43.88125,42.06875,204.97,178.6425,209.73827
43.88125,42.08125,212.31,184.8569,217.51736
43.88125,42.09375,207.73,181.2154,213.26575
43.88125,42.10625,214.12,185.2445,220.40225
43.88125,42.11875,211.71,182.62622,218.59076
43.88125,42.13125,207.05,178.3429,213.85973
43.88125,42.14375,204.42,175.87376,210.70929
43.88125,42.15625,179.51,155.13016,186.34521
43.88125,42.16875,179.09,152.58418,184.61227
43.88125,42.18125,166.65,143.63535,175.14236
43.88125,42.19375,173.28,147.9526,178.67499
43.88125,42.20625,163.87,142.79544,170.35072
43.88125,42.21875,188.87,161.8621,191.31061
43.88125,42.23125,198.31,170.88951,200.21898
43.88125,42.24375,192.25,165.9849,197.72916
43.88125,42.25625,190.88,163.75047,195.34058
43.88125,42.26875,197.24,170.11209,201.96461
43.88125,42.28125,201.37,173.05649,206.47409
43.88125,42.29375,199.77,171.27231,204.20988
43.88125,42.30625,201.88,173.3108,207.82353
43.88125,42.31875,200.55,172.38716,208.52435
43.88125,42.33125,197.27,168.4572,204.39021
43.88125,42.34375,195.96,167.08946,199.01643
43.88125,42.35625,175.14,150.39786,180.38963
43.88125,42.36875,166.66,143.50745,172.64786
43.88125,42.38125,190.96,162.75519,195.44609
43.88125,42.39375,169.36,146.43964,175.35818
43.88125,42.40625,190.11,161.22427,194.65875
43.88125,42.41875,194.31,165.24731,200.07022
43.88125,42.43125,189.36,160.78763,194.4192
43.88125,42.44375,189.93,160.79234,192.84341
43.88125,42.45625,179.87,153.37784,184.59073
43.88125,42.46875,148.36,125.3177,154.25868
43.88125,42.48125,180.95,152.89561,184.93811
43.88125,42.49375,181.7,152.55191,184.25203
43.88125,42.50625,177.81,149.15604,182.13281
43.88125,42.51875,172.94,145.2021,178.15874
43.88125,42.53125,178.32,149.6042,183.19183
43.88125,42.54375,172.22,144.81621,176.80493
43.88125,42.55625,167.0,139.41447,170.79501
43.88125,42.56875,169.91,141.24902,173.50914
43.88125,42.58125,147.49,124.2182,153.1715
43.88125,42.59375,163.34,135.21964,165.28499
43.88125,42.60625,151.94,126.34942,154.83752
43.88125,42.61875,166.88,137.80836,169.14453
43.88125,42.63125,149.6,123.850555,154.05191
43.88125,42.64375,154.72,127.20276,156.92395
43.88125,42.65625,143.3,116.66012,145.8305
43.88125,42.66875,147.03,119.943665,148.43123
43.88125,42.68125,145.42,116.826515,147.80096
43.88125,42.69375,127.68,105.35639,133.55507
43.88125,42.70625,140.88,112.91418,142.75414
43.88125,42.71875,135.39,108.290215,138.72414
43.88125,42.73125,135.08,107.48457,137.9442
43.88125,42.74375,136.06,109.07695,140.60663
43.88125,42.75625,142.86,115.97237,144.62515
43.88125,42.76875,149.44,125.565,153.63805
43.88125,42.78125,176.34,147.55336,179.09692
43.88125,42.79375,171.97,143.03603,174.54135
43.88125,42.80625,160.77,134.1904,166.22101
43.88125,42.81875,170.25,140.54218,174.02588
43.88125,42.83125,158.24,131.38597,163.1078
43.88125,42.84375,177.35,149.2051,182.67409
43.88125,42.85625,165.29,137.50761,168.97345
43.88125,42.86875,169.9,140.58316,173.32962
43.88125,42.88125,159.67,131.66927,163.87744
43.88125,42.89375,165.5,135.96555,169.53592
43.88125,42.90625,154.0,125.911606,157.08218
43.88125,42.91875,156.09,127.80206,159.01894
43.88125,42.93125,156.91,127.32785,160.36235
43.88125,42.94375,145.36,118.26132,150.12311
43.88125,42.95625,146.64,118.219124,150.77214
43.88125,42.96875,149.03,120.45128,153.74858
43.88125,42.98125,145.45,117.38577,150.72005
43.88125,42.99375,140.87,116.18148,137.02518
43.86875,42.00625,195.09,169.92564,200.06314
43.86875,42.01875,219.32,194.36438,226.84944
43.86875,42.03125,211.1,185.89922,216.54462
43.86875,42.04375,214.1,187.90791,219.84119
43.86875,42.05625,216.43,188.88696,221.45184
43.86875,42.06875,220.86,193.16872,227.41022
43.86875,42.08125,223.05,195.00343,231.13034
43.86875,42.09375,222.35,194.36836,230.95096
43.86875,42.10625,193.86,170.46262,202.44524
43.86875,42.11875,199.59,171.89886,204.83133
43.86875,42.13125,203.17,176.25668,208.3569
43.86875,42.14375,203.42,176.52286,207.52554
43.86875,42.15625,204.69,176.2331,209.71579
43.86875,42.16875,186.72,159.83508,191.61595
43.86875,42.18125,188.96,162.19112,191.46805
43.86875,42.19375,190.51,166.6067,194.4583
43.86875,42.20625,192.15,168.14175,195.74806
43.86875,42.21875,206.98,180.325,210.28642
43.86875,42.23125,210.88,183.6957,216.20267
43.86875,42.24375,214.93,187.41861,222.57509
43.86875,42.25625,214.94,186.30588,220.77298
43.86875,42.26875,213.49,184.7552,219.62085
43.86875,42.28125,211.71,182.92624,217.68481
43.86875,42.29375,205.07,177.30605,210.98941
43.86875,42.30625,189.21,164.56029,196.52382
43.86875,42.31875,197.48,170.59792,202.33473
43.86875,42.33125,206.08,177.6729,211.7677
43.86875,42.34375,188.81,162.96797,194.6581
43.86875,42.35625,168.08,146.80092,173.75581
43.86875,42.36875,196.13,169.7416,199.83557
43.86875,42.38125,202.6,173.81229,206.54706
43.86875,42.39375,186.19,162.58118,192.17596
43.86875,42.40625,201.06,173.33382,205.53436
43.86875,42.41875,201.68,173.8346,208.54274
43.86875,42.43125,196.8,168.84903,201.00949
43.86875,42.44375,173.23,148.15054,176.81834
43.86875,42.45625,154.55,132.48553,161.62479
43.86875,42.46875,173.92,150.4197,179.09543
43.86875,42.48125,188.02,160.86435,190.189
43.86875,42.49375,186.72,159.16037,191.75935
43.86875,42.50625,186.9,158.95251,192.60632
43.86875,42.51875,190.91,162.2221,196.36725
43.86875,42.53125,184.0,156.73927,188.63129
43.86875,42.54375,179.45,152.18628,183.31366
43.86875,42.55625,153.19,131.81165,160.73047
43.86875,42.56875,158.29,135.83539,164.77885
43.86875,42.58125,177.6,149.70952,181.55795
43.86875,42.59375,171.86,143.93167,175.4569
43.86875,42.60625,169.75,141.56474,171.83261
43.86875,42.61875,167.96,139.78687,170.67682
43.86875,42.63125,161.18,134.64426,163.8893
43.86875,42.64375,163.78,136.76512,167.11488
43.86875,42.65625,164.43,135.77423,167.4629
43.86875,42.66875,141.96,118.69808,146.23201
43.86875,42.68125,154.37,127.13716,156.80779
43.86875,42.69375,157.21,128.35179,159.49776
43.86875,42.70625,143.99,116.76647,146.1338
43.86875,42.71875,146.16,119.349,150.21727
43.86875,42.73125,143.82,117.5052,147.31157
43.86875,42.74375,141.86,114.72798,146.14836
43.86875,42.75625,147.16,118.791084,151.02043
43.86875,42.76875,146.5,119.22257,148.02907
43.86875,42.78125,150.91,125.02986,155.71056
43.86875,42.79375,172.4,143.68604,175.85576
43.86875,42.80625,170.47,143.45926,173.81917
43.86875,42.81875,177.01,148.50848,180.58167
43.86875,42.83125,174.22,145.89938,177.54169
43.86875,42.84375,173.76,146.24008,177.07114
43.86875,42.85625,177.91,149.48167,181.71245
43.86875,42.86875,172.38,143.75993,176.42061
43.86875,42.88125,169.11,141.06233,173.27304
43.86875,42.89375,167.98,140.43436,171.88264
43.86875,42.90625,168.46,139.97028,171.66397
43.86875,42.91875,162.74,133.54793,166.5836
43.86875,42.93125,151.43,125.455795,156.60385
43.86875,42.94375,161.11,131.4155,164.8403
43.86875,42.95625,154.33,126.15509,158.86937
43.86875,42.96875,155.76,126.46002,160.84073
43.86875,42.98125,147.86,119.58638,152.99689
43.86875,42.99375,139.4,115.68912,135.75926
43.85625,42.00625,215.27,191.09747,223.84424
43.85625,42.01875,227.61,201.79494,236.08441
43.85625,42.03125,233.34,207.01788,244.32425
43.85625,42.04375,227.75,200.90752,238.2173
43.85625,42.05625,227.55,199.9213,235.75879
43.85625,42.06875,218.38,193.00032,226.42169
43.85625,42.08125,204.34,181.1542,212.91669
43.85625,42.09375,201.6,176.23662,208.89525
43.85625,42.10625,209.88,181.99474,214.55797
43.85625,42.11875,214.6,187.97644,220.97818
43.85625,42.13125,223.62,196.75778,230.42169
43.85625,42.14375,210.97,184.89511,217.0925
43.85625,42.15625,208.45,180.21277,212.82881
43.85625,42.16875,199.27,172.64081,204.50214
43.85625,42.18125,207.55,182.34308,213.91196
43.85625,42.19375,220.65,193.45387,225.63577
43.85625,42.20625,219.79,192.74652,224.42361
43.85625,42.21875,204.7,180.63972,209.39227
43.85625,42.23125,224.17,196.09903,231.77258
43.85625,42.24375,224.77,196.46667,231.47879
43.85625,42.25625,221.46,193.20877,228.38647
43.85625,42.26875,201.8,176.13136,206.53255
43.85625,42.28125,204.21,177.93439,207.74309
43.85625,42.29375,208.43,181.77464,212.56549
43.85625,42.30625,203.56,177.48306,207.54584
43.85625,42.31875,202.7,175.81674,206.77472
43.85625,42.33125,194.79,168.34245,200.33942
43.85625,42.34375,172.21,151.26042,178.18547
43.85625,42.35625,199.91,174.24203,203.91829
43.85625,42.36875,203.36,178.37837,207.10696
43.85625,42.38125,212.83,184.39755,218.3894
43.85625,42.39375,212.71,184.59431,218.61244
43.85625,42.40625,211.39,183.03706,215.72319
43.85625,42.41875,209.36,181.43073,213.80489
43.85625,42.43125,191.65,166.64952,196.05434
43.85625,42.44375,164.35,143.28262,170.0948
43.85625,42.45625,169.55,145.96785,173.43985
43.85625,42.46875,174.56,151.86226,179.10893
43.85625,42.48125,189.39,163.99986,194.2305
43.85625,42.49375,198.89,170.98253,206.62575
43.85625,42.50625,202.9,174.70233,210.33472
43.85625,42.51875,200.84,172.44145,205.64456
43.85625,42.53125,186.77,160.49254,191.26164
43.85625,42.54375,163.16,140.87163,169.28883
43.85625,42.55625,186.83,159.67604,190.41394
43.85625,42.56875,184.56,157.73425,188.1773
43.85625,42.58125,176.65,151.28114,181.52751
43.85625,42.59375,183.71,155.69856,188.00394
43.85625,42.60625,179.85,151.63554,183.08386
43.85625,42.61875,184.26,155.3057,187.74324
43.85625,42.63125,176.0,148.32788,179.45999
43.85625,42.64375,173.02,145.19885,175.99149
43.85625,42.65625,140.44,120.04598,148.22804
43.85625,42.66875,166.16,138.98558,168.83673
43.85625,42.68125,162.86,136.11005,165.19183
43.85625,42.69375,165.18,136.19864,167.04082
43.85625,42.70625,155.96,128.35175,158.30415
43.85625,42.71875,159.35,131.7393,162.78174
43.85625,42.73125,150.46,123.7386,152.48369
43.85625,42.74375,149.11,123.01838,153.29326
43.85625,42.75625,149.6,122.22308,152.63565
43.85625,42.76875,143.55,117.9548,148.36024
43.85625,42.78125,149.47,122.309006,152.68005
43.85625,42.79375,155.39,128.57231,159.03625
43.85625,42.80625,171.17,144.52017,174.0351
43.85625,42.81875,190.67,162.1615,196.05295
43.85625,42.83125,181.51,153.07208,185.95837
43.85625,42.84375,173.0,145.68022,176.47678
43.85625,42.85625,183.36,155.29915,187.02286
43.85625,42.86875,176.1,148.0545,179.21701
43.85625,42.88125,181.29,152.84592,186.0803
43.85625,42.89375,177.92,149.37628,181.65883
43.85625,42.90625,165.81,138.70093,169.87012
43.85625,42.91875,169.82,141.30417,173.86012
43.85625,42.93125,163.15,135.1201,166.50795
43.85625,42.94375,167.49,138.09846,171.60132
43.85625,42.95625,159.11,129.99986,162.41345
43.85625,42.96875,154.4,127.033104,158.95009
43.85625,42.98125,153.48,125.43575,157.72476
43.85625,42.99375,150.15,125.20163,147.02682
43.84375,42.00625,206.53,181.3614,213.37563
43.84375,42.01875,226.86,202.84291,235.61931
43.84375,42.03125,228.75,203.36784,236.52322
43.84375,42.04375,230.26,204.30663,239.3078
43.84375,42.05625,234.59,207.4535,243.41077
43.84375,42.06875,234.11,206.61285,242.20944
43.84375,42.08125,232.81,205.39426,241.60411
43.84375,42.09375,216.41,189.8896,222.33804
43.84375,42.10625,217.34,193.48021,225.254
43.84375,42.11875,234.17,207.85553,243.32141
43.84375,42.13125,227.9,200.7568,234.91667
43.84375,42.14375,211.73,185.01778,219.61949
43.84375,42.15625,213.09,186.43042,218.36366
43.84375,42.16875,227.97,200.48186,234.03099
43.84375,42.18125,228.94,201.85327,234.30023
43.84375,42.19375,231.29,204.89156,239.487
43.84375,42.20625,232.8,205.64288,239.98305
43.84375,42.21875,229.59,202.91034,236.66766
43.84375,42.23125,232.61,204.6332,239.91872
43.84375,42.24375,223.67,196.57907,229.53302
43.84375,42.25625,194.22,174.21336,204.04202
43.84375,42.26875,220.56,193.56192,226.2139
43.84375,42.28125,229.84,202.9983,236.06584
43.84375,42.29375,232.39,205.09201,240.731
43.84375,42.30625,223.67,197.05865,229.75961
43.84375,42.31875,182.91,161.81726,189.93105
43.84375,42.33125,189.12,165.78885,192.90283
43.84375,42.34375,190.34,170.92223,197.72992
43.84375,42.35625,221.03,194.64401,223.96237
43.84375,42.36875,225.13,197.58107,232.94658
43.84375,42.38125,223.86,195.65295,231.07088
43.84375,42.39375,210.09,183.70079,213.61061
43.84375,42.40625,185.39,165.27986,191.95757
43.84375,42.41875,174.24,154.8228,182.02557
43.84375,42.43125,160.38,142.9242,170.63829
43.84375,42.44375,190.33,165.6808,194.41946
43.84375,42.45625,201.29,175.67485,204.59087
43.84375,42.46875,210.19,182.20993,214.68373
43.84375,42.48125,210.41,182.19157,214.54276
43.84375,42.49375,208.51,180.62593,214.56776
43.84375,42.50625,208.02,179.84756,213.82289
43.84375,42.51875,178.63,157.1501,186.5366
43.84375,42.53125,185.37,161.39032,191.09473
43.84375,42.54375,201.21,173.7103,206.61624
43.84375,42.55625,184.41,160.4132,189.32251
43.84375,42.56875,199.94,171.70851,205.89343
43.84375,42.58125,198.57,169.86058,203.60925
43.84375,42.59375,197.74,169.3529,203.51141
43.84375,42.60625,189.26,161.81702,193.52074
43.84375,42.61875,175.33,150.00418,179.47638
43.84375,42.63125,151.52,132.41306,159.79636
43.84375,42.64375,156.41,134.91608,161.34999
43.84375,42.65625,169.14,144.04314,173.19525
43.84375,42.66875,173.7,146.22816,175.01775
43.84375,42.68125,180.91,152.17883,185.8852
43.84375,42.69375,170.23,142.05257,172.85231
43.84375,42.70625,169.02,141.01978,171.80258
43.84375,42.71875,171.64,143.02786,174.70616
43.84375,42.73125,161.95,134.20465,164.73207
43.84375,42.74375,155.59,130.42348,159.96288
43.84375,42.75625,168.14,139.9129,170.61374
43.84375,42.76875,161.02,133.91791,164.0981
43.84375,42.78125,149.54,126.016556,155.7769
43.84375,42.79375,159.7,131.89282,163.50328
43.84375,42.80625,170.73,142.85394,173.31451
43.84375,42.81875,178.32,151.59479,182.12689
43.84375,42.83125,186.89,157.99382,192.51672
43.84375,42.84375,187.06,159.12363,192.4221
43.84375,42.85625,197.0,168.6809,203.35454
43.84375,42.86875,189.75,160.5182,194.15747
43.84375,42.88125,188.49,159.41922,193.38736
43.84375,42.89375,179.77,151.23555,183.97644
43.84375,42.90625,178.26,149.9349,182.25856
43.84375,42.91875,181.2,151.9753,185.4463
43.84375,42.93125,176.65,147.98189,181.3851
43.84375,42.94375,164.23,136.13747,167.12839
43.84375,42.95625,159.42,131.17314,163.30222
43.84375,42.96875,168.56,139.75063,173.33382
43.84375,42.98125,155.22,129.63861,161.62025
43.84375,42.99375,151.33,127.571754,149.16624
43.83125,42.00625,196.98,169.97505,198.61334
43.83125,42.01875,203.75,177.62535,204.49199
43.83125,42.03125,217.68,192.19038,221.04921
43.83125,42.04375,231.07,208.09418,238.38759
43.83125,42.05625,236.6,210.70078,243.79524
43.83125,42.06875,236.63,210.29552,246.29398
43.83125,42.08125,233.56,207.02544,240.77562
43.83125,42.09375,226.94,199.80588,233.69788
43.83125,42.10625,242.37,215.39288,250.14569
43.83125,42.11875,238.45,211.58421,246.69733
43.83125,42.13125,234.29,206.8421,241.08293
43.83125,42.14375,222.71,194.98006,230.07916
43.83125,42.15625,223.26,198.80695,231.5547
43.83125,42.16875,246.79,220.53108,256.11917
43.83125,42.18125,245.47,218.4978,255.04773
43.83125,42.19375,244.59,216.84843,253.92062
43.83125,42.20625,236.75,209.82039,246.29443
43.83125,42.21875,243.24,215.03242,253.03221
43.83125,42.23125,238.39,210.72527,247.97766
43.83125,42.24375,213.73,190.49794,222.07913
43.83125,42.25625,212.03,188.15593,219.04256
43.83125,42.26875,239.03,211.62735,245.22389
43.83125,42.28125,237.96,210.8899,245.74072
43.83125,42.29375,225.55,199.77335,228.68842
43.83125,42.30625,203.86,179.74779,209.1147
43.83125,42.31875,187.84,165.72453,194.0283
43.83125,42.33125,213.72,189.80713,217.37178
43.83125,42.34375,227.99,202.37582,233.37816
43.83125,42.35625,234.99,207.8966,240.13168
43.83125,42.36875,233.69,206.44038,241.54297
43.83125,42.38125,232.84,205.43744,236.98213
43.83125,42.39375,226.12,199.66943,231.60857
43.83125,42.40625,214.63,188.13545,218.74294
43.83125,42.41875,199.92,175.47437,205.76768
43.83125,42.43125,176.82,154.9681,183.60028
43.83125,42.44375,179.4,159.11102,186.65228
43.83125,42.45625,195.7,171.8468,202.4818
43.83125,42.46875,220.79,192.9759,226.68674
43.83125,42.48125,221.31,193.2316,229.78137
43.83125,42.49375,219.24,191.40562,227.7514
43.83125,42.50625,201.51,176.77295,207.13252
43.83125,42.51875,204.38,179.22458,210.01562
43.83125,42.53125,211.14,184.24745,216.45407
43.83125,42.54375,211.67,184.34634,216.6774
43.83125,42.55625,199.12,174.82227,205.0568
43.83125,42.56875,210.31,182.26062,217.36807
43.83125,42.58125,189.97,166.07526,196.96515
43.83125,42.59375,192.9,168.09569,197.67795
43.83125,42.60625,182.2,157.39311,186.71088
43.83125,42.61875,180.23,156.2032,184.92911
43.83125,42.63125,193.85,167.65419,198.25232
43.83125,42.64375,184.28,158.51802,186.54091
43.83125,42.65625,183.29,158.10568,187.67671
43.83125,42.66875,184.28,157.42007,189.69025
43.83125,42.68125,186.61,158.90361,191.48373
43.83125,42.69375,181.16,154.44037,185.89272
43.83125,42.70625,179.61,152.485,184.98053
43.83125,42.71875,181.87,153.67604,185.78833
43.83125,42.73125,180.76,152.60106,185.12318
43.83125,42.74375,180.15,151.72484,184.47545
43.83125,42.75625,171.77,145.6684,176.94699
43.83125,42.76875,173.32,146.00565,176.28975
43.83125,42.78125,177.73,149.6583,181.38843
43.83125,42.79375,174.16,146.29584,178.42822
43.83125,42.80625,171.16,143.54329,175.71298
43.83125,42.81875,176.61,148.05385,182.70114
43.83125,42.83125,175.89,148.54665,181.26782
43.83125,42.84375,176.04,148.1377,180.31297
43.83125,42.85625,174.31,147.4672,178.05678
43.83125,42.86875,169.08,141.78987,171.91069
43.83125,42.88125,170.08,142.19716,173.51718
43.83125,42.89375,183.2,154.82204,187.6427
43.83125,42.90625,189.23,160.64062,193.97754
43.83125,42.91875,186.52,157.57509,190.16023
43.83125,42.93125,181.84,152.8872,185.57524
43.83125,42.94375,174.06,144.95786,176.72214
43.83125,42.95625,176.15,146.95078,179.78285
43.83125,42.96875,170.07,142.23915,175.40886
43.83125,42.98125,164.33,137.23761,170.20233
43.83125,42.99375,151.24,129.08017,151.35316
43.81875,42.00625,177.97,152.3497,182.62556
43.81875,42.01875,179.1,154.92973,183.02216
43.81875,42.03125,190.3,164.97414,190.74696
43.81875,42.04375,203.87,178.04466,206.93358
43.81875,42.05625,222.13,195.75754,224.86337
43.81875,42.06875,227.57,202.03403,231.71315
43.81875,42.08125,228.98,202.4811,233.89868
43.81875,42.09375,223.64,197.57654,227.3964
43.81875,42.10625,241.09,216.8669,248.5871
43.81875,42.11875,250.92,224.49062,262.51532
43.81875,42.13125,236.91,210.28548,245.65355
43.81875,42.14375,230.22,202.27902,238.53781
43.81875,42.15625,242.68,216.99489,252.58742
43.81875,42.16875,253.38,227.1419,264.12518
43.81875,42.18125,251.44,224.48476,263.2855
43.81875,42.19375,248.59,221.93239,259.31186
43.81875,42.20625,246.31,219.5125,256.06244
43.81875,42.21875,243.89,216.82922,252.49448
43.81875,42.23125,242.0,214.87553,249.41132
43.81875,42.24375,233.31,205.9583,241.10938
43.81875,42.25625,238.42,211.83879,246.42833
43.81875,42.26875,247.48,220.86014,255.33958
43.81875,42.28125,244.43,218.04588,252.16934
43.81875,42.29375,227.07,203.21838,234.50706
43.81875,42.30625,184.04,164.41502,192.90416
43.81875,42.31875,215.34,191.19684,220.6351
43.81875,42.33125,214.02,193.48044,220.55072
43.81875,42.34375,244.57,218.23117,251.9686
43.81875,42.35625,242.84,216.52621,253.08475
43.81875,42.36875,243.34,216.74747,251.70619
43.81875,42.38125,206.91,186.47098,213.05809
43.81875,42.39375,188.25,167.56636,195.83519
43.81875,42.40625,201.08,176.02138,205.87015
43.81875,42.41875,173.88,153.45724,182.87125
43.81875,42.43125,193.68,168.79897,197.66367
43.81875,42.44375,207.36,183.06456,210.9533
43.81875,42.45625,216.77,190.04619,219.85837
43.81875,42.46875,198.32,178.1381,206.45567
43.81875,42.48125,229.76,202.25667,237.22025
43.81875,42.49375,229.79,202.01831,236.72063
43.81875,42.50625,226.77,199.34943,233.50179
43.81875,42.51875,213.55,188.63347,220.71205
43.81875,42.53125,226.19,198.5066,235.2031
43.81875,42.54375,223.12,195.6035,229.73431
43.81875,42.55625,218.85,191.4986,225.54405
43.81875,42.56875,218.84,191.3053,224.72252
43.81875,42.58125,215.74,188.51677,222.63605
43.81875,42.59375,214.68,187.18066,220.36443
43.81875,42.60625,192.79,170.12952,198.61342
43.81875,42.61875,211.01,183.53377,214.95609
43.81875,42.63125,200.6,175.31094,206.68074
43.81875,42.64375,205.49,177.08995,210.69606
43.81875,42.65625,200.06,173.0382,206.51282
43.81875,42.66875,204.35,176.36142,212.28513
43.81875,42.68125,198.2,170.29205,205.28223
43.81875,42.69375,193.39,165.23775,200.27472
43.81875,42.70625,189.83,161.46132,195.35309
43.81875,42.71875,176.97,152.43925,183.95543
43.81875,42.73125,174.12,150.42175,182.03116
43.81875,42.74375,183.85,155.61444,188.418
43.81875,42.75625,186.78,158.29045,192.6306
43.81875,42.76875,189.13,160.06616,195.58699
43.81875,42.78125,183.82,155.5396,189.89064
43.81875,42.79375,178.5,149.90134,183.73674
43.81875,42.80625,176.53,148.44238,182.62808
43.81875,42.81875,178.17,149.58437,184.74792
43.81875,42.83125,171.55,143.47705,177.6104
43.81875,42.84375,171.59,142.37766,175.95692
43.81875,42.85625,172.66,143.51173,176.13449
43.81875,42.86875,161.01,133.38565,165.3388
43.81875,42.88125,159.78,131.5103,162.17085
43.81875,42.89375,161.96,133.50589,163.18657
43.81875,42.90625,161.06,133.72638,163.19449
43.81875,42.91875,169.97,143.12108,172.37564
43.81875,42.93125,177.99,151.17433,181.85995
43.81875,42.94375,184.78,156.72101,188.86356
43.81875,42.95625,182.45,153.84375,185.82318
43.81875,42.96875,170.28,144.29422,176.86392
43.81875,42.98125,169.26,141.50508,173.57175
43.81875,42.99375,170.52,145.44911,169.60571
43.80625,42.00625,185.17,159.3219,190.28175
43.80625,42.01875,187.35,162.0326,192.60576
43.80625,42.03125,189.45,163.434,193.7125
43.80625,42.04375,188.8,162.69507,189.98767
43.80625,42.05625,188.69,164.58195,193.06815
43.80625,42.06875,213.31,186.45227,217.55371
43.80625,42.08125,192.12,168.05563,196.93823
43.80625,42.09375,209.5,183.86296,211.60666
43.80625,42.10625,229.27,201.43881,233.48141
43.80625,42.11875,230.66,204.24199,236.36989
43.80625,42.13125,230.96,203.59225,236.95529
43.80625,42.14375,226.61,199.08066,233.03552
43.80625,42.15625,239.86,212.52098,245.31848
43.80625,42.16875,249.76,223.41333,257.0551
43.80625,42.18125,254.49,228.35019,266.72656
43.80625,42.19375,260.38,233.7163,273.47098
43.80625,42.20625,255.9,228.63907,265.42084
43.80625,42.21875,254.0,227.58759,265.11487
43.80625,42.23125,244.89,217.54613,252.71057
43.80625,42.24375,242.55,216.65475,251.42563
43.80625,42.25625,252.13,225.4771,261.82712
43.80625,42.26875,229.37,204.94444,235.62585
43.80625,42.28125,208.56,186.7084,216.93427
43.80625,42.29375,208.1,183.59192,213.07254
43.80625,42.30625,191.33,170.6916,200.71622
43.80625,42.31875,215.87,194.93819,222.04565
43.80625,42.33125,246.7,221.65184,255.15224
43.80625,42.34375,253.16,227.39943,261.29025
43.80625,42.35625,244.47,218.59448,252.27551
43.80625,42.36875,226.31,203.72102,234.89606
43.80625,42.38125,201.68,182.40256,210.53262
43.80625,42.39375,219.14,193.71594,223.4451
43.80625,42.40625,193.13,169.38464,199.45517
43.80625,42.41875,193.03,170.27824,196.34543
43.80625,42.43125,212.4,187.4273,214.69507
43.80625,42.44375,224.6,198.80432,228.5065
43.80625,42.45625,241.84,215.56276,249.46123
43.80625,42.46875,227.88,202.2483,234.55997
43.80625,42.48125,229.0,204.00171,235.64848
43.80625,42.49375,239.78,212.66573,251.31635
43.80625,42.50625,239.12,211.45285,246.85059
43.80625,42.51875,234.86,207.71866,243.16885
43.80625,42.53125,237.35,209.76682,246.13254
43.80625,42.54375,233.05,205.93054,240.94284
43.80625,42.55625,233.52,205.85265,241.65927
43.80625,42.56875,225.72,199.33128,233.27539
43.80625,42.58125,229.52,201.89325,237.9238
43.80625,42.59375,227.05,199.24522,233.12221
43.80625,42.60625,225.01,197.03583,229.76125
43.80625,42.61875,223.9,195.51112,229.03624
43.80625,42.63125,217.65,190.06842,225.94691
43.80625,42.64375,214.49,186.74615,221.98361
43.80625,42.65625,209.76,181.34616,216.58945
43.80625,42.66875,199.76,172.8224,205.55789
43.80625,42.68125,195.55,169.67311,202.23413
43.80625,42.69375,202.05,174.36871,207.25522
43.80625,42.70625,201.84,173.68813,207.08646
43.80625,42.71875,200.84,172.65588,205.76923
43.80625,42.73125,193.97,166.76659,198.61285
43.80625,42.74375,194.17,165.24976,198.75766
43.80625,42.75625,176.02,152.34308,182.99658
43.80625,42.76875,186.22,158.62898,190.17679
43.80625,42.78125,178.93,151.5506,183.09671
43.80625,42.79375,162.61,140.15096,169.97633
43.80625,42.80625,160.22,137.38278,167.34206
43.80625,42.81875,172.07,144.3598,175.85101
43.80625,42.83125,170.2,142.1274,174.28581
43.80625,42.84375,166.78,138.67471,170.3555
43.80625,42.85625,163.37,136.12357,167.46405
43.80625,42.86875,156.13,128.90297,159.93729
43.80625,42.88125,156.86,129.47006,160.10616
43.80625,42.89375,155.09,127.761116,160.27759
43.80625,42.90625,152.95,125.03609,156.392
43.80625,42.91875,153.31,124.9297,154.63286
43.80625,42.93125,152.27,124.71042,152.9561
43.80625,42.94375,154.2,127.26087,155.97992
43.80625,42.95625,156.56,131.3969,158.90073
43.80625,42.96875,169.81,143.30273,172.71732
43.80625,42.98125,180.77,153.6639,186.31328
43.80625,42.99375,175.21,150.2462,173.25452
43.79375,42.00625,173.93,149.23053,177.75467
43.79375,42.01875,159.9,138.62633,165.71774
43.79375,42.03125,173.3,149.66676,177.15244
43.79375,42.04375,192.25,166.43854,196.62317
43.79375,42.05625,185.94,160.50906,188.06468
43.79375,42.06875,173.52,152.41866,180.29706
43.79375,42.08125,192.18,167.87965,197.5733
43.79375,42.09375,212.84,186.24268,218.54594
43.79375,42.10625,218.55,191.4731,226.1993
43.79375,42.11875,222.55,195.9825,229.95763
43.79375,42.13125,210.56,187.06839,218.62328
43.79375,42.14375,211.92,187.21046,218.5719
43.79375,42.15625,223.32,197.41728,226.14764
43.79375,42.16875,244.25,218.41188,249.58359
43.79375,42.18125,255.85,232.77904,266.3302
43.79375,42.19375,266.04,240.39236,274.64224
43.79375,42.20625,254.74,228.76613,266.75635
43.79375,42.21875,256.63,230.02579,265.82602
43.79375,42.23125,257.51,231.51237,267.92587
43.79375,42.24375,266.75,240.94554,279.73965
43.79375,42.25625,262.19,236.7867,271.6813
43.79375,42.26875,245.9,220.26175,251.19724
43.79375,42.28125,236.49,210.31966,240.47916
43.79375,42.29375,218.4,191.7691,224.64362
43.79375,42.30625,201.26,179.3816,210.82777
43.79375,42.31875,212.95,191.53023,220.29333
43.79375,42.33125,239.83,218.32672,249.59152
43.79375,42.34375,249.85,225.13202,261.50336
43.79375,42.35625,238.03,214.5933,245.77554
43.79375,42.36875,228.53,204.98203,235.86438
43.79375,42.38125,245.48,221.78157,254.44539
43.79375,42.39375,220.0,195.7218,223.18976
43.79375,42.40625,190.6,169.60722,199.8353
43.79375,42.41875,200.13,175.44205,203.42786
43.79375,42.43125,234.06,211.28786,243.4634
43.79375,42.44375,237.17,210.32951,240.02597
43.79375,42.45625,247.39,221.36436,256.02747
43.79375,42.46875,252.74,226.00037,261.79956
43.79375,42.48125,250.51,223.63513,259.8485
43.79375,42.49375,249.4,222.46262,259.65082
43.79375,42.50625,248.69,221.47609,260.44894
43.79375,42.51875,247.72,220.37224,259.13568
43.79375,42.53125,247.01,219.7274,258.446
43.79375,42.54375,247.44,219.79742,258.82468
43.79375,42.55625,244.11,216.65588,253.0806
43.79375,42.56875,239.29,212.46838,248.7824
43.79375,42.58125,239.66,211.85466,249.53702
43.79375,42.59375,238.56,210.64589,248.6666
43.79375,42.60625,236.02,207.94788,247.01437
43.79375,42.61875,227.21,199.35187,237.35713
43.79375,42.63125,222.18,194.37462,228.86526
43.79375,42.64375,210.25,184.13268,216.4413
43.79375,42.65625,193.29,169.78583,201.8223
43.79375,42.66875,214.59,186.86436,220.45628
43.79375,42.68125,218.42,190.25693,224.90714
43.79375,42.69375,217.69,189.24539,224.3133
43.79375,42.70625,214.82,186.59688,221.41222
43.79375,42.71875,214.57,185.88403,221.46297
43.79375,42.73125,202.3,174.37299,208.12155
43.79375,42.74375,190.68,164.81863,196.0354
43.79375,42.75625,200.11,172.14043,204.8973
43.79375,42.76875,194.26,167.60466,199.65515
43.79375,42.78125,195.6,167.39017,199.85172
43.79375,42.79375,177.93,152.83772,182.57957
43.79375,42.80625,192.84,164.08263,196.62363
43.79375,42.81875,169.33,144.9644,175.3137
43.79375,42.83125,183.8,155.31812,187.29321
43.79375,42.84375,177.97,150.58104,182.03441
43.79375,42.85625,172.35,144.95877,175.55385
43.79375,42.86875,172.22,144.35966,175.2028
43.79375,42.88125,160.35,133.83414,163.717
43.79375,42.89375,161.49,133.51723,164.87677
43.79375,42.90625,153.67,126.42335,158.26112
43.79375,42.91875,148.13,121.12852,151.88776
43.79375,42.93125,144.19,116.82873,147.78882
43.79375,42.94375,141.61,114.32675,146.77188
43.79375,42.95625,140.51,114.42715,143.36737
43.79375,42.96875,146.93,119.59471,147.55772
43.79375,42.98125,149.29,123.66692,152.18988
43.79375,42.99375,164.47,141.99881,161.6184
43.78125,42.00625,155.0,130.89188,159.561
43.78125,42.01875,161.03,138.27371,164.58911
43.78125,42.03125,172.38,148.90962,174.89767
43.78125,42.04375,186.47,160.83583,189.68332
43.78125,42.05625,172.96,148.6355,174.44894
43.78125,42.06875,208.18,186.62877,214.78357
43.78125,42.08125,211.6,185.08517,216.65442
43.78125,42.09375,217.52,190.35764,223.78412
43.78125,42.10625,206.3,179.54974,211.50897
43.78125,42.11875,212.28,185.59026,216.61661
43.78125,42.13125,213.25,186.89258,219.22537
43.78125,42.14375,195.94,170.99396,203.51913
43.78125,42.15625,202.04,177.17873,206.41104
43.78125,42.16875,221.6,197.31041,225.32658
43.78125,42.18125,222.34,199.05777,226.33687
43.78125,42.19375,249.85,224.51663,256.1603
43.78125,42.20625,263.45,238.21312,272.7829
43.78125,42.21875,266.18,239.99623,274.06738
43.78125,42.23125,275.61,251.06184,289.52887
43.78125,42.24375,260.17,236.13806,269.75394
43.78125,42.25625,245.79,221.61682,252.81723
43.78125,42.26875,238.12,213.56169,244.21866
43.78125,42.28125,221.39,196.59483,225.20396
43.78125,42.29375,220.17,196.62723,226.84972
43.78125,42.30625,210.92,189.06976,219.80687
43.78125,42.31875,238.37,212.77701,241.6114
43.78125,42.33125,253.27,228.89189,260.10736
43.78125,42.34375,265.41,239.65106,276.2567
43.78125,42.35625,244.98,221.6998,254.02975
43.78125,42.36875,262.64,237.29372,272.89465
43.78125,42.38125,231.99,211.43207,239.35423
43.78125,42.39375,218.59,196.3111,221.53577
43.78125,42.40625,206.66,182.26746,209.92337
43.78125,42.41875,195.83,173.91077,202.27939
43.78125,42.43125,219.24,195.17522,225.16711
43.78125,42.44375,234.72,212.20389,239.94437
43.78125,42.45625,259.48,234.44536,269.67657
43.78125,42.46875,263.11,236.76433,274.93198
43.78125,42.48125,262.58,235.59668,276.43964
43.78125,42.49375,261.19,233.92401,274.83493
43.78125,42.50625,260.34,232.86826,274.384
43.78125,42.51875,259.83,232.37047,274.19238
43.78125,42.53125,257.96,230.51593,271.93582
43.78125,42.54375,258.99,231.72038,272.84656
43.78125,42.55625,256.79,229.53627,269.4155
43.78125,42.56875,254.26,226.76663,266.2384
43.78125,42.58125,250.38,222.98076,262.06662
43.78125,42.59375,244.69,217.42145,255.45229
43.78125,42.60625,238.73,211.46423,247.98557
43.78125,42.61875,238.01,210.23407,246.98177
43.78125,42.63125,231.04,203.5806,238.6181
43.78125,42.64375,204.54,180.2062,213.26169
43.78125,42.65625,207.85,183.39294,215.62961
43.78125,42.66875,228.36,200.43062,233.67236
43.78125,42.68125,228.61,200.73329,235.99788
43.78125,42.69375,227.36,199.07011,234.96971
43.78125,42.70625,222.18,194.2416,229.01846
43.78125,42.71875,194.54,173.44228,204.64677
43.78125,42.73125,210.2,183.34224,216.27094
43.78125,42.74375,213.7,185.41057,219.07161
43.78125,42.75625,212.22,183.93799,218.32834
43.78125,42.76875,200.4,173.60686,206.00572
43.78125,42.78125,202.85,174.76564,206.54726
43.78125,42.79375,202.18,173.98132,207.4555
43.78125,42.80625,185.09,159.1795,190.66492
43.78125,42.81875,195.56,167.07008,200.72066
43.78125,42.83125,180.18,154.9937,185.72626
43.78125,42.84375,190.19,162.13571,194.42876
43.78125,42.85625,182.22,154.08195,185.62054
43.78125,42.86875,179.38,152.30057,183.56464
43.78125,42.88125,174.99,146.97185,178.20258
43.78125,42.89375,168.28,140.40335,170.98334
43.78125,42.90625,166.04,137.3561,167.51457
43.78125,42.91875,165.41,136.61641,167.21062
43.78125,42.93125,153.86,125.94051,155.73982
43.78125,42.94375,147.64,119.528694,149.54263
43.78125,42.95625,138.64,111.59068,143.9164
43.78125,42.96875,134.55,108.59626,140.15909
43.78125,42.98125,138.75,111.770386,141.86247
43.78125,42.99375,138.64,115.78782,136.43735
43.76875,42.00625,155.59,132.7807,159.43224
43.76875,42.01875,146.45,127.18489,153.5539
43.76875,42.03125,151.31,130.76329,158.79341
43.76875,42.04375,151.38,133.61465,159.6552
43.76875,42.05625,163.06,141.97363,165.24895
43.76875,42.06875,174.12,150.88646,175.87817
43.76875,42.08125,190.64,166.83432,192.65047
43.76875,42.09375,195.95,169.66348,198.6172
43.76875,42.10625,183.2,160.14182,189.72134
43.76875,42.11875,187.47,161.44702,190.68079
43.76875,42.13125,189.5,163.5283,192.72487
43.76875,42.14375,190.91,165.01907,196.96506
43.76875,42.15625,199.2,174.65077,207.07855
43.76875,42.16875,206.72,183.80249,215.36165
43.76875,42.18125,209.29,186.66696,216.70364
43.76875,42.19375,223.99,198.73746,227.70665
43.76875,42.20625,229.35,206.38403,237.13199
43.76875,42.21875,247.0,221.77382,253.71667
43.76875,42.23125,255.04,229.16013,263.20148
43.76875,42.24375,245.39,219.86125,251.34769
43.76875,42.25625,240.02,213.34966,247.40015
43.76875,42.26875,229.91,205.93912,237.13553
43.76875,42.28125,236.39,209.67747,242.60876
43.76875,42.29375,235.56,208.92921,243.64716
43.76875,42.30625,225.56,201.37477,233.83817
43.76875,42.31875,239.17,215.78918,245.06543
43.76875,42.33125,274.0,251.4787,285.4305
43.76875,42.34375,266.89,242.10239,276.44537
43.76875,42.35625,271.43,247.00844,282.44977
43.76875,42.36875,273.23,248.88225,283.79538
43.76875,42.38125,257.08,235.06415,266.57025
43.76875,42.39375,221.08,199.12347,225.84811
43.76875,42.40625,211.81,187.57889,215.87968
43.76875,42.41875,194.66,173.18225,203.52394
43.76875,42.43125,219.54,195.56204,225.09225
43.76875,42.44375,220.23,200.38924,229.28136
43.76875,42.45625,249.23,226.86925,257.6344
43.76875,42.46875,269.97,244.00755,281.8138
43.76875,42.48125,269.2,242.57762,283.10278
43.76875,42.49375,264.15,237.3646,276.45084
43.76875,42.50625,249.96,225.80148,262.67126
43.76875,42.51875,244.82,221.2968,257.1516
43.76875,42.53125,246.31,221.3544,257.18698
43.76875,42.54375,251.76,226.05263,262.0441
43.76875,42.55625,260.44,234.09145,271.7507
43.76875,42.56875,261.88,234.86201,273.60718
43.76875,42.58125,258.65,231.36594,268.7771
43.76875,42.59375,255.21,228.05,266.17288
43.76875,42.60625,250.74,223.26773,259.51144
43.76875,42.61875,242.67,215.70457,250.3111
43.76875,42.63125,217.25,192.96094,224.95218
43.76875,42.64375,209.18,184.38422,215.0131
43.76875,42.65625,225.08,199.08815,230.6095
43.76875,42.66875,239.61,212.04672,247.90433
43.76875,42.68125,240.78,212.87193,251.8341
43.76875,42.69375,226.49,200.9863,234.93004
43.76875,42.70625,228.01,200.26343,232.94572
43.76875,42.71875,225.54,197.6018,231.2491
43.76875,42.73125,226.25,198.27974,231.87183
43.76875,42.74375,226.55,198.2428,234.91138
43.76875,42.75625,216.9,189.35947,223.17204
43.76875,42.76875,217.02,188.6582,223.03549
43.76875,42.78125,210.71,182.40266,216.98209
43.76875,42.79375,195.1,169.43309,201.58188
43.76875,42.80625,203.64,174.61893,209.3031
43.76875,42.81875,203.8,174.75233,209.83755
43.76875,42.83125,203.17,173.87328,208.94127
43.76875,42.84375,195.28,166.4235,201.07034
43.76875,42.85625,191.5,162.64018,197.63437
43.76875,42.86875,196.95,167.4558,202.33667
43.76875,42.88125,186.17,157.57745,190.62434
43.76875,42.89375,182.14,153.50632,187.30562
43.76875,42.90625,178.29,150.47023,182.77144
43.76875,42.91875,175.91,147.19287,179.17157
43.76875,42.93125,163.01,136.35223,166.29924
43.76875,42.94375,155.93,129.05458,158.1676
43.76875,42.95625,146.74,119.84655,149.81668
43.76875,42.96875,141.43,115.26292,145.21213
43.76875,42.98125,136.43,110.26102,141.1731
43.76875,42.99375,130.17,108.33263,128.34229
43.75625,42.00625,188.48,163.6481,189.7998
43.75625,42.01875,178.67,154.45584,178.83006
43.75625,42.03125,165.55,142.2582,168.4136
43.75625,42.04375,173.89,150.29538,174.4563
43.75625,42.05625,175.49,151.22842,176.5001
43.75625,42.06875,172.86,148.9687,177.10529
43.75625,42.08125,173.36,149.18182,177.88907
43.75625,42.09375,179.15,154.10295,183.70216
43.75625,42.10625,185.86,159.8623,191.85529
43.75625,42.11875,189.09,162.23183,192.88991
43.75625,42.13125,186.02,163.12694,190.91838
43.75625,42.14375,199.78,174.14284,204.18797
43.75625,42.15625,193.92,173.27599,202.61261
43.75625,42.16875,222.13,195.23811,227.00662
43.75625,42.18125,212.5,188.95921,221.70903
43.75625,42.19375,234.26,208.1601,241.14203
43.75625,42.20625,252.03,224.72823,261.73343
43.75625,42.21875,250.99,223.88423,260.977
43.75625,42.23125,258.48,231.13902,268.7554
43.75625,42.24375,250.6,224.52568,260.21497
43.75625,42.25625,245.75,219.0508,254.29553
43.75625,42.26875,258.28,231.65811,267.16953
43.75625,42.28125,239.58,216.48642,249.28479
43.75625,42.29375,233.2,209.13702,241.95447
43.75625,42.30625,241.94,217.55739,250.37206
43.75625,42.31875,256.31,231.21274,262.4101
43.75625,42.33125,264.96,240.08897,269.49875
43.75625,42.34375,284.36,260.97125,297.11362
43.75625,42.35625,276.58,252.45485,286.92212
43.75625,42.36875,245.5,225.72057,254.00017
43.75625,42.38125,227.93,206.73238,235.33017
43.75625,42.39375,215.44,194.8085,223.45407
43.75625,42.40625,217.41,194.65134,224.08896
43.75625,42.41875,217.83,193.93802,224.25345
43.75625,42.43125,236.19,210.50008,242.4586
43.75625,42.44375,246.77,223.29819,253.36989
43.75625,42.45625,271.75,247.4376,281.753
43.75625,42.46875,272.05,246.76077,283.1783
43.75625,42.48125,263.6,238.13036,276.9577
43.75625,42.49375,261.11,235.4691,273.09113
43.75625,42.50625,276.54,250.0969,289.26553
43.75625,42.51875,271.12,244.33296,282.40857
43.75625,42.53125,265.21,237.94414,275.36172
43.75625,42.54375,260.64,232.95921,269.63168
43.75625,42.55625,251.29,224.2288,260.7605
43.75625,42.56875,235.9,211.24263,245.38145
43.75625,42.58125,246.61,221.57027,255.73941
43.75625,42.59375,247.69,222.27995,256.1232
43.75625,42.60625,232.79,207.3332,241.0766
43.75625,42.61875,222.47,197.48222,229.66774
43.75625,42.63125,215.85,191.51993,222.19144
43.75625,42.64375,227.46,201.77141,233.81384
43.75625,42.65625,233.96,209.25873,241.28964
43.75625,42.66875,246.25,218.72076,254.24332
43.75625,42.68125,243.52,215.93288,252.1704
43.75625,42.69375,242.36,214.69751,251.71068
43.75625,42.70625,240.71,213.13373,251.18834
43.75625,42.71875,239.71,212.00089,248.41597
43.75625,42.73125,236.17,208.17258,245.737
43.75625,42.74375,229.22,201.14638,238.04295
43.75625,42.75625,225.61,197.34691,234.8776
43.75625,42.76875,223.86,195.73912,233.5339
43.75625,42.78125,218.53,190.13385,224.97223
43.75625,42.79375,214.22,185.36516,221.40717
43.75625,42.80625,208.83,180.796,216.11417
43.75625,42.81875,208.59,179.61552,211.28021
43.75625,42.83125,204.28,175.24103,208.5824
43.75625,42.84375,185.68,159.80656,190.66486
43.75625,42.85625,194.55,165.7906,198.77011
43.75625,42.86875,190.78,162.12218,195.98613
43.75625,42.88125,190.23,161.07536,193.8941
43.75625,42.89375,181.16,152.22047,184.74356
43.75625,42.90625,164.43,138.13792,167.5832
43.75625,42.91875,176.2,147.51494,178.81006
43.75625,42.93125,175.53,146.94589,179.10953
43.75625,42.94375,161.56,133.39659,163.68092
43.75625,42.95625,164.43,135.94162,167.44302
43.75625,42.96875,149.06,122.38025,152.61742
43.75625,42.98125,154.74,126.50919,159.09772
43.75625,42.99375,147.65,123.26997,144.00009
43.74375,42.00625,197.85,174.71078,200.26855
43.74375,42.01875,207.44,183.04256,210.98302
43.74375,42.03125,182.81,160.11589,184.64928
43.74375,42.04375,202.59,178.81323,205.12067
43.74375,42.05625,193.99,169.29857,197.3829
43.74375,42.06875,209.31,183.32407,213.99864
43.74375,42.08125,191.28,166.84555,195.06647
43.74375,42.09375,193.6,168.9052,197.72668
43.74375,42.10625,200.01,174.69974,203.41869
43.74375,42.11875,195.43,175.04373,202.73997
43.74375,42.13125,217.23,191.68057,221.58171
43.74375,42.14375,231.71,204.78508,238.0626
43.74375,42.15625,215.96,191.95096,223.15025
43.74375,42.16875,217.83,191.9448,222.42612
43.74375,42.18125,236.97,210.8853,243.47626
43.74375,42.19375,236.11,209.78308,242.6362
43.74375,42.20625,243.27,216.68016,252.44315
43.74375,42.21875,235.7,210.3939,244.17989
43.74375,42.23125,247.98,220.57564,255.80585
43.74375,42.24375,253.69,226.38759,262.1027
43.74375,42.25625,261.29,233.78482,270.98132
43.74375,42.26875,258.75,231.77559,268.5667
43.74375,42.28125,263.26,237.27455,271.93036
43.74375,42.29375,257.45,231.31929,266.29037
43.74375,42.30625,255.29,228.8944,264.52753
43.74375,42.31875,263.08,238.12694,273.51443
43.74375,42.33125,282.08,258.0036,293.91208
43.74375,42.34375,291.5,268.78577,304.52954
43.74375,42.35625,288.24,266.99078,302.08923
43.74375,42.36875,269.87,245.38226,277.01022
43.74375,42.38125,246.93,223.32182,253.61221
43.74375,42.39375,238.15,213.45033,244.31552
43.74375,42.40625,197.06,180.7745,209.79926
43.74375,42.41875,229.53,205.73094,232.08195
43.74375,42.43125,225.87,205.81677,232.42229
43.74375,42.44375,237.67,216.8164,245.30432
43.74375,42.45625,275.37,251.80927,286.1093
43.74375,42.46875,278.67,253.05873,292.75284
43.74375,42.48125,276.35,250.2622,290.0001
43.74375,42.49375,273.46,247.89801,286.37778
43.74375,42.50625,276.22,250.22763,287.74893
43.74375,42.51875,271.87,245.751,283.52216
43.74375,42.53125,259.51,234.42169,270.49588
43.74375,42.54375,253.12,229.33658,262.76065
43.74375,42.55625,253.56,227.75223,261.38898
43.74375,42.56875,250.74,224.15306,257.45825
43.74375,42.58125,239.32,214.98543,247.66388
43.74375,42.59375,237.53,212.38025,243.53809
43.74375,42.60625,239.28,212.41428,246.11237
43.74375,42.61875,230.17,205.88818,237.1826
43.74375,42.63125,242.85,216.11488,247.23003
43.74375,42.64375,247.75,221.25131,255.4848
43.74375,42.65625,256.29,229.34406,266.70477
43.74375,42.66875,256.64,229.06558,267.05746
43.74375,42.68125,252.88,225.22089,263.12158
43.74375,42.69375,248.77,221.17404,258.2673
43.74375,42.70625,246.58,219.04558,255.28514
43.74375,42.71875,240.48,213.37292,249.01678
43.74375,42.73125,238.94,210.993,245.29028
43.74375,42.74375,227.09,200.35393,233.98982
43.74375,42.75625,224.64,198.06824,230.54674
43.74375,42.76875,224.79,198.34444,231.17444
43.74375,42.78125,211.93,185.5459,216.19466
43.74375,42.79375,208.32,182.826,212.93225
43.74375,42.80625,220.08,192.55289,227.5054
43.74375,42.81875,200.53,175.92587,205.13472
43.74375,42.83125,179.59,155.09334,182.18622
43.74375,42.84375,176.26,151.45308,178.3668
43.74375,42.85625,183.74,158.46773,187.20958
43.74375,42.86875,195.44,166.95702,200.84152
43.74375,42.88125,181.6,154.49069,183.79504
43.74375,42.89375,165.71,140.2261,167.91687
43.74375,42.90625,178.56,150.46114,182.83109
43.74375,42.91875,152.89,128.39214,155.25829
43.74375,42.93125,168.98,141.00293,170.76389
43.74375,42.94375,163.07,134.31529,162.97652
43.74375,42.95625,148.6,122.29129,150.9697
43.74375,42.96875,137.82,112.543434,141.06963
43.74375,42.98125,143.94,116.07156,147.34085
43.74375,42.99375,134.98,112.382706,130.8201
43.73125,42.00625,220.68,194.5193,227.55244
43.73125,42.01875,222.15,196.83589,227.03409
43.73125,42.03125,224.83,200.04921,230.81952
43.73125,42.04375,214.02,189.29214,216.98825
43.73125,42.05625,216.13,190.32452,219.5701
43.73125,42.06875,222.4,194.98964,226.97804
43.73125,42.08125,214.51,186.81635,217.2971
43.73125,42.09375,205.05,178.66302,210.64848
43.73125,42.10625,206.18,180.59225,211.27873
43.73125,42.11875,218.46,191.40283,223.80957
43.73125,42.13125,219.1,192.3986,223.37103
43.73125,42.14375,214.57,188.56575,221.31746
43.73125,42.15625,238.22,210.80928,246.78912
43.73125,42.16875,211.62,186.65846,218.48274
43.73125,42.18125,232.52,206.36777,239.76859
43.73125,42.19375,242.72,215.74266,251.84094
43.73125,42.20625,225.44,201.3092,233.5399
43.73125,42.21875,229.3,202.70796,235.32428
43.73125,42.23125,232.64,205.9016,237.75763
43.73125,42.24375,239.71,213.6461,246.9692
43.73125,42.25625,255.87,229.31918,264.43628
43.73125,42.26875,266.97,240.47174,277.73007
43.73125,42.28125,271.18,244.3047,281.71234
43.73125,42.29375,271.9,244.75226,283.7335
43.73125,42.30625,270.3,242.77055,281.79788
43.73125,42.31875,274.91,247.87692,286.13214
43.73125,42.33125,257.89,233.54622,264.79684
43.73125,42.34375,252.94,230.25926,260.00647
43.73125,42.35625,243.87,221.86151,250.50674
43.73125,42.36875,251.28,226.6819,254.83932
43.73125,42.38125,225.54,204.30408,232.81848
43.73125,42.39375,210.9,191.26044,221.6115
43.73125,42.40625,226.39,202.76772,234.60281
43.73125,42.41875,231.48,209.33762,235.9879
43.73125,42.43125,269.81,247.78215,278.42737
43.73125,42.44375,278.53,254.50792,285.8102
43.73125,42.45625,287.24,262.6343,295.64093
43.73125,42.46875,287.89,262.6199,303.69308
43.73125,42.48125,287.81,262.31345,303.91193
43.73125,42.49375,285.12,259.5436,295.0101
43.73125,42.50625,286.81,262.33945,298.69748
43.73125,42.51875,278.63,252.34412,288.49597
43.73125,42.53125,280.36,255.36925,290.44806
43.73125,42.54375,269.66,243.7609,278.74792
43.73125,42.55625,257.39,233.07011,264.1603
43.73125,42.56875,255.32,230.15524,262.1391
43.73125,42.58125,265.87,240.91077,274.6286
43.73125,42.59375,250.1,223.65585,254.2255
43.73125,42.60625,238.98,214.1681,244.79575
43.73125,42.61875,244.06,218.66861,248.70937
43.73125,42.63125,252.18,226.80324,258.3691
43.73125,42.64375,225.45,201.88037,230.80779
43.73125,42.65625,242.72,216.5288,247.79124
43.73125,42.66875,249.45,223.66258,256.31726
43.73125,42.68125,236.73,209.94202,242.35628
43.73125,42.69375,251.41,226.08745,258.98795
43.73125,42.70625,226.31,202.98668,234.12462
43.73125,42.71875,225.31,200.33131,229.18588
43.73125,42.73125,226.9,200.07191,230.27847
43.73125,42.74375,205.1,180.81792,209.79573
43.73125,42.75625,223.7,197.34914,228.91492
43.73125,42.76875,211.11,184.73787,214.86572
43.73125,42.78125,180.78,160.04317,185.05988
43.73125,42.79375,194.59,168.6842,196.28925
43.73125,42.80625,196.61,172.23941,198.8509
43.73125,42.81875,194.34,171.32646,196.09949
43.73125,42.83125,195.05,170.30452,194.41882
43.73125,42.84375,177.63,150.92653,177.70093
43.73125,42.85625,166.56,141.94879,168.43848
43.73125,42.86875,176.62,149.7862,177.40244
43.73125,42.88125,184.0,158.78368,187.84732
43.73125,42.89375,151.85,128.7012,154.89067
43.73125,42.90625,155.67,128.69171,157.32387
43.73125,42.91875,146.81,121.307976,148.57886
43.73125,42.93125,138.74,113.55543,141.61745
43.73125,42.94375,131.05,107.18665,134.98189
43.73125,42.95625,128.79,104.81655,133.53781
43.73125,42.96875,128.98,104.2267,134.37753
43.73125,42.98125,124.85,101.4026,131.41794
43.73125,42.99375,124.74,104.053635,122.34929
43.71875,42.00625,209.72,185.09259,215.06659
43.71875,42.01875,218.37,192.56216,223.04564
43.71875,42.03125,221.26,194.62413,225.71729
43.71875,42.04375,214.66,188.50374,217.77931
43.71875,42.05625,222.98,195.78294,226.0339
43.71875,42.06875,224.6,196.99982,228.89104
43.71875,42.08125,213.1,187.55006,216.74252
43.71875,42.09375,194.06,167.18675,198.30043
43.71875,42.10625,196.44,168.95987,201.18784
43.71875,42.11875,207.73,179.87215,211.24513
43.71875,42.13125,203.92,179.21388,208.78879
43.71875,42.14375,216.3,190.28006,219.96112
43.71875,42.15625,227.56,201.02135,233.1047
43.71875,42.16875,221.0,194.3138,226.03706
43.71875,42.18125,220.97,196.13455,228.18979
43.71875,42.19375,236.54,210.12695,243.14088
43.71875,42.20625,231.11,203.82896,235.84387
43.71875,42.21875,212.56,187.72705,219.86143
43.71875,42.23125,225.74,200.68402,233.99544
43.71875,42.24375,245.09,217.33345,252.97806
43.71875,42.25625,238.42,211.96501,244.78238
43.71875,42.26875,256.28,229.34737,263.07285
43.71875,42.28125,243.78,219.49225,252.89224
43.71875,42.29375,249.22,222.82092,257.9766
43.71875,42.30625,263.67,236.68149,273.47278
43.71875,42.31875,263.91,236.59099,274.99603
43.71875,42.33125,250.8,225.86032,261.7464
43.71875,42.34375,259.04,234.02798,269.3832
43.71875,42.35625,260.43,234.87965,270.55344
43.71875,42.36875,252.86,227.09457,261.55383
43.71875,42.38125,244.86,217.5171,253.07094
43.71875,42.39375,213.4,194.68777,227.3161
43.71875,42.40625,241.65,218.24216,247.52988
43.71875,42.41875,249.51,226.04706,253.80696
43.71875,42.43125,276.53,254.4338,284.35367
43.71875,42.44375,297.52,274.68332,313.46832
43.71875,42.45625,299.13,275.38327,311.59924
43.71875,42.46875,293.63,269.4232,306.40228
43.71875,42.48125,285.34,262.05316,297.90082
43.71875,42.49375,283.4,261.1023,296.7763
43.71875,42.50625,240.26,221.64632,250.86653
43.71875,42.51875,243.12,220.65733,249.47835
43.71875,42.53125,253.58,229.21204,259.48068
43.71875,42.54375,239.44,215.71362,244.69876
43.71875,42.55625,234.78,210.65775,240.7909
43.71875,42.56875,226.96,204.03113,232.99419
43.71875,42.58125,224.26,201.03275,229.91211
43.71875,42.59375,220.63,197.971,224.30939
43.71875,42.60625,198.27,178.83858,207.2488
43.71875,42.61875,201.0,180.78586,206.55374
43.71875,42.63125,211.1,189.35284,213.71996
43.71875,42.64375,207.09,184.99072,212.44638
43.71875,42.65625,233.27,210.35788,237.027
43.71875,42.66875,243.19,219.10117,250.25479
43.71875,42.68125,206.83,186.90266,214.92259
43.71875,42.69375,227.92,203.8445,232.44688
43.71875,42.70625,247.08,221.84634,256.17014
43.71875,42.71875,223.85,200.42903,228.5187
43.71875,42.73125,203.44,180.44493,207.70528
43.71875,42.74375,182.29,162.04512,187.78609
43.71875,42.75625,203.61,181.00632,207.33339
43.71875,42.76875,222.97,199.48012,225.95062
43.71875,42.78125,202.43,178.18617,202.56453
43.71875,42.79375,164.71,145.6422,171.606
43.71875,42.80625,170.32,148.11504,175.65138
43.71875,42.81875,161.25,140.68532,165.4611
43.71875,42.83125,152.0,131.7665,156.51883
43.71875,42.84375,137.54,121.38914,146.25793
43.71875,42.85625,159.78,136.8003,162.87852
43.71875,42.86875,137.6,119.5245,144.40497
43.71875,42.88125,133.32,115.61083,140.406
43.71875,42.89375,140.74,120.59768,144.59079
43.71875,42.90625,141.79,119.98884,143.54468
43.71875,42.91875,145.3,121.266754,145.5751
43.71875,42.93125,150.65,124.738976,149.91911
43.71875,42.94375,161.44,135.2581,163.42284
43.71875,42.95625,153.4,126.396416,154.0775
43.71875,42.96875,153.53,127.04345,156.86723
43.71875,42.98125,139.1,114.14359,143.97775
43.71875,42.99375,140.06,116.907364,136.01953
43.70625,42.00625,214.33,190.91449,220.52982
43.70625,42.01875,228.58,203.0827,236.58186
43.70625,42.03125,199.89,175.19026,202.96051
43.70625,42.04375,193.68,168.45604,196.74504
43.70625,42.05625,186.3,164.56125,192.17679
43.70625,42.06875,208.56,181.52837,211.78542
43.70625,42.08125,198.81,170.72743,200.19406
43.70625,42.09375,184.71,158.4851,189.87822
43.70625,42.10625,193.42,164.6258,199.60767
43.70625,42.11875,199.92,173.24815,206.67831
43.70625,42.13125,201.48,174.69351,204.05347
43.70625,42.14375,187.55,166.68,194.88316
43.70625,42.15625,206.14,181.87663,211.08334
43.70625,42.16875,227.76,202.46574,233.867
43.70625,42.18125,231.58,205.3386,236.74973
43.70625,42.19375,215.1,190.86125,222.04576
43.70625,42.20625,211.28,186.95172,218.10905
43.70625,42.21875,222.68,196.03195,228.92386
43.70625,42.23125,234.64,207.93951,242.32047
43.70625,42.24375,216.26,193.93904,226.55579
43.70625,42.25625,219.07,195.66301,227.06644
43.70625,42.26875,235.54,209.77705,242.29419
43.70625,42.28125,247.75,221.82826,254.86383
43.70625,42.29375,261.63,236.1921,271.89496
43.70625,42.30625,253.59,227.72932,262.57828
43.70625,42.31875,273.22,246.01051,284.35162
43.70625,42.33125,266.17,238.7445,278.30292
43.70625,42.34375,265.62,239.06506,276.99744
43.70625,42.35625,258.13,232.40352,266.2777
43.70625,42.36875,253.56,228.04488,259.74915
43.70625,42.38125,222.28,202.5313,232.13565
43.70625,42.39375,231.1,208.35991,241.2917
43.70625,42.40625,241.97,217.71269,248.88568
43.70625,42.41875,260.09,234.56413,263.84122
43.70625,42.43125,281.18,259.11432,290.93652
43.70625,42.44375,304.04,284.81006,322.88733
43.70625,42.45625,279.14,255.54982,289.82248
43.70625,42.46875,255.67,233.1273,265.84503
43.70625,42.48125,250.39,226.70657,257.50497
43.70625,42.49375,244.88,220.62938,251.49257
43.70625,42.50625,234.01,210.07066,238.73106
43.70625,42.51875,221.52,198.71481,232.27443
43.70625,42.53125,227.05,202.25215,234.64253
43.70625,42.54375,216.72,195.16466,225.8729
43.70625,42.55625,226.63,201.93077,235.26213
43.70625,42.56875,219.62,194.33722,226.88397
43.70625,42.58125,212.23,190.50323,219.85901
43.70625,42.59375,212.02,190.275,220.0979
43.70625,42.60625,227.34,201.50606,232.40173
43.70625,42.61875,221.21,197.25798,227.90489
43.70625,42.63125,214.0,190.73433,221.15799
43.70625,42.64375,177.17,162.7921,189.15755
43.70625,42.65625,196.6,174.2446,199.36914
43.70625,42.66875,201.15,177.98035,203.23566
43.70625,42.68125,205.1,182.52963,207.56554
43.70625,42.69375,215.05,191.99176,216.60744
43.70625,42.70625,246.48,225.29196,256.31723
43.70625,42.71875,214.33,192.58292,216.14157
43.70625,42.73125,211.26,187.93097,212.69527
43.70625,42.74375,186.34,163.2074,189.22559
43.70625,42.75625,164.85,147.02345,169.39796
43.70625,42.76875,173.27,153.4658,176.60146
43.70625,42.78125,142.08,133.80469,155.23677
43.70625,42.79375,161.04,144.99652,166.69897
43.70625,42.80625,172.15,153.04778,175.99524
43.70625,42.81875,174.6,154.59415,179.12242
43.70625,42.83125,194.95,169.89429,196.42056
43.70625,42.84375,159.25,139.10571,164.40541
43.70625,42.85625,171.46,149.23956,174.65448
43.70625,42.86875,175.38,151.49004,176.19672
43.70625,42.88125,173.84,149.3753,174.63171
43.70625,42.89375,166.68,141.69746,168.3855
43.70625,42.90625,170.51,144.99191,172.86736
43.70625,42.91875,181.11,155.29048,183.3387
43.70625,42.93125,149.26,127.727325,153.88377
43.70625,42.94375,179.17,151.66321,181.68672
43.70625,42.95625,163.26,137.57219,166.0795
43.70625,42.96875,159.1,131.82423,162.61249
43.70625,42.98125,145.09,121.06556,150.37311
43.70625,42.99375,152.03,128.64442,148.66634
43.69375,42.00625,211.32,186.05643,214.18784
43.69375,42.01875,201.01,175.89279,201.84865
43.69375,42.03125,194.97,168.85564,194.90334
43.69375,42.04375,191.48,165.86516,194.68489
43.69375,42.05625,177.12,157.165,185.48393
43.69375,42.06875,196.32,171.58269,202.83493
43.69375,42.08125,182.54,157.06456,187.72356
43.69375,42.09375,179.07,154.5759,186.54575
43.69375,42.10625,182.67,157.0902,188.67467
43.69375,42.11875,186.78,161.97455,193.30042
43.69375,42.13125,185.31,162.14365,190.56087
43.69375,42.14375,191.49,170.22,198.97083
43.69375,42.15625,212.43,189.03088,218.08359
43.69375,42.16875,228.57,202.89392,233.78848
43.69375,42.18125,198.9,177.08362,205.55722
43.69375,42.19375,205.69,182.01619,210.85695
43.69375,42.20625,229.57,203.53214,236.46365
43.69375,42.21875,238.92,211.83075,246.9326
43.69375,42.23125,224.39,198.94966,231.92712
43.69375,42.24375,214.89,191.34113,223.49242
43.69375,42.25625,240.71,213.75533,248.29314
43.69375,42.26875,236.45,210.53067,241.61566
43.69375,42.28125,227.46,204.74255,235.64722
43.69375,42.29375,235.97,212.3841,244.79807
43.69375,42.30625,249.76,223.70818,257.89282
43.69375,42.31875,255.94,229.34068,265.63376
43.69375,42.33125,273.65,247.2803,286.75708
43.69375,42.34375,259.12,232.15251,269.2653
43.69375,42.35625,239.64,217.43137,249.22841
43.69375,42.36875,267.05,243.76678,275.86362
43.69375,42.38125,242.78,219.14876,250.91473
43.69375,42.39375,249.31,222.29558,257.12552
43.69375,42.40625,236.75,212.72916,247.27628
43.69375,42.41875,239.17,217.34738,248.46646
43.69375,42.43125,258.93,235.38,263.87735
43.69375,42.44375,280.65,257.73062,290.3083
43.69375,42.45625,294.83,272.28192,306.01398
43.69375,42.46875,276.46,252.80513,283.376
43.69375,42.48125,266.48,239.72908,275.8411
43.69375,42.49375,258.02,231.8097,269.13818
43.69375,42.50625,235.06,211.20103,246.09164
43.69375,42.51875,248.28,220.44429,256.98526
43.69375,42.53125,236.05,211.42285,245.56644
43.69375,42.54375,225.61,203.60464,236.48611
43.69375,42.55625,245.14,218.3743,253.56003
43.69375,42.56875,224.94,201.05707,232.95145
43.69375,42.58125,245.03,218.29948,252.60942
43.69375,42.59375,254.75,228.41147,264.01132
43.69375,42.60625,240.04,213.61218,247.13632
43.69375,42.61875,229.93,203.93123,234.83516
43.69375,42.63125,224.14,198.16951,229.71944
43.69375,42.64375,201.75,178.83725,208.08076
43.69375,42.65625,185.47,167.6336,195.15604
43.69375,42.66875,200.66,179.15572,206.66762
43.69375,42.68125,165.67,152.36632,178.65033
43.69375,42.69375,174.45,160.0575,181.08464
43.69375,42.70625,207.27,182.95027,207.53442
43.69375,42.71875,209.5,186.64717,210.55017
43.69375,42.73125,161.02,146.1047,170.25766
43.69375,42.74375,188.37,167.4264,195.05542
43.69375,42.75625,162.13,144.23201,170.68102
43.69375,42.76875,190.62,168.6629,191.51309
43.69375,42.78125,187.37,169.18704,191.25366
43.69375,42.79375,219.58,196.70506,221.59335
43.69375,42.80625,221.11,195.68869,222.57089
43.69375,42.81875,217.04,191.5405,221.8537
43.69375,42.83125,181.31,160.29807,185.3528
43.69375,42.84375,176.03,154.1943,179.14189
43.69375,42.85625,200.48,173.15686,200.80441
43.69375,42.86875,198.27,171.59242,200.70123
43.69375,42.88125,171.42,149.50893,174.75812
43.69375,42.89375,176.62,151.69215,177.25777
43.69375,42.90625,188.23,161.49467,188.71025
43.69375,42.91875,177.23,152.92125,178.53152
43.69375,42.93125,186.15,159.48708,189.13377
43.69375,42.94375,181.48,153.44481,185.14748
43.69375,42.95625,165.83,139.24977,168.67375
43.69375,42.96875,162.78,137.32619,167.05463
43.69375,42.98125,156.11,132.4311,162.52635
43.69375,42.99375,156.44,134.72058,157.22534
43.68125,42.00625,182.16,159.88077,186.265
43.68125,42.01875,168.01,149.621,174.64767
43.68125,42.03125,159.98,140.61897,166.92903
43.68125,42.04375,187.77,160.76312,190.2204
43.68125,42.05625,206.16,178.5962,211.73134
43.68125,42.06875,194.4,168.7555,196.80756
43.68125,42.08125,179.78,156.05208,184.99115
43.68125,42.09375,185.29,159.03839,192.33603
43.68125,42.10625,187.79,160.18413,193.11336
43.68125,42.11875,175.93,153.16457,181.41309
43.68125,42.13125,201.66,175.82768,205.9355
43.68125,42.14375,217.03,190.64066,221.10866
43.68125,42.15625,212.12,187.77342,215.43758
43.68125,42.16875,214.58,188.17796,217.3072
43.68125,42.18125,186.23,164.5341,193.23402
43.68125,42.19375,195.67,173.81775,201.78064
43.68125,42.20625,207.33,182.82278,212.81377
43.68125,42.21875,196.26,177.18263,206.28546
43.68125,42.23125,217.92,192.18819,222.96541
43.68125,42.24375,207.25,186.95819,217.20541
43.68125,42.25625,216.42,195.67146,225.56317
43.68125,42.26875,229.72,207.34277,239.3451
43.68125,42.28125,259.98,232.7683,269.38965
43.68125,42.29375,258.79,230.96391,265.64032
43.68125,42.30625,268.9,241.87598,278.21533
43.68125,42.31875,274.81,247.57085,287.20898
43.68125,42.33125,274.02,246.34421,285.3555
43.68125,42.34375,264.51,238.26297,274.6745
43.68125,42.35625,264.32,237.62973,273.91266
43.68125,42.36875,277.68,250.4179,287.7815
43.68125,42.38125,268.0,240.45496,277.5096
43.68125,42.39375,250.15,225.02809,259.20767
43.68125,42.40625,250.38,224.43915,260.56287
43.68125,42.41875,254.78,230.10773,266.19833
43.68125,42.43125,268.02,240.41675,277.08737
43.68125,42.44375,281.14,256.24597,288.3047
43.68125,42.45625,289.59,266.43152,300.3405
43.68125,42.46875,269.63,244.0488,275.01974
43.68125,42.48125,256.94,230.82904,265.11142
43.68125,42.49375,239.74,216.30466,251.58861
43.68125,42.50625,257.66,230.55199,268.6023
43.68125,42.51875,248.66,222.60257,258.39078
43.68125,42.53125,254.13,226.19203,262.5863
43.68125,42.54375,256.89,229.569,265.62814
43.68125,42.55625,258.39,230.57465,267.8146
43.68125,42.56875,237.69,213.38773,246.71217
43.68125,42.58125,249.45,222.12161,255.8486
43.68125,42.59375,257.64,231.06747,265.5475
43.68125,42.60625,247.9,221.21996,252.20807
43.68125,42.61875,216.22,194.58748,221.9157
43.68125,42.63125,210.92,188.85384,216.00269
43.68125,42.64375,219.78,196.11885,224.40718
43.68125,42.65625,218.87,196.22366,223.29
43.68125,42.66875,231.83,206.03885,231.9039
43.68125,42.68125,225.75,201.62247,231.6247
43.68125,42.69375,210.79,188.04193,216.79501
43.68125,42.70625,165.09,150.72401,175.59819
43.68125,42.71875,193.82,173.07837,198.37135
43.68125,42.73125,166.36,155.33244,179.73631
43.68125,42.74375,200.29,177.5626,198.77534
43.68125,42.75625,205.86,182.13744,206.16592
43.68125,42.76875,195.15,175.11798,198.75047
43.68125,42.78125,234.44,211.75339,241.01863
43.68125,42.79375,226.66,203.24202,232.9249
43.68125,42.80625,210.51,187.81741,215.19572
43.68125,42.81875,187.54,167.71124,193.45792
43.68125,42.83125,203.88,180.57161,208.8367
43.68125,42.84375,212.97,186.24907,215.55013
43.68125,42.85625,210.56,184.25919,212.53375
43.68125,42.86875,203.87,178.30545,204.32126
43.68125,42.88125,191.08,165.48503,193.99196
43.68125,42.89375,182.16,159.57538,186.29373
43.68125,42.90625,206.66,179.8681,211.49062
43.68125,42.91875,193.45,166.471,196.12498
43.68125,42.93125,172.47,147.28618,176.52864
43.68125,42.94375,161.68,136.8046,166.28027
43.68125,42.95625,172.56,146.57693,176.29031
43.68125,42.96875,177.15,150.24327,180.51263
43.68125,42.98125,172.38,146.08806,176.18735
43.68125,42.99375,162.7,141.15234,164.86191
43.66875,42.00625,168.93,144.87454,171.49255
43.66875,42.01875,175.59,149.90268,178.22124
43.66875,42.03125,167.52,144.24316,170.449
43.66875,42.04375,185.74,160.72943,186.30257
43.66875,42.05625,194.93,168.2337,196.27196
43.66875,42.06875,169.05,148.8735,174.97038
43.66875,42.08125,178.81,154.41656,180.70296
43.66875,42.09375,190.26,161.95633,192.12032
43.66875,42.10625,170.09,146.0157,175.29791
43.66875,42.11875,180.27,157.65746,185.95924
43.66875,42.13125,203.85,177.869,208.17831
43.66875,42.14375,205.56,178.02509,205.32204
43.66875,42.15625,186.35,163.3471,189.29112
43.66875,42.16875,178.0,158.36998,186.8956
43.66875,42.18125,201.45,176.80267,206.69461
43.66875,42.19375,212.64,190.4111,216.53714
43.66875,42.20625,221.85,199.45999,226.8031
43.66875,42.21875,228.95,204.09102,233.04625
43.66875,42.23125,244.4,217.2829,249.1954
43.66875,42.24375,240.25,213.15388,246.33942
43.66875,42.25625,252.48,225.79382,260.3365
43.66875,42.26875,242.71,215.87411,248.55734
43.66875,42.28125,234.17,209.42848,243.35849
43.66875,42.29375,253.62,226.62047,260.82605
43.66875,42.30625,268.64,242.16872,279.005
43.66875,42.31875,246.85,223.47696,258.38538
43.66875,42.33125,267.4,239.33302,277.57184
43.66875,42.34375,272.4,246.33849,283.34378
43.66875,42.35625,280.29,253.09645,290.9048
43.66875,42.36875,276.51,249.26155,285.78458
43.66875,42.38125,255.6,231.11237,264.9953
43.66875,42.39375,237.38,216.57571,249.5484
43.66875,42.40625,264.16,237.07489,273.15253
43.66875,42.41875,257.87,232.05812,267.3606
43.66875,42.43125,250.69,227.74905,262.90573
43.66875,42.44375,270.06,242.98862,277.68982
43.66875,42.45625,280.55,253.85167,291.19336
43.66875,42.46875,273.71,246.58597,282.63138
43.66875,42.48125,259.84,234.09451,268.20825
43.66875,42.49375,264.01,235.8407,271.69827
43.66875,42.50625,245.22,221.2751,255.30302
43.66875,42.51875,262.68,234.48984,271.4314
43.66875,42.53125,260.25,232.15384,269.12085
43.66875,42.54375,260.62,232.57878,269.12366
43.66875,42.55625,256.17,229.20192,265.2832
43.66875,42.56875,254.33,226.93126,263.62012
43.66875,42.58125,236.02,212.04764,245.66597
43.66875,42.59375,264.06,238.55951,273.36652
43.66875,42.60625,247.43,223.00476,253.09718
43.66875,42.61875,207.97,190.28374,216.94518
43.66875,42.63125,242.38,216.95828,247.03014
43.66875,42.64375,249.97,223.50426,256.8144
43.66875,42.65625,247.32,221.37428,252.48389
43.66875,42.66875,234.32,209.54033,238.103
43.66875,42.68125,209.73,185.8447,214.33644
43.66875,42.69375,173.48,158.76439,182.2989
43.66875,42.70625,213.68,189.40361,218.42047
43.66875,42.71875,224.37,199.04443,227.91139
43.66875,42.73125,181.13,168.00482,194.61551
43.66875,42.74375,224.26,200.19669,225.10226
43.66875,42.75625,245.36,222.83087,252.74599
43.66875,42.76875,240.56,218.54622,245.48715
43.66875,42.78125,246.15,220.68709,251.77095
43.66875,42.79375,218.73,198.02342,225.57713
43.66875,42.80625,222.5,199.48277,228.73453
43.66875,42.81875,225.63,200.18607,231.10251
43.66875,42.83125,187.31,171.95645,198.64703
43.66875,42.84375,228.44,201.8513,234.70728
43.66875,42.85625,230.18,203.30675,238.00443
43.66875,42.86875,213.49,186.61998,217.5945
43.66875,42.88125,195.97,171.11775,200.70709
43.66875,42.89375,204.14,179.8983,208.93579
43.66875,42.90625,196.63,170.9503,200.19115
43.66875,42.91875,184.06,158.973,186.94986
43.66875,42.93125,179.26,155.25232,182.09412
43.66875,42.94375,166.71,141.71623,171.24286
43.66875,42.95625,176.38,151.48553,180.52658
43.66875,42.96875,182.74,157.96426,188.43318
43.66875,42.98125,190.03,164.3592,195.86662
43.66875,42.99375,176.16,153.53748,176.70555
43.65625,42.00625,151.35,131.68036,154.5284
43.65625,42.01875,134.07,118.52505,142.8114
43.65625,42.03125,134.28,120.88606,145.39708
43.65625,42.04375,138.86,124.69583,148.53488
43.65625,42.05625,149.09,131.76622,156.76477
43.65625,42.06875,144.73,130.69025,155.58182
43.65625,42.08125,193.93,169.77226,197.6082
43.65625,42.09375,171.72,150.37338,174.89963
43.65625,42.10625,179.8,155.51335,182.08786
43.65625,42.11875,202.4,175.31392,206.19072
43.65625,42.13125,191.92,165.75919,195.58679
43.65625,42.14375,179.3,156.33447,184.99535
43.65625,42.15625,195.87,169.67612,199.4552
43.65625,42.16875,208.09,181.65788,212.11511
43.65625,42.18125,218.15,193.10945,219.56665
43.65625,42.19375,228.14,202.34644,231.61479
43.65625,42.20625,229.89,205.55505,234.92815
43.65625,42.21875,247.41,221.95195,255.42447
43.65625,42.23125,224.8,201.27364,231.46423
43.65625,42.24375,216.62,194.01764,224.36516
43.65625,42.25625,228.54,202.09993,233.47668
43.65625,42.26875,231.67,205.51823,237.55913
43.65625,42.28125,232.08,206.92212,239.16359
43.65625,42.29375,236.61,211.93526,243.1032
43.65625,42.30625,245.11,219.98442,253.23474
43.65625,42.31875,257.56,229.3512,265.4405
43.65625,42.33125,257.66,231.96829,268.715
43.65625,42.34375,274.73,247.21573,283.8863
43.65625,42.35625,271.57,244.51514,280.74072
43.65625,42.36875,282.51,255.20006,292.92914
43.65625,42.38125,270.59,243.44562,279.26913
43.65625,42.39375,278.04,250.12785,288.07312
43.65625,42.40625,261.33,236.66476,271.1912
43.65625,42.41875,264.07,237.64232,273.78183
43.65625,42.43125,270.93,244.10391,281.4058
43.65625,42.44375,279.32,251.56029,289.91843
43.65625,42.45625,280.95,254.28075,293.01773
43.65625,42.46875,282.41,255.0932,293.31537
43.65625,42.48125,281.78,254.52907,293.61172
43.65625,42.49375,265.65,238.97853,275.84396
43.65625,42.50625,266.02,238.16821,275.4229
43.65625,42.51875,272.84,244.91856,282.64304
43.65625,42.53125,256.8,229.88385,267.10306
43.65625,42.54375,265.7,236.99348,276.20895
43.65625,42.55625,260.87,234.68564,271.54834
43.65625,42.56875,253.93,227.33958,262.78165
43.65625,42.58125,250.85,225.03427,259.36133
43.65625,42.59375,228.22,206.57307,237.55579
43.65625,42.60625,232.86,210.74925,240.5152
43.65625,42.61875,241.14,217.61986,248.40054
43.65625,42.63125,257.58,230.7329,263.3313
43.65625,42.64375,242.57,217.14723,248.4715
43.65625,42.65625,203.47,185.4544,209.7433
43.65625,42.66875,189.51,171.73566,194.47302
43.65625,42.68125,196.48,177.27843,201.70892
43.65625,42.69375,198.26,181.82602,205.29446
43.65625,42.70625,228.9,204.175,231.199
43.65625,42.71875,210.45,189.01785,216.07062
43.65625,42.73125,210.46,190.95677,220.18459
43.65625,42.74375,196.63,182.51591,206.78311
43.65625,42.75625,238.48,219.30519,247.9487
43.65625,42.76875,264.51,240.28114,277.64682
43.65625,42.78125,255.38,230.50253,263.26523
43.65625,42.79375,236.87,216.31674,245.73671
43.65625,42.80625,248.43,222.72792,255.69305
43.65625,42.81875,241.62,215.09244,246.30185
43.65625,42.83125,221.0,197.45973,227.34998
43.65625,42.84375,227.88,201.82785,231.93985
43.65625,42.85625,225.97,199.40543,232.76514
43.65625,42.86875,215.08,189.1165,219.85248
43.65625,42.88125,212.21,185.93889,214.17581
43.65625,42.89375,211.41,186.5071,213.78012
43.65625,42.90625,198.46,173.43259,202.28824
43.65625,42.91875,211.5,186.74132,217.1404
43.65625,42.93125,194.57,170.57397,197.45184
43.65625,42.94375,178.1,153.26166,182.11575
43.65625,42.95625,188.09,163.8435,193.61057
43.65625,42.96875,203.33,176.0026,209.36197
43.65625,42.98125,204.44,178.28229,211.04176
43.65625,42.99375,193.41,170.21126,194.52605
43.64375,42.00625,195.84,171.83472,196.84914
43.64375,42.01875,158.63,140.71567,163.84517
43.64375,42.03125,166.8,146.61877,169.82019
43.64375,42.04375,183.13,159.23573,182.56819
43.64375,42.05625,174.5,153.34784,175.82927
43.64375,42.06875,161.36,142.92009,164.7325
43.64375,42.08125,136.93,124.86193,146.63997
43.64375,42.09375,171.45,149.96779,175.4469
43.64375,42.10625,201.68,178.75726,207.0437
43.64375,42.11875,181.47,157.92812,181.82977
43.64375,42.13125,178.19,156.47498,178.40375
43.64375,42.14375,180.81,161.41972,184.80484
43.64375,42.15625,211.19,185.0684,211.62662
43.64375,42.16875,219.37,193.79602,225.67615
43.64375,42.18125,213.98,190.25029,219.50894
43.64375,42.19375,221.68,197.59004,226.53566
43.64375,42.20625,215.4,191.2756,219.46967
43.64375,42.21875,214.81,189.20787,217.68005
43.64375,42.23125,206.11,183.51767,210.33504
43.64375,42.24375,211.14,187.24518,219.09412
43.64375,42.25625,238.15,210.73715,244.62921
43.64375,42.26875,244.74,218.28305,251.39128
43.64375,42.28125,253.16,226.22339,260.59497
43.64375,42.29375,250.66,224.56158,258.01025
43.64375,42.30625,253.42,226.4234,261.6005
43.64375,42.31875,260.95,233.29318,269.77423
43.64375,42.33125,270.38,243.26277,279.47803
43.64375,42.34375,264.0,237.28363,272.71738
43.64375,42.35625,267.47,240.37929,276.91547
43.64375,42.36875,280.22,252.58316,291.8343
43.64375,42.38125,265.51,239.35983,275.95544
43.64375,42.39375,274.66,247.72081,286.51407
43.64375,42.40625,286.19,258.11652,298.5607
43.64375,42.41875,278.47,250.46097,289.5527
43.64375,42.43125,274.23,247.6583,286.4676
43.64375,42.44375,281.64,253.79376,294.0203
43.64375,42.45625,287.15,259.00543,300.3152
43.64375,42.46875,270.55,244.06438,282.0972
43.64375,42.48125,270.66,242.746,280.47043
43.64375,42.49375,281.79,254.05962,294.40985
43.64375,42.50625,267.89,240.7642,278.5868
43.64375,42.51875,277.61,249.5697,289.71326
43.64375,42.53125,270.39,242.01047,280.0577
43.64375,42.54375,249.04,223.26625,260.35358
43.64375,42.55625,267.72,239.29887,277.32452
43.64375,42.56875,269.01,241.62238,279.69604
43.64375,42.58125,242.33,218.89778,252.53008
43.64375,42.59375,234.32,213.65181,245.34204
43.64375,42.60625,270.59,243.75082,278.79956
43.64375,42.61875,265.18,239.12717,274.26526
43.64375,42.63125,248.08,224.89781,255.11491
43.64375,42.64375,229.99,206.89084,232.6088
43.64375,42.65625,196.87,180.38925,205.19072
43.64375,42.66875,200.32,179.92607,207.17892
43.64375,42.68125,215.68,194.86517,219.1104
43.64375,42.69375,225.52,204.82149,231.09459
43.64375,42.70625,250.77,225.99416,258.29453
43.64375,42.71875,229.4,206.96823,236.04907
43.64375,42.73125,235.15,211.43767,238.94908
43.64375,42.74375,231.44,208.51529,236.61758
43.64375,42.75625,235.49,214.86542,242.43802
43.64375,42.76875,265.68,241.37074,275.97845
43.64375,42.78125,264.36,238.74838,271.97385
43.64375,42.79375,262.15,236.28642,269.96338
43.64375,42.80625,251.43,226.49062,263.26743
43.64375,42.81875,249.26,222.49683,256.75455
43.64375,42.83125,239.88,214.39114,247.81665
43.64375,42.84375,242.86,216.07684,251.66705
43.64375,42.85625,234.44,207.48714,239.53784
43.64375,42.86875,216.31,192.96045,220.92546
43.64375,42.88125,230.83,205.53716,233.87657
43.64375,42.89375,223.6,199.80028,227.14917
43.64375,42.90625,209.66,185.73141,212.1051
43.64375,42.91875,206.3,182.87962,211.34096
43.64375,42.93125,186.41,164.13202,191.36511
43.64375,42.94375,192.6,168.86781,197.89554
43.64375,42.95625,210.99,183.27481,216.84276
43.64375,42.96875,207.07,179.88333,212.5158
43.64375,42.98125,198.81,172.17189,207.45479
43.64375,42.99375,206.41,181.03152,212.87668
43.63125,42.00625,203.74,179.18027,209.13524
43.63125,42.01875,208.61,183.16296,210.8503
43.63125,42.03125,192.92,169.45816,195.83952
43.63125,42.04375,177.75,159.20163,184.24713
43.63125,42.05625,219.21,195.39082,224.59915
43.63125,42.06875,202.92,179.23117,201.72066
43.63125,42.08125,198.71,176.06155,202.81546
43.63125,42.09375,144.79,130.84631,154.5314
43.63125,42.10625,152.88,136.39307,160.60318
43.63125,42.11875,190.06,165.80629,190.25961
43.63125,42.13125,219.86,196.47194,223.84775
43.63125,42.14375,234.48,212.75185,243.09894
43.63125,42.15625,218.79,195.18033,221.16202
43.63125,42.16875,199.47,178.48784,205.06744
43.63125,42.18125,214.38,188.60973,217.35756
43.63125,42.19375,202.26,179.02776,206.14136
43.63125,42.20625,200.41,175.30064,205.86784
43.63125,42.21875,194.41,172.39641,202.31996
43.63125,42.23125,218.03,191.5344,224.47293
43.63125,42.24375,229.78,202.60779,236.58502
43.63125,42.25625,230.59,205.91916,238.11421
43.63125,42.26875,238.66,212.57379,245.28278
43.63125,42.28125,252.52,225.75801,260.48883
43.63125,42.29375,252.37,225.19638,258.71365
43.63125,42.30625,257.06,230.05133,265.78668
43.63125,42.31875,265.48,237.86084,274.63074
43.63125,42.33125,257.26,229.67264,265.40274
43.63125,42.34375,247.72,221.17914,256.9153
43.63125,42.35625,257.13,231.44366,265.32907
43.63125,42.36875,244.59,223.42554,258.3875
43.63125,42.38125,261.9,236.1812,272.87943
43.63125,42.39375,274.92,247.68777,286.4144
43.63125,42.40625,283.31,255.10422,296.6609
43.63125,42.41875,277.73,249.42105,290.78955
43.63125,42.43125,279.29,250.90318,292.98218
43.63125,42.44375,282.0,254.1459,297.07434
43.63125,42.45625,279.39,251.76627,291.93503
43.63125,42.46875,263.36,239.4497,276.88638
43.63125,42.48125,259.32,234.79028,271.41293
43.63125,42.49375,253.59,229.0087,265.58664
43.63125,42.50625,253.94,228.33472,264.4076
43.63125,42.51875,266.09,237.74445,275.91388
43.63125,42.53125,267.99,240.34073,277.5398
43.63125,42.54375,259.47,232.18729,269.8329
43.63125,42.55625,248.14,222.2189,257.85077
43.63125,42.56875,248.77,224.1902,257.41602
43.63125,42.58125,265.65,239.64786,272.26688
43.63125,42.59375,270.33,244.292,277.3113
43.63125,42.60625,266.84,240.46718,273.55743
43.63125,42.61875,258.61,233.58246,264.60287
43.63125,42.63125,249.2,225.70863,254.31009
43.63125,42.64375,219.0,196.48715,224.07802
43.63125,42.65625,191.08,174.95206,199.75296
43.63125,42.66875,237.53,212.83585,240.01413
43.63125,42.68125,222.95,201.85065,227.0268
43.63125,42.69375,231.66,210.01045,239.71176
43.63125,42.70625,259.78,234.85239,267.09436
43.63125,42.71875,260.42,236.37589,262.78708
43.63125,42.73125,250.24,229.65495,257.09033
43.63125,42.74375,259.79,243.12817,269.6159
43.63125,42.75625,250.05,234.09396,261.31613
43.63125,42.76875,280.53,256.7611,289.9246
43.63125,42.78125,274.48,250.14601,287.52838
43.63125,42.79375,270.84,245.90182,281.03616
43.63125,42.80625,266.57,241.98903,276.449
43.63125,42.81875,263.36,238.39095,271.84222
43.63125,42.83125,251.63,226.10205,261.58133
43.63125,42.84375,248.98,222.36179,258.64252
43.63125,42.85625,247.73,221.08426,256.18555
43.63125,42.86875,239.48,213.82281,245.67688
43.63125,42.88125,252.77,230.1179,262.1679
43.63125,42.89375,252.31,228.29993,259.70908
43.63125,42.90625,233.78,210.91692,240.78058
43.63125,42.91875,226.92,204.32188,231.33028
43.63125,42.93125,202.73,182.39218,209.18369
43.63125,42.94375,214.18,188.19905,217.08606
43.63125,42.95625,216.74,189.18039,221.12909
43.63125,42.96875,212.06,184.29305,219.84035
43.63125,42.98125,209.46,182.14441,218.41719
43.63125,42.99375,213.9,188.22697,220.77113
43.61875,42.00625,179.78,159.89313,187.19946
43.61875,42.01875,206.91,182.09174,210.37549
43.61875,42.03125,224.45,198.15344,226.87872
43.61875,42.04375,213.15,187.95358,215.36967
43.61875,42.05625,206.7,184.41573,210.18108
43.61875,42.06875,219.35,196.55055,223.15952
43.61875,42.08125,195.04,172.50594,195.15031
43.61875,42.09375,163.45,144.69998,169.34576
43.61875,42.10625,162.44,145.04124,168.80612
43.61875,42.11875,173.78,151.41795,173.81639
43.61875,42.13125,179.88,159.59592,180.13202
43.61875,42.14375,196.37,175.6484,197.54967
43.61875,42.15625,206.32,182.38531,205.96127
43.61875,42.16875,195.44,173.27109,196.60455
43.61875,42.18125,182.12,161.00691,188.13396
43.61875,42.19375,182.27,161.12071,190.8601
43.61875,42.20625,181.25,161.16748,191.33955
43.61875,42.21875,199.13,175.06938,206.31645
43.61875,42.23125,205.51,180.95512,212.71216
43.61875,42.24375,204.26,181.53822,211.73169
43.61875,42.25625,213.17,188.77698,221.19722
43.61875,42.26875,222.08,197.25278,228.92728
43.61875,42.28125,219.63,197.07164,228.15315
43.61875,42.29375,233.5,208.96246,241.66022
43.61875,42.30625,231.7,208.71416,241.53474
43.61875,42.31875,246.01,219.06606,253.3706
43.61875,42.33125,240.26,214.54172,249.43842
43.61875,42.34375,262.6,235.12735,272.42014
43.61875,42.35625,262.48,235.23674,271.79965
43.61875,42.36875,274.06,246.01297,284.25125
43.61875,42.38125,276.39,247.89606,286.47192
43.61875,42.39375,263.61,238.18169,276.24048
43.61875,42.40625,274.68,246.79904,286.55887
43.61875,42.41875,277.43,248.94936,291.36475
43.61875,42.43125,281.72,253.10231,297.07544
43.61875,42.44375,280.12,251.75478,293.80362
43.61875,42.45625,285.67,257.1602,298.0321
43.61875,42.46875,286.32,257.81796,298.6127
43.61875,42.48125,283.5,254.94029,295.02264
43.61875,42.49375,282.6,254.0241,293.69217
43.61875,42.50625,265.31,238.4137,275.96506
43.61875,42.51875,251.25,225.71211,260.91495
43.61875,42.53125,258.92,231.49948,267.07684
43.61875,42.54375,256.37,229.22235,264.74365
43.61875,42.55625,264.1,235.5841,271.16345
43.61875,42.56875,257.25,232.48167,265.67392
43.61875,42.58125,275.86,250.08533,286.3048
43.61875,42.59375,288.96,263.3233,302.56482
43.61875,42.60625,264.9,241.73717,273.57437
43.61875,42.61875,263.52,240.18501,271.4981
43.61875,42.63125,230.05,207.61128,233.85883
43.61875,42.64375,180.29,173.44643,199.78644
43.61875,42.65625,241.03,217.79602,248.61491
43.61875,42.66875,253.84,229.11618,258.13535
43.61875,42.68125,263.59,237.62503,271.10834
43.61875,42.69375,252.75,227.58167,259.56696
43.61875,42.70625,247.15,224.89261,256.4276
43.61875,42.71875,271.06,249.32065,280.53433
43.61875,42.73125,301.52,281.2686,317.4416
43.61875,42.74375,297.96,275.0624,309.7238
43.61875,42.75625,290.31,266.6056,301.71478
43.61875,42.76875,293.54,269.32193,306.05722
43.61875,42.78125,292.63,270.0786,308.64487
43.61875,42.79375,291.64,267.96817,306.64496
43.61875,42.80625,281.9,258.2578,296.04996
43.61875,42.81875,273.15,249.46721,284.94287
43.61875,42.83125,254.93,231.15887,264.66882
43.61875,42.84375,243.44,221.2285,252.13977
43.61875,42.85625,240.34,217.83163,243.691
43.61875,42.86875,238.23,216.98419,242.44179
43.61875,42.88125,240.68,219.01917,245.5156
43.61875,42.89375,242.82,219.27017,245.68365
43.61875,42.90625,254.14,230.60872,261.83786
43.61875,42.91875,246.32,221.22685,252.71117
43.61875,42.93125,241.08,215.03386,249.63712
43.61875,42.94375,235.34,208.79704,243.78246
43.61875,42.95625,227.23,199.92825,234.69827
43.61875,42.96875,219.67,192.28386,227.7995
43.61875,42.98125,214.23,187.26927,224.62556
43.61875,42.99375,214.1,188.9852,221.60303
43.60625,42.00625,210.06,185.39983,213.52751
43.60625,42.01875,194.07,173.17026,198.83795
43.60625,42.03125,216.91,193.72266,219.2323
43.60625,42.04375,239.76,215.72327,245.47633
43.60625,42.05625,235.59,210.92757,239.6727
43.60625,42.06875,230.55,209.91922,237.19795
43.60625,42.08125,188.56,166.97215,190.02312
43.60625,42.09375,162.0,145.41167,168.15302
43.60625,42.10625,200.03,177.4429,200.72836
43.60625,42.11875,157.59,143.22487,162.36447
43.60625,42.13125,182.06,160.65271,184.54324
43.60625,42.14375,185.37,165.78246,186.79616
43.60625,42.15625,198.16,177.52087,201.04648
43.60625,42.16875,214.06,192.71155,217.6212
43.60625,42.18125,220.18,194.92607,223.48608
43.60625,42.19375,203.85,180.46759,206.90974
43.60625,42.20625,196.23,175.62616,201.7405
43.60625,42.21875,205.95,182.46399,209.82047
43.60625,42.23125,218.65,193.31741,223.1575
43.60625,42.24375,211.11,188.96779,218.33711
43.60625,42.25625,221.57,198.08105,228.02309
43.60625,42.26875,227.49,202.19312,232.77667
43.60625,42.28125,230.74,204.83327,236.1197
43.60625,42.29375,226.1,201.69637,232.78181
43.60625,42.30625,240.46,213.71672,247.62088
43.60625,42.31875,244.51,219.032,252.73029
43.60625,42.33125,259.45,231.03705,266.29898
43.60625,42.34375,258.03,230.32832,266.95474
43.60625,42.35625,271.06,243.32251,282.2469
43.60625,42.36875,277.39,249.54968,288.9561
43.60625,42.38125,256.35,230.75662,269.12967
43.60625,42.39375,269.13,242.34741,281.63852
43.60625,42.40625,275.37,246.85002,287.83392
43.60625,42.41875,274.84,246.11813,288.38956
43.60625,42.43125,278.54,249.8668,292.39032
43.60625,42.44375,274.26,247.14767,287.60242
43.60625,42.45625,286.32,257.79138,300.80505
43.60625,42.46875,274.9,247.96004,287.47012
43.60625,42.48125,265.71,239.98553,277.54575
43.60625,42.49375,255.64,231.60948,267.74164
43.60625,42.50625,262.23,236.09973,272.61377
43.60625,42.51875,276.46,249.06114,286.79083
43.60625,42.53125,269.44,243.45303,279.41974
43.60625,42.54375,268.98,241.50645,278.57162
43.60625,42.55625,270.39,242.9805,280.4009
43.60625,42.56875,281.64,254.8062,291.0406
43.60625,42.58125,249.48,228.82405,259.8357
43.60625,42.59375,278.5,253.07602,288.4085
43.60625,42.60625,270.39,245.51398,275.6754
43.60625,42.61875,257.41,231.1806,260.47827
43.60625,42.63125,235.76,211.77448,240.0614
43.60625,42.64375,189.43,177.07617,203.70772
43.60625,42.65625,210.17,191.43353,217.12067
43.60625,42.66875,217.11,201.01547,228.6718
43.60625,42.68125,249.26,224.77371,257.5482
43.60625,42.69375,251.83,227.63791,259.7433
43.60625,42.70625,264.98,240.84984,272.42236
43.60625,42.71875,278.96,259.26895,289.49487
43.60625,42.73125,312.34,292.1954,329.0497
43.60625,42.74375,306.78,284.23465,323.79257
43.60625,42.75625,296.36,273.53967,311.5089
43.60625,42.76875,279.94,259.48572,295.29886
43.60625,42.78125,279.05,258.0787,291.10635
43.60625,42.79375,284.11,260.52124,292.31317
43.60625,42.80625,282.3,258.15692,291.20752
43.60625,42.81875,283.2,259.8888,292.7282
43.60625,42.83125,276.95,253.12819,284.1193
43.60625,42.84375,273.7,250.36461,286.94556
43.60625,42.85625,254.96,232.08353,259.9685
43.60625,42.86875,217.76,199.09262,223.63272
43.60625,42.88125,177.62,166.57951,189.81868
43.60625,42.89375,187.85,173.35431,196.51254
43.60625,42.90625,212.3,196.20099,219.95152
43.60625,42.91875,213.1,192.65587,217.95746
43.60625,42.93125,211.46,188.45084,215.30833
43.60625,42.94375,208.61,185.75317,212.49579
43.60625,42.95625,215.01,192.02875,217.76193
43.60625,42.96875,209.8,186.6446,212.99162
43.60625,42.98125,220.45,194.54964,225.57281
43.60625,42.99375,212.92,188.22493,216.68936
43.59375,42.00625,203.42,181.14981,210.11366
43.59375,42.01875,237.87,213.58359,246.84198
43.59375,42.03125,217.29,193.76273,220.60655
43.59375,42.04375,240.09,216.2,246.90579
43.59375,42.05625,249.67,226.07787,257.15125
43.59375,42.06875,198.86,181.61783,205.72778
43.59375,42.08125,176.22,161.38214,182.41206
43.59375,42.09375,168.64,152.4637,175.29868
43.59375,42.10625,213.11,191.74683,215.97617
43.59375,42.11875,218.44,197.86899,221.2028
43.59375,42.13125,164.26,148.1235,169.27223
43.59375,42.14375,153.88,142.04054,162.59343
43.59375,42.15625,192.64,174.33037,196.56403
43.59375,42.16875,209.68,186.93193,210.29965
43.59375,42.18125,225.94,201.39482,230.58401
43.59375,42.19375,237.19,212.40355,243.40164
43.59375,42.20625,227.28,203.46194,232.82494
43.59375,42.21875,239.01,213.35516,244.24792
43.59375,42.23125,249.71,223.54828,257.2917
43.59375,42.24375,248.79,222.90317,255.07889
43.59375,42.25625,240.91,217.45645,247.9551
43.59375,42.26875,258.85,232.4413,267.36493
43.59375,42.28125,244.33,219.18988,252.29262
43.59375,42.29375,238.8,215.65633,248.74478
43.59375,42.30625,260.81,234.30693,269.99423
43.59375,42.31875,249.07,223.66008,259.50537
43.59375,42.33125,258.58,231.21658,268.4383
43.59375,42.34375,257.23,229.83928,266.50916
43.59375,42.35625,263.83,237.34335,273.96036
43.59375,42.36875,266.65,238.43759,276.74142
43.59375,42.38125,263.77,236.1924,274.25644
43.59375,42.39375,271.61,243.86745,282.4268
43.59375,42.40625,264.12,237.75517,277.05963
43.59375,42.41875,277.38,248.53848,290.2682
43.59375,42.43125,278.65,249.93808,292.08276
43.59375,42.44375,281.02,252.35571,294.13934
43.59375,42.45625,278.2,250.91237,292.22247
43.59375,42.46875,282.82,254.59337,295.51407
43.59375,42.48125,274.22,247.1769,285.35345
43.59375,42.49375,279.74,251.69432,291.1872
43.59375,42.50625,264.26,238.40982,274.82764
43.59375,42.51875,266.74,239.29364,275.50232
43.59375,42.53125,257.93,233.72287,267.07788
43.59375,42.54375,280.26,253.43407,289.78677
43.59375,42.55625,251.19,228.8969,261.84003
43.59375,42.56875,268.48,242.42757,277.2064
43.59375,42.58125,235.72,215.53926,246.69244
43.59375,42.59375,266.03,240.55563,273.5801
43.59375,42.60625,238.71,215.95412,242.52374
43.59375,42.61875,227.23,204.60385,232.91492
43.59375,42.63125,211.33,194.66203,221.64957
43.59375,42.64375,239.37,215.62622,244.09651
43.59375,42.65625,247.59,223.66887,251.93015
43.59375,42.66875,255.35,230.88524,260.7924
43.59375,42.68125,253.88,229.30968,261.6903
43.59375,42.69375,245.96,223.9991,256.9857
43.59375,42.70625,276.98,252.35527,286.93484
43.59375,42.71875,292.26,278.85062,310.22998
43.59375,42.73125,320.48,300.7621,337.47116
43.59375,42.74375,318.08,296.02402,336.09143
43.59375,42.75625,313.8,291.22818,329.32434
43.59375,42.76875,305.1,282.06778,320.39273
43.59375,42.78125,299.67,278.06885,312.782
43.59375,42.79375,251.97,236.06213,263.749
43.59375,42.80625,234.43,218.37956,242.07129
43.59375,42.81875,217.19,204.64513,230.04616
43.59375,42.83125,240.32,225.10948,248.72372
43.59375,42.84375,261.13,240.15036,266.06116
43.59375,42.85625,231.74,216.59897,238.30135
43.59375,42.86875,185.23,174.1746,196.43115
43.59375,42.88125,203.74,184.72864,207.73306
43.59375,42.89375,207.57,187.55244,210.89178
43.59375,42.90625,196.09,176.63625,201.35928
43.59375,42.91875,187.58,170.99306,196.61389
43.59375,42.93125,189.06,171.7068,195.70172
43.59375,42.94375,176.76,160.25446,185.41959
43.59375,42.95625,162.45,150.00043,173.41608
43.59375,42.96875,144.61,141.98053,161.66896
43.59375,42.98125,177.21,156.88371,181.29356
43.59375,42.99375,167.2,150.27922,172.38345
43.58125,42.00625,203.69,184.21815,213.22856
43.58125,42.01875,228.87,205.5154,236.00578
43.58125,42.03125,247.85,221.0496,255.23828
43.58125,42.04375,242.15,216.54915,249.74399
43.58125,42.05625,252.23,226.74881,259.19092
43.58125,42.06875,233.6,209.58273,237.2156
43.58125,42.08125,204.51,182.88837,207.82166
43.58125,42.09375,173.57,156.96005,178.81621
43.58125,42.10625,221.6,199.92255,222.9344
43.58125,42.11875,224.04,204.56604,229.40623
43.58125,42.13125,179.19,160.17044,182.83002
43.58125,42.14375,190.7,169.40012,197.89687
43.58125,42.15625,164.43,150.41948,172.98376
43.58125,42.16875,195.01,175.23679,196.60342
43.58125,42.18125,231.5,208.89943,235.38458
43.58125,42.19375,238.99,213.27304,241.11758
43.58125,42.20625,248.71,222.68416,258.05646
43.58125,42.21875,256.49,229.22058,265.61072
43.58125,42.23125,246.19,219.44547,253.75967
43.58125,42.24375,244.83,217.91473,250.61583
43.58125,42.25625,243.98,220.69464,253.53723
43.58125,42.26875,258.47,232.46707,268.857
43.58125,42.28125,268.59,240.61069,277.19092
43.58125,42.29375,267.92,239.3689,277.93506
43.58125,42.30625,262.35,235.3708,273.19778
43.58125,42.31875,259.41,231.29904,268.73083
43.58125,42.33125,240.38,214.34778,250.54074
43.58125,42.34375,246.93,220.82948,257.90118
43.58125,42.35625,266.1,238.46451,276.9953
43.58125,42.36875,249.45,223.6173,260.92047
43.58125,42.38125,253.07,227.76619,264.94363
43.58125,42.39375,268.86,241.13148,279.7028
43.58125,42.40625,282.8,254.20741,295.9432
43.58125,42.41875,271.64,244.22638,283.8931
43.58125,42.43125,268.1,240.76022,281.3075
43.58125,42.44375,270.84,243.1802,284.2079
43.58125,42.45625,270.94,244.61133,284.70834
43.58125,42.46875,272.56,245.67929,285.1746
43.58125,42.48125,264.4,238.15727,276.59592
43.58125,42.49375,264.47,238.20512,274.84073
43.58125,42.50625,264.56,237.80098,274.29968
43.58125,42.51875,244.98,221.42711,255.66966
43.58125,42.53125,238.17,217.01224,249.80864
43.58125,42.54375,264.29,237.90788,272.46024
43.58125,42.55625,241.96,218.31429,250.85065
43.58125,42.56875,240.83,216.43178,248.12099
43.58125,42.58125,247.53,222.43176,255.62405
43.58125,42.59375,237.26,213.68979,242.9869
43.58125,42.60625,229.07,206.151,235.10486
43.58125,42.61875,231.8,209.30524,237.53203
43.58125,42.63125,242.41,218.44412,247.99207
43.58125,42.64375,239.26,218.55052,246.21832
43.58125,42.65625,267.43,241.46727,274.25253
43.58125,42.66875,260.84,237.12286,270.1872
43.58125,42.68125,271.25,245.52487,279.48645
43.58125,42.69375,256.87,233.55096,267.05304
43.58125,42.70625,261.99,238.95705,270.0098
43.58125,42.71875,275.41,254.84976,285.4259
43.58125,42.73125,313.01,298.13632,332.1073
43.58125,42.74375,327.57,307.60248,350.23224
43.58125,42.75625,314.43,293.04776,331.9433
43.58125,42.76875,309.53,287.54562,325.13397
43.58125,42.78125,290.02,269.274,300.2596
43.58125,42.79375,305.76,287.9573,320.60852
43.58125,42.80625,265.93,249.24052,272.58838
43.58125,42.81875,255.38,234.45934,257.62888
43.58125,42.83125,219.32,202.51529,228.56473
43.58125,42.84375,213.92,197.024,220.35693
43.58125,42.85625,178.08,171.83235,192.97064
43.58125,42.86875,218.16,201.67079,225.25206
43.58125,42.88125,259.15,239.88396,267.2751
43.58125,42.89375,248.67,226.44261,256.32986
43.58125,42.90625,227.47,206.45018,232.00526
43.58125,42.91875,240.94,216.95367,246.026
43.58125,42.93125,231.88,207.79823,235.85345
43.58125,42.94375,219.87,195.97937,223.3203
43.58125,42.95625,226.83,202.17743,230.24173
43.58125,42.96875,205.5,182.13094,206.77667
43.58125,42.98125,199.6,177.24216,202.05086
43.58125,42.99375,192.02,172.67943,196.48444
43.56875,42.00625,247.76,222.627,257.00903
43.56875,42.01875,217.55,198.4443,228.14505
43.56875,42.03125,255.5,229.65012,263.6995
43.56875,42.04375,259.86,234.1193,270.8755
43.56875,42.05625,255.27,231.37291,260.62222
43.56875,42.06875,221.96,200.56738,225.90402
43.56875,42.08125,170.73,157.2461,181.79144
43.56875,42.09375,196.73,176.46735,199.90262
43.56875,42.10625,232.57,211.28021,236.73584
43.56875,42.11875,222.26,202.1059,225.66957
43.56875,42.13125,162.07,149.06656,169.72415
43.56875,42.14375,173.52,156.71867,181.5856
43.56875,42.15625,191.6,170.20343,196.179
43.56875,42.16875,161.09,146.39268,169.31046
43.56875,42.18125,206.34,183.82988,209.96237
43.56875,42.19375,238.74,215.25414,242.52289
43.56875,42.20625,232.66,212.08025,241.1174
43.56875,42.21875,254.04,228.25984,261.44336
43.56875,42.23125,224.45,202.53629,231.66377
43.56875,42.24375,234.24,211.42188,241.0716
43.56875,42.25625,256.53,229.19,264.01035
43.56875,42.26875,273.11,245.92924,284.29102
43.56875,42.28125,260.38,233.21176,271.99713
43.56875,42.29375,269.05,241.10109,278.3297
43.56875,42.30625,255.26,228.77588,262.06494
43.56875,42.31875,240.23,213.85078,247.7011
43.56875,42.33125,242.52,215.99654,251.01312
43.56875,42.34375,264.76,236.83725,275.21558
43.56875,42.35625,267.05,239.03055,277.15518
43.56875,42.36875,243.47,219.63715,255.7815
43.56875,42.38125,266.67,238.51183,277.82547
43.56875,42.39375,275.03,246.66847,286.53333
43.56875,42.40625,265.69,239.07333,276.8838
43.56875,42.41875,275.15,246.99919,286.45123
43.56875,42.43125,282.61,254.37933,294.20886
43.56875,42.44375,281.74,253.44778,293.86697
43.56875,42.45625,275.37,248.39781,287.2979
43.56875,42.46875,282.83,254.5133,294.08124
43.56875,42.48125,269.1,242.42012,278.2998
43.56875,42.49375,257.71,231.97258,269.33292
43.56875,42.50625,270.31,242.95673,279.17505
43.56875,42.51875,283.15,256.28058,292.71658
43.56875,42.53125,268.44,240.81305,276.32715
43.56875,42.54375,258.22,231.74811,266.8251
43.56875,42.55625,256.94,231.05132,265.06253
43.56875,42.56875,253.36,228.81879,261.33875
43.56875,42.58125,249.09,225.19383,255.3225
43.56875,42.59375,257.99,232.45335,267.51825
43.56875,42.60625,204.04,192.84622,220.29147
43.56875,42.61875,250.95,226.26686,257.20117
43.56875,42.63125,269.33,243.23035,278.17084
43.56875,42.64375,264.81,239.21945,272.95465
43.56875,42.65625,281.91,255.47778,290.91153
43.56875,42.66875,283.36,256.59805,295.0343
43.56875,42.68125,285.03,257.87137,295.5827
43.56875,42.69375,271.53,245.79608,283.4185
43.56875,42.70625,271.8,246.16199,283.44522
43.56875,42.71875,279.43,255.55638,286.73508
43.56875,42.73125,301.61,280.33356,315.73566
43.56875,42.74375,325.83,308.84454,346.9336
43.56875,42.75625,319.8,300.46732,336.60956
43.56875,42.76875,313.52,293.40344,327.2939
43.56875,42.78125,308.77,289.9031,321.2778
43.56875,42.79375,311.39,298.59152,333.18002
43.56875,42.80625,279.69,265.0355,289.52524
43.56875,42.81875,251.47,230.40416,253.19107
43.56875,42.83125,220.37,202.99532,228.95804
43.56875,42.84375,202.49,186.28346,214.18713
43.56875,42.85625,203.13,190.5832,210.15436
43.56875,42.86875,262.11,245.31593,268.66415
43.56875,42.88125,275.75,253.35498,284.53186
43.56875,42.89375,265.13,241.10576,272.62503
43.56875,42.90625,257.78,233.25279,265.71548
43.56875,42.91875,250.98,226.60335,260.64362
43.56875,42.93125,243.52,218.74283,251.98497
43.56875,42.94375,230.67,206.95042,238.30005
43.56875,42.95625,233.66,208.22357,238.28656
43.56875,42.96875,219.44,196.32079,225.23323
43.56875,42.98125,229.92,207.12402,236.22717
43.56875,42.99375,210.0,188.6094,216.20404
43.55625,42.00625,253.99,228.18813,261.56082
43.55625,42.01875,247.8,223.70337,255.66547
43.55625,42.03125,249.88,225.3113,256.38812
43.55625,42.04375,256.53,232.62312,263.31082
43.55625,42.05625,231.97,208.5057,234.67426
43.55625,42.06875,187.59,170.82106,193.51202
43.55625,42.08125,172.6,158.49059,182.91757
43.55625,42.09375,212.62,190.35895,215.49275
43.55625,42.10625,237.26,214.79814,242.67892
43.55625,42.11875,192.59,173.03712,194.6234
43.55625,42.13125,152.14,139.2234,161.91917
43.55625,42.14375,181.14,161.2428,185.63959
43.55625,42.15625,211.26,189.66534,215.27467
43.55625,42.16875,186.74,167.5345,193.08731
43.55625,42.18125,179.29,162.72313,185.38342
43.55625,42.19375,213.65,194.32938,218.99698
43.55625,42.20625,201.08,183.25403,207.26566
43.55625,42.21875,219.04,196.21217,222.60834
43.55625,42.23125,208.56,189.85976,216.47926
43.55625,42.24375,251.28,225.85103,257.71585
43.55625,42.25625,265.25,238.16591,273.60812
43.55625,42.26875,259.32,232.9239,270.55777
43.55625,42.28125,252.39,226.30171,262.3572
43.55625,42.29375,269.18,242.43938,275.95023
43.55625,42.30625,245.02,218.48126,250.64728
43.55625,42.31875,221.47,200.84822,233.19658
43.55625,42.33125,253.86,227.284,263.0334
43.55625,42.34375,247.7,222.37328,256.44336
43.55625,42.35625,239.41,216.24336,249.97414
43.55625,42.36875,251.65,226.5686,262.0965
43.55625,42.38125,272.05,243.82324,283.20755
43.55625,42.39375,248.79,227.29109,263.9032
43.55625,42.40625,273.37,245.23567,283.28888
43.55625,42.41875,279.48,251.84221,290.16013
43.55625,42.43125,283.49,256.67184,296.2354
43.55625,42.44375,284.61,257.80148,298.85547
43.55625,42.45625,288.37,260.7254,301.82938
43.55625,42.46875,293.05,265.14755,305.50458
43.55625,42.48125,278.97,251.3598,289.2758
43.55625,42.49375,277.28,249.3639,287.95587
43.55625,42.50625,280.83,253.86588,290.18744
43.55625,42.51875,281.72,255.71718,291.79193
43.55625,42.53125,277.9,250.44229,285.76715
43.55625,42.54375,233.82,216.39154,249.90846
43.55625,42.55625,265.98,240.89493,274.76154
43.55625,42.56875,282.2,255.76343,292.72214
43.55625,42.58125,264.04,238.90575,270.84082
43.55625,42.59375,253.69,229.69124,261.99115
43.55625,42.60625,239.57,217.2987,247.10428
43.55625,42.61875,268.06,241.87753,273.3775
43.55625,42.63125,268.91,243.70023,279.71686
43.55625,42.64375,277.31,251.49,288.42868
43.55625,42.65625,289.36,262.03696,302.39368
43.55625,42.66875,290.43,262.43597,303.91885
43.55625,42.68125,286.03,258.19177,299.15112
43.55625,42.69375,283.49,255.75012,296.01456
43.55625,42.70625,283.39,255.20172,297.09875
43.55625,42.71875,276.37,251.43283,287.54208
43.55625,42.73125,282.64,258.39404,286.99573
43.55625,42.74375,285.44,261.97067,291.97208
43.55625,42.75625,287.43,265.4999,296.4551
43.55625,42.76875,274.29,255.9735,280.98462
43.55625,42.78125,261.55,243.66322,268.36035
43.55625,42.79375,246.56,229.09175,251.83408
43.55625,42.80625,248.88,227.07465,248.2209
43.55625,42.81875,230.69,210.04193,235.52634
43.55625,42.83125,218.0,197.8241,229.0725
43.55625,42.84375,237.8,214.84996,244.98477
43.55625,42.85625,225.68,209.02193,228.96806
43.55625,42.86875,279.17,264.15372,291.11163
43.55625,42.88125,286.54,264.7299,300.33502
43.55625,42.89375,282.84,258.996,295.263
43.55625,42.90625,272.29,248.35571,284.33417
43.55625,42.91875,263.21,239.28311,273.25848
43.55625,42.93125,256.28,231.56279,262.80737
43.55625,42.94375,257.54,232.19408,263.81354
43.55625,42.95625,252.73,228.8602,261.8154
43.55625,42.96875,228.21,204.4904,233.47873
43.55625,42.98125,206.67,184.55098,210.63
43.55625,42.99375,202.03,184.8948,210.57932
43.54375,42.00625,255.61,230.75272,264.28094
43.54375,42.01875,265.83,240.95386,274.34845
43.54375,42.03125,261.76,240.58093,269.7212
43.54375,42.04375,204.81,190.28378,213.53366
43.54375,42.05625,195.26,178.40182,202.62378
43.54375,42.06875,182.91,168.12344,191.82071
43.54375,42.08125,217.06,195.09602,220.19456
43.54375,42.09375,238.79,216.6501,242.1125
43.54375,42.10625,232.59,212.51167,238.97932
43.54375,42.11875,179.05,162.39516,186.91231
43.54375,42.13125,151.3,138.28506,167.36084
43.54375,42.14375,191.04,168.45299,193.36847
43.54375,42.15625,221.6,199.57426,227.75545
43.54375,42.16875,223.51,198.76305,226.26595
43.54375,42.18125,202.98,183.4497,207.99747
43.54375,42.19375,189.64,171.85579,196.61385
43.54375,42.20625,197.05,177.6075,204.52274
43.54375,42.21875,221.63,198.59595,223.94316
43.54375,42.23125,245.51,222.78,253.90211
43.54375,42.24375,253.77,227.94739,259.81995
43.54375,42.25625,254.05,226.71118,262.87125
43.54375,42.26875,261.52,234.43806,269.5769
43.54375,42.28125,256.84,229.94208,260.91446
43.54375,42.29375,244.36,218.2626,249.80992
43.54375,42.30625,212.3,193.96931,222.06212
43.54375,42.31875,244.63,218.69537,253.21649
43.54375,42.33125,236.12,213.5869,246.22006
43.54375,42.34375,243.59,218.99197,252.00336
43.54375,42.35625,235.76,213.06705,247.0722
43.54375,42.36875,240.43,217.70364,250.6285
43.54375,42.38125,260.73,236.084,270.09848
43.54375,42.39375,271.53,244.58775,281.59305
43.54375,42.40625,270.56,243.59692,280.6705
43.54375,42.41875,273.0,246.7123,286.44482
43.54375,42.43125,288.15,260.2922,302.5702
43.54375,42.44375,291.0,263.06323,306.11896
43.54375,42.45625,291.0,262.88596,305.57373
43.54375,42.46875,289.76,261.81088,303.0718
43.54375,42.48125,273.56,247.02672,286.62286
43.54375,42.49375,273.53,246.43965,284.3677
43.54375,42.50625,288.46,261.47897,299.97403
43.54375,42.51875,279.6,254.50914,289.23785
43.54375,42.53125,250.87,229.04385,260.49213
43.54375,42.54375,254.51,231.51021,265.48248
43.54375,42.55625,280.12,253.0709,288.70032
43.54375,42.56875,277.24,253.23878,285.1642
43.54375,42.58125,243.08,223.81596,252.6884
43.54375,42.59375,219.89,204.23851,233.8516
43.54375,42.60625,253.61,231.1491,261.8544
43.54375,42.61875,260.26,235.95015,269.33377
43.54375,42.63125,253.82,231.56488,266.9301
43.54375,42.64375,264.9,239.91646,275.67822
43.54375,42.65625,276.65,252.104,289.49805
43.54375,42.66875,294.46,267.02713,308.39258
43.54375,42.68125,291.2,263.40024,304.8762
43.54375,42.69375,286.27,258.3692,300.46155
43.54375,42.70625,279.89,253.05673,292.63428
43.54375,42.71875,285.38,257.92,299.17007
43.54375,42.73125,274.03,248.19867,286.61877
43.54375,42.74375,257.37,234.67596,269.15405
43.54375,42.75625,263.82,240.56526,273.26794
43.54375,42.76875,258.11,235.91774,268.52625
43.54375,42.78125,243.16,224.69713,255.2844
43.54375,42.79375,242.73,220.91074,252.26529
43.54375,42.80625,232.75,211.35596,241.04788
43.54375,42.81875,243.09,220.1551,254.07402
43.54375,42.83125,242.85,219.14381,253.21481
43.54375,42.84375,251.92,227.9533,260.95355
43.54375,42.85625,262.76,242.592,268.8946
43.54375,42.86875,301.65,283.7159,313.44397
43.54375,42.88125,292.87,271.10715,307.39734
43.54375,42.89375,290.2,268.32227,302.89874
43.54375,42.90625,282.12,259.93576,293.46228
43.54375,42.91875,271.66,249.79909,279.49036
43.54375,42.93125,234.43,215.90276,245.7599
43.54375,42.94375,207.31,193.33298,220.71892
43.54375,42.95625,215.39,195.88641,222.38927
43.54375,42.96875,222.52,204.22716,227.56294
43.54375,42.98125,226.99,204.78625,231.06602
43.54375,42.99375,227.54,204.42418,234.39867
43.53125,42.00625,238.63,218.0409,246.41249
43.53125,42.01875,221.73,204.23419,229.65463
43.53125,42.03125,224.87,204.34094,230.05136
43.53125,42.04375,173.62,168.06264,189.31026
43.53125,42.05625,220.23,200.82025,223.53976
43.53125,42.06875,243.7,222.71477,248.93811
43.53125,42.08125,242.06,219.79257,244.3833
43.53125,42.09375,245.87,224.8278,252.96289
43.53125,42.10625,212.87,193.20827,215.31793
43.53125,42.11875,174.84,156.6794,180.75447
43.53125,42.13125,165.84,150.54472,174.39294
43.53125,42.14375,175.82,161.54639,182.84499
43.53125,42.15625,194.14,178.00092,203.7254
43.53125,42.16875,234.98,212.14821,240.50897
43.53125,42.18125,236.25,212.40755,241.43
43.53125,42.19375,207.34,189.29567,213.51926
43.53125,42.20625,186.93,169.34306,196.79791
43.53125,42.21875,206.16,185.17949,210.89194
43.53125,42.23125,210.17,189.78482,217.19179
43.53125,42.24375,234.37,211.00146,241.26866
43.53125,42.25625,243.08,218.88596,247.71964
43.53125,42.26875,249.43,222.85437,254.89452
43.53125,42.28125,222.08,200.86914,230.00104
43.53125,42.29375,202.76,185.81496,215.36131
43.53125,42.30625,216.35,195.41275,227.34096
43.53125,42.31875,208.24,190.85986,222.42636
43.53125,42.33125,221.57,201.18343,232.92923
43.53125,42.34375,247.8,221.6688,256.41876
43.53125,42.35625,245.45,222.58188,256.38837
43.53125,42.36875,249.88,227.25525,260.7707
43.53125,42.38125,260.1,237.23158,271.66864
43.53125,42.39375,278.79,252.55002,291.74033
43.53125,42.40625,287.16,259.24026,300.83643
43.53125,42.41875,288.8,260.57025,303.08142
43.53125,42.43125,276.71,249.8619,291.17017
43.53125,42.44375,287.44,259.07013,301.7816
43.53125,42.45625,290.82,262.75253,305.64154
43.53125,42.46875,288.32,261.5276,303.05743
43.53125,42.48125,278.13,252.99756,292.0066
43.53125,42.49375,283.97,257.03293,295.7922
43.53125,42.50625,256.56,234.3399,269.25262
43.53125,42.51875,260.71,237.14018,270.43927
43.53125,42.53125,255.1,232.32407,266.127
43.53125,42.54375,283.31,255.43501,293.21597
43.53125,42.55625,288.32,261.0657,299.6814
43.53125,42.56875,273.81,250.35806,282.52774
43.53125,42.58125,221.05,208.0415,236.605
43.53125,42.59375,262.34,240.12283,272.29965
43.53125,42.60625,250.63,229.78468,258.2156
43.53125,42.61875,270.92,246.97711,283.55505
43.53125,42.63125,281.58,255.34227,293.30246
43.53125,42.64375,262.15,240.02507,275.4798
43.53125,42.65625,281.18,255.30649,291.83508
43.53125,42.66875,283.33,257.91196,294.67398
43.53125,42.68125,283.15,257.43414,295.4635
43.53125,42.69375,295.52,268.5559,310.40768
43.53125,42.70625,290.47,262.29855,304.6437
43.53125,42.71875,281.17,254.35347,293.82422
43.53125,42.73125,284.69,257.7635,295.19202
43.53125,42.74375,261.57,238.63176,273.80292
43.53125,42.75625,248.68,226.7102,259.81067
43.53125,42.76875,258.4,235.4529,265.71146
43.53125,42.78125,274.51,249.40834,282.4188
43.53125,42.79375,274.56,250.53812,283.2415
43.53125,42.80625,238.65,216.53221,246.93942
43.53125,42.81875,259.04,234.5022,266.7632
43.53125,42.83125,248.22,224.99124,257.81525
43.53125,42.84375,245.73,225.25537,254.7255
43.53125,42.85625,261.92,246.0681,271.56305
43.53125,42.86875,314.39,298.2112,331.48553
43.53125,42.88125,311.68,292.5989,328.0721
43.53125,42.89375,305.02,286.05377,320.9013
43.53125,42.90625,294.03,274.62628,304.78387
43.53125,42.91875,250.34,233.46687,261.6635
43.53125,42.93125,220.07,206.55258,232.25568
43.53125,42.94375,245.87,229.03838,255.51286
43.53125,42.95625,262.15,239.56642,269.35107
43.53125,42.96875,260.76,238.20564,269.0103
43.53125,42.98125,216.29,202.04677,231.6842
43.53125,42.99375,237.61,214.41487,247.2314
43.51875,42.00625,241.22,220.07008,248.83148
43.51875,42.01875,226.83,206.45157,237.21008
43.51875,42.03125,182.07,171.29982,196.07243
43.51875,42.04375,214.0,199.7332,222.48608
43.51875,42.05625,253.73,234.60605,256.95593
43.51875,42.06875,259.11,238.98192,265.43283
43.51875,42.08125,252.67,231.74535,257.7941
43.51875,42.09375,229.33,210.36887,233.12819
43.51875,42.10625,195.68,175.26851,199.42404
43.51875,42.11875,154.34,142.54744,170.01108
43.51875,42.13125,185.07,167.21693,189.63768
43.51875,42.14375,207.05,188.14215,208.89531
43.51875,42.15625,217.45,198.17183,220.19684
43.51875,42.16875,234.74,213.0999,241.00446
43.51875,42.18125,257.2,234.2399,268.76917
43.51875,42.19375,218.6,198.93309,225.8542
43.51875,42.20625,225.37,202.10117,231.33504
43.51875,42.21875,205.26,186.23701,213.92174
43.51875,42.23125,204.84,185.61108,213.33472
43.51875,42.24375,182.33,170.32881,197.00171
43.51875,42.25625,194.88,179.73962,206.28125
43.51875,42.26875,187.39,177.20157,204.2233
43.51875,42.28125,215.78,195.39388,225.36533
43.51875,42.29375,236.6,211.48834,246.56442
43.51875,42.30625,227.56,204.80844,238.66512
43.51875,42.31875,244.55,218.70146,252.94077
43.51875,42.33125,232.56,212.471,243.34505
43.51875,42.34375,242.5,220.33545,252.40207
43.51875,42.35625,263.32,237.85031,274.32867
43.51875,42.36875,268.74,242.04782,280.53394
43.51875,42.38125,274.34,247.81583,286.67392
43.51875,42.39375,277.84,251.03986,291.88635
43.51875,42.40625,280.81,253.63316,294.97723
43.51875,42.41875,270.0,245.88525,286.64587
43.51875,42.43125,276.82,250.6453,291.44748
43.51875,42.44375,287.24,259.97592,301.2935
43.51875,42.45625,280.89,254.346,295.73465
43.51875,42.46875,286.84,259.93863,301.53738
43.51875,42.48125,283.06,257.0305,296.1504
43.51875,42.49375,283.48,256.8405,296.06927
43.51875,42.50625,268.35,242.52428,279.86273
43.51875,42.51875,254.34,231.45908,267.1029
43.51875,42.53125,265.39,241.42317,278.86697
43.51875,42.54375,283.3,256.30267,294.54025
43.51875,42.55625,289.4,262.75882,302.86084
43.51875,42.56875,271.01,244.72438,278.5691
43.51875,42.58125,222.64,211.60733,241.96315
43.51875,42.59375,271.51,248.25133,278.4023
43.51875,42.60625,272.74,248.75972,282.79114
43.51875,42.61875,289.11,262.06744,299.31598
43.51875,42.63125,289.4,262.296,301.067
43.51875,42.64375,287.95,261.37866,300.34344
43.51875,42.65625,283.0,257.5069,294.87515
43.51875,42.66875,301.66,275.34402,316.31012
43.51875,42.68125,294.11,267.92288,306.5611
43.51875,42.69375,283.55,257.9474,296.4056
43.51875,42.70625,279.15,253.55074,291.00247
43.51875,42.71875,282.34,254.91495,294.47015
43.51875,42.73125,258.78,236.64609,272.31238
43.51875,42.74375,240.86,223.40945,257.68744
43.51875,42.75625,252.92,231.38715,266.1
43.51875,42.76875,279.25,255.71466,288.67218
43.51875,42.78125,296.84,273.15216,311.6764
43.51875,42.79375,266.46,242.30287,274.7631
43.51875,42.80625,246.72,223.239,255.89832
43.51875,42.81875,258.82,234.88751,268.27158
43.51875,42.83125,271.86,245.50215,281.46994
43.51875,42.84375,268.51,244.96356,279.81714
43.51875,42.85625,287.47,267.63126,295.1924
43.51875,42.86875,310.18,296.78558,328.73956
43.51875,42.88125,288.03,269.24557,300.14868
43.51875,42.89375,281.45,263.71906,293.6278
43.51875,42.90625,267.42,249.1348,275.99652
43.51875,42.91875,240.3,223.49876,248.59209
43.51875,42.93125,251.99,232.82591,259.17044
43.51875,42.94375,286.85,266.74216,295.2028
43.51875,42.95625,279.57,258.0807,291.77386
43.51875,42.96875,252.35,231.29729,258.43414
43.51875,42.98125,252.91,230.24892,259.7301
43.51875,42.99375,249.8,227.9416,256.59796
43.50625,42.00625,237.53,225.40048,247.32555
43.50625,42.01875,190.76,181.83603,205.39275
43.50625,42.03125,200.74,189.53418,215.96982
43.50625,42.04375,255.42,234.86421,262.13275
43.50625,42.05625,266.13,245.60844,275.14517
43.50625,42.06875,249.22,231.81024,257.0147
43.50625,42.08125,209.51,195.19852,215.97903
43.50625,42.09375,184.46,170.6933,191.71507
43.50625,42.10625,159.02,147.8034,172.17508
43.50625,42.11875,163.75,151.09265,179.3951
43.50625,42.13125,215.12,195.75954,220.80487
43.50625,42.14375,237.66,216.4976,242.021
43.50625,42.15625,258.83,238.5978,269.29794
43.50625,42.16875,236.41,216.77646,238.30801
43.50625,42.18125,249.01,227.0824,252.72379
43.50625,42.19375,236.87,217.18546,238.95583
43.50625,42.20625,241.59,219.81758,245.47574
43.50625,42.21875,235.37,213.51118,244.14247
43.50625,42.23125,237.37,213.68185,244.00041
43.50625,42.24375,209.73,189.42015,222.05327
43.50625,42.25625,205.11,189.26407,219.32141
43.50625,42.26875,239.14,214.3295,246.36548
43.50625,42.28125,246.19,221.2378,249.64311
43.50625,42.29375,237.49,213.97867,244.20863
43.50625,42.30625,243.58,220.31908,248.30919
43.50625,42.31875,243.73,221.75562,249.47202
43.50625,42.33125,238.93,220.46973,248.56267
43.50625,42.34375,259.61,236.90535,268.38092
43.50625,42.35625,275.01,250.3989,282.01923
43.50625,42.36875,279.2,253.81215,290.93884
43.50625,42.38125,278.46,252.83821,293.2885
43.50625,42.39375,285.21,258.8232,299.76166
43.50625,42.40625,286.81,260.3436,300.76352
43.50625,42.41875,286.39,259.99225,301.3114
43.50625,42.43125,275.67,252.13745,293.433
43.50625,42.44375,290.49,263.9086,306.2657
43.50625,42.45625,292.43,266.0995,307.93445
43.50625,42.46875,289.09,262.29034,303.10675
43.50625,42.48125,279.72,254.02843,293.87454
43.50625,42.49375,262.06,238.20935,276.98132
43.50625,42.50625,259.96,236.01874,274.6126
43.50625,42.51875,264.43,239.96854,276.8621
43.50625,42.53125,286.2,259.15024,297.525
43.50625,42.54375,277.85,251.53578,286.70114
43.50625,42.55625,261.58,237.78423,271.2824
43.50625,42.56875,255.07,231.9298,265.3603
43.50625,42.58125,259.85,238.04005,269.14682
43.50625,42.59375,282.29,256.39996,289.37982
43.50625,42.60625,296.97,270.9356,311.48645
43.50625,42.61875,295.13,267.7911,309.76852
43.50625,42.63125,297.07,269.83807,312.12003
43.50625,42.64375,298.13,270.9072,314.1296
43.50625,42.65625,289.73,264.31287,304.47717
43.50625,42.66875,298.6,272.60715,314.2447
43.50625,42.68125,289.95,263.42468,303.77203
43.50625,42.69375,273.32,249.61064,287.6676
43.50625,42.70625,272.05,248.62274,284.5954
43.50625,42.71875,262.16,239.53896,274.71582
43.50625,42.73125,273.3,248.90877,283.52313
43.50625,42.74375,277.58,251.77217,287.66754
43.50625,42.75625,264.5,242.07236,276.4797
43.50625,42.76875,282.51,256.74918,292.8874
43.50625,42.78125,281.05,257.5561,292.62744
43.50625,42.79375,257.0,234.0704,265.27664
43.50625,42.80625,260.4,236.61511,272.16534
43.50625,42.81875,242.17,221.77701,255.67772
43.50625,42.83125,248.21,228.57832,261.70523
43.50625,42.84375,262.16,240.92955,274.47562
43.50625,42.85625,285.53,262.1132,291.05197
43.50625,42.86875,293.06,269.9766,301.8212
43.50625,42.88125,291.22,268.68945,299.39032
43.50625,42.89375,281.01,258.0348,285.37634
43.50625,42.90625,270.75,249.11813,277.8742
43.50625,42.91875,276.93,258.67044,286.5778
43.50625,42.93125,298.93,286.84003,318.53168
43.50625,42.94375,296.59,278.33316,310.40805
43.50625,42.95625,292.44,273.7012,305.02576
43.50625,42.96875,282.99,263.28656,293.1587
43.50625,42.98125,271.89,251.14398,281.9892
43.50625,42.99375,270.05,252.21841,282.27756
43.49375,42.00625,262.18,248.15259,274.9189
43.49375,42.01875,182.43,182.76547,207.10648
43.49375,42.03125,238.59,222.2643,240.16325
43.49375,42.04375,253.19,236.5374,251.02072
43.49375,42.05625,272.34,251.41786,275.363
43.49375,42.06875,259.28,238.94554,257.8221
43.49375,42.08125,230.66,211.97087,234.4665
43.49375,42.09375,196.32,179.19273,203.62874
43.49375,42.10625,157.44,146.94263,176.46269
43.49375,42.11875,199.11,182.39275,203.0663
43.49375,42.13125,213.24,197.25417,214.29652
43.49375,42.14375,193.89,186.23027,206.91542
43.49375,42.15625,232.13,214.33395,240.71713
43.49375,42.16875,245.72,229.9468,254.03514
43.49375,42.18125,292.09,278.5848,308.8506
43.49375,42.19375,284.9,268.75803,295.67743
43.49375,42.20625,265.32,244.3572,272.9908
43.49375,42.21875,253.57,231.91765,258.43344
43.49375,42.23125,236.07,216.9708,243.6918
43.49375,42.24375,206.52,191.96286,221.54881
43.49375,42.25625,187.15,180.76945,208.6365
43.49375,42.26875,214.52,199.43105,228.48994
43.49375,42.28125,228.55,210.01685,239.06659
43.49375,42.29375,263.81,241.47015,275.15762
43.49375,42.30625,262.32,239.57147,267.8759
43.49375,42.31875,287.46,268.67938,301.0532
43.49375,42.33125,277.92,256.56747,286.57178
43.49375,42.34375,271.32,249.82634,279.0123
43.49375,42.35625,294.1,270.92233,304.38483
43.49375,42.36875,296.63,272.761,309.73224
43.49375,42.38125,290.73,266.54425,302.38513
43.49375,42.39375,288.47,265.0182,303.961
43.49375,42.40625,299.32,274.18573,314.802
43.49375,42.41875,290.91,266.80045,305.1212
43.49375,42.43125,294.13,269.16086,307.6327
43.49375,42.44375,293.15,268.1851,308.33963
43.49375,42.45625,292.82,267.85193,307.59
43.49375,42.46875,278.77,255.75609,294.0861
43.49375,42.48125,271.14,248.47914,285.36768
43.49375,42.49375,268.45,245.31711,283.0606
43.49375,42.50625,270.74,246.8225,285.20776
43.49375,42.51875,271.78,247.88264,286.068
43.49375,42.53125,284.76,259.16098,297.21957
43.49375,42.54375,274.86,249.12187,285.8543
43.49375,42.55625,244.32,228.06383,262.08374
43.49375,42.56875,267.58,243.86801,279.63284
43.49375,42.58125,255.25,234.98581,267.01086
43.49375,42.59375,267.07,245.47934,277.85303
43.49375,42.60625,284.94,260.27765,296.10278
43.49375,42.61875,269.37,249.6224,284.2259
43.49375,42.63125,276.08,254.59149,291.57043
43.49375,42.64375,280.89,258.46524,296.62924
43.49375,42.65625,299.77,273.70938,316.1421
43.49375,42.66875,293.51,268.8507,309.28815
43.49375,42.68125,299.41,273.5597,312.5999
43.49375,42.69375,291.11,266.44873,303.63312
43.49375,42.70625,293.83,267.76828,306.26044
43.49375,42.71875,250.7,236.79881,270.8318
43.49375,42.73125,291.93,266.5395,302.12317
43.49375,42.74375,282.12,257.8928,292.4907
43.49375,42.75625,267.52,245.91754,280.0265
43.49375,42.76875,287.93,263.0228,298.56122
43.49375,42.78125,290.1,265.2429,301.17645
43.49375,42.79375,263.88,242.26701,274.67316
43.49375,42.80625,273.75,248.41583,284.4527
43.49375,42.81875,258.33,234.81099,270.825
43.49375,42.83125,281.06,253.91739,293.6976
43.49375,42.84375,273.74,246.9618,283.3613
43.49375,42.85625,278.48,253.81253,289.1512
43.49375,42.86875,296.39,274.67194,302.48874
43.49375,42.88125,311.53,303.9449,333.56992
43.49375,42.89375,283.98,264.24213,286.6754
43.49375,42.90625,278.28,258.37354,286.0839
43.49375,42.91875,260.61,243.15,265.33936
43.49375,42.93125,245.79,230.96591,253.10455
43.49375,42.94375,242.83,229.17621,250.63995
43.49375,42.95625,270.96,270.24988,293.94653
43.49375,42.96875,239.34,228.5607,245.13156
43.49375,42.98125,238.2,232.21098,250.18614
43.49375,42.99375,275.11,269.83795,290.07642
43.48125,42.00625,212.23,203.4154,224.03528
43.48125,42.01875,213.43,205.36406,220.7638
43.48125,42.03125,260.57,246.14491,263.08377
43.48125,42.04375,293.34,281.45578,306.00922
43.48125,42.05625,302.84,297.27103,322.93494
43.48125,42.06875,268.25,258.06866,276.29196
43.48125,42.08125,218.33,207.1034,223.61212
43.48125,42.09375,184.95,172.43156,193.21597
43.48125,42.10625,155.36,149.34271,171.49701
43.48125,42.11875,197.47,187.99654,204.27896
43.48125,42.13125,259.94,246.01146,265.78485
43.48125,42.14375,243.61,228.37343,245.01987
43.48125,42.15625,244.97,229.71527,245.80438
43.48125,42.16875,270.4,253.8544,274.32867
43.48125,42.18125,285.95,271.4914,293.83472
43.48125,42.19375,302.31,284.57578,311.05862
43.48125,42.20625,304.75,290.88068,318.92685
43.48125,42.21875,281.88,263.00497,289.5672
43.48125,42.23125,216.72,210.85153,230.62971
43.48125,42.24375,243.65,230.35475,246.54013
43.48125,42.25625,247.76,233.18565,251.51044
43.48125,42.26875,243.25,230.3839,252.24187
43.48125,42.28125,228.97,219.01709,242.03922
43.48125,42.29375,229.07,216.10635,237.36252
43.48125,42.30625,239.75,223.40553,250.9246
43.48125,42.31875,262.4,241.75842,271.3762
43.48125,42.33125,285.86,264.58075,296.3296
43.48125,42.34375,292.96,271.03775,303.33368
43.48125,42.35625,316.94,295.42715,329.51068
43.48125,42.36875,325.26,303.71658,340.3086
43.48125,42.38125,315.44,293.97668,328.84692
43.48125,42.39375,305.02,283.39514,318.32162
43.48125,42.40625,312.25,290.817,327.96588
43.48125,42.41875,309.73,290.84036,325.48895
43.48125,42.43125,308.21,286.67047,321.50598
43.48125,42.44375,298.93,278.21515,310.44498
43.48125,42.45625,302.76,282.3388,312.77017
43.48125,42.46875,302.31,280.50693,310.4992
43.48125,42.48125,298.58,276.12292,308.72943
43.48125,42.49375,291.09,268.51648,299.779
43.48125,42.50625,278.88,256.49603,286.77942
43.48125,42.51875,279.86,256.26163,292.66568
43.48125,42.53125,285.55,261.05933,295.87775
43.48125,42.54375,248.4,232.49832,262.41284
43.48125,42.55625,267.04,244.46927,281.23074
43.48125,42.56875,259.23,238.85107,271.25772
43.48125,42.58125,270.7,249.96445,279.23187
43.48125,42.59375,286.55,264.20236,296.1741
43.48125,42.60625,313.35,289.46307,326.07968
43.48125,42.61875,304.67,281.55237,315.0648
43.48125,42.63125,312.24,288.70386,324.27963
43.48125,42.64375,300.1,279.08545,314.2336
43.48125,42.65625,303.62,281.08725,316.23547
43.48125,42.66875,301.81,279.20578,315.19257
43.48125,42.68125,310.78,286.33444,326.57446
43.48125,42.69375,303.77,279.56842,316.56323
43.48125,42.70625,278.93,260.52634,292.5058
43.48125,42.71875,281.31,259.98486,294.8861
43.48125,42.73125,277.15,257.6748,291.804
43.48125,42.74375,298.15,273.15604,311.60727
43.48125,42.75625,281.23,258.7914,294.31094
43.48125,42.76875,304.8,279.42343,317.29517
43.48125,42.78125,303.4,278.20114,315.31198
43.48125,42.79375,283.21,259.88812,294.89417
43.48125,42.80625,280.87,257.05923,291.37628
43.48125,42.81875,280.57,254.76582,291.9554
43.48125,42.83125,280.09,254.37488,292.14523
43.48125,42.84375,267.92,243.15073,280.181
43.48125,42.85625,252.25,231.80817,262.87503
43.48125,42.86875,274.13,250.26682,274.99387
43.48125,42.88125,265.35,243.68887,267.67084
43.48125,42.89375,258.25,236.76894,257.3983
43.48125,42.90625,231.7,214.33714,241.8488
43.48125,42.91875,258.66,237.12088,269.0735
43.48125,42.93125,211.27,195.71204,222.99512
43.48125,42.94375,214.06,194.65007,212.4115
43.48125,42.95625,215.78,196.38766,212.60439
43.48125,42.96875,211.48,192.61142,207.08865
43.48125,42.98125,173.52,165.12581,177.16946
43.48125,42.99375,206.78,192.31764,207.154
43.46875,42.00625,243.02,226.19225,247.74045
43.46875,42.01875,272.55,253.92497,276.3534
43.46875,42.03125,307.91,300.52307,328.61026
43.46875,42.04375,279.87,266.2793,283.42657
43.46875,42.05625,267.92,254.49297,271.3247
43.46875,42.06875,234.02,220.5516,234.70303
43.46875,42.08125,227.35,210.98929,229.92326
43.46875,42.09375,171.95,164.61443,183.651
43.46875,42.10625,166.3,160.07217,182.78279
43.46875,42.11875,238.94,226.41466,246.96478
43.46875,42.13125,277.38,264.72995,285.7696
43.46875,42.14375,302.37,297.5105,321.3881
43.46875,42.15625,303.38,293.3858,316.93637
43.46875,42.16875,321.84,314.73257,341.90857
43.46875,42.18125,322.9,308.70544,335.72137
43.46875,42.19375,332.87,325.9001,356.2129
43.46875,42.20625,296.61,279.9818,303.4366
43.46875,42.21875,245.81,239.7872,260.4329
43.46875,42.23125,276.26,263.9216,277.5713
43.46875,42.24375,302.04,291.87842,307.26843
43.46875,42.25625,302.35,289.13385,307.00024
43.46875,42.26875,285.81,271.7783,287.95538
43.46875,42.28125,294.95,278.87704,295.99823
43.46875,42.29375,288.83,273.61282,290.59756
43.46875,42.30625,255.02,244.17854,263.9244
43.46875,42.31875,248.79,237.40001,260.72943
43.46875,42.33125,253.07,241.96443,265.25888
43.46875,42.34375,263.87,250.8055,276.05408
43.46875,42.35625,263.32,253.71474,281.38702
43.46875,42.36875,297.82,280.3693,307.39996
43.46875,42.38125,324.92,307.18417,335.89575
43.46875,42.39375,332.42,316.04636,348.12048
43.46875,42.40625,338.49,318.80765,350.67126
43.46875,42.41875,344.84,325.4593,358.50034
43.46875,42.43125,318.77,303.34756,332.26486
43.46875,42.44375,323.61,304.1608,335.9164
43.46875,42.45625,351.14,334.50455,370.25293
43.46875,42.46875,331.92,313.47934,344.76508
43.46875,42.48125,337.59,318.76135,354.63364
43.46875,42.49375,330.89,312.11548,347.30518
43.46875,42.50625,292.71,271.88733,304.37885
43.46875,42.51875,294.59,271.16226,306.39124
43.46875,42.53125,304.98,281.2102,314.01587
43.46875,42.54375,280.45,258.67343,291.4897
43.46875,42.55625,271.9,249.65205,284.30396
43.46875,42.56875,269.8,249.84663,282.2708
43.46875,42.58125,284.4,264.45712,297.15918
43.46875,42.59375,317.67,295.02573,328.71347
43.46875,42.60625,320.98,301.26025,330.7263
43.46875,42.61875,330.15,309.73114,344.28815
43.46875,42.63125,336.67,315.47556,351.14105
43.46875,42.64375,329.45,308.69534,343.9878
43.46875,42.65625,338.92,317.23276,352.23883
43.46875,42.66875,331.74,310.81976,344.86517
43.46875,42.68125,333.63,311.2055,345.89508
43.46875,42.69375,321.19,299.06445,329.74393
43.46875,42.70625,297.27,277.24634,309.70236
43.46875,42.71875,309.61,286.88818,321.0283
43.46875,42.73125,288.99,268.41974,299.55475
43.46875,42.74375,300.74,277.66864,312.63235
43.46875,42.75625,303.49,278.89725,318.30707
43.46875,42.76875,308.01,284.11884,321.64957
43.46875,42.78125,314.89,289.9845,328.61847
43.46875,42.79375,303.07,279.88394,314.90656
43.46875,42.80625,295.12,271.52136,304.20682
43.46875,42.81875,298.14,272.69492,309.6376
43.46875,42.83125,288.44,263.48984,299.57684
43.46875,42.84375,285.65,259.42322,297.73215
43.46875,42.85625,278.82,253.7901,286.76917
43.46875,42.86875,247.09,225.65701,255.30325
43.46875,42.88125,230.65,211.33902,241.59775
43.46875,42.89375,251.37,227.01646,258.7885
43.46875,42.90625,214.85,197.66277,226.77234
43.46875,42.91875,242.8,220.62746,249.90443
43.46875,42.93125,219.51,199.1803,225.7146
43.46875,42.94375,192.01,174.56958,203.46838
43.46875,42.95625,175.83,163.00647,191.86076
43.46875,42.96875,160.89,150.99649,178.29324
43.46875,42.98125,153.65,142.67148,170.16806
43.46875,42.99375,175.4,159.40369,184.84088
43.45625,42.00625,289.44,273.07324,299.3615
43.45625,42.01875,306.61,294.85474,324.4474
43.45625,42.03125,296.89,284.10367,307.78427
43.45625,42.04375,253.0,238.60977,251.8619
43.45625,42.05625,212.59,202.9213,222.89705
43.45625,42.06875,213.53,196.84178,219.20892
43.45625,42.08125,177.09,166.48514,193.76935
43.45625,42.09375,166.53,156.07094,184.9452
43.45625,42.10625,167.84,157.86353,182.53436
43.45625,42.11875,186.0,178.55275,195.27382
43.45625,42.13125,206.82,198.43317,210.72192
43.45625,42.14375,247.84,237.0557,249.31912
43.45625,42.15625,286.21,276.22867,294.1856
43.45625,42.16875,307.46,296.09915,322.9321
43.45625,42.18125,311.38,298.12054,321.50372
43.45625,42.19375,308.85,294.68323,318.25803
43.45625,42.20625,319.76,304.7943,331.26413
43.45625,42.21875,294.31,275.95633,303.8575
43.45625,42.23125,315.98,301.34253,323.95984
43.45625,42.24375,347.4,342.7461,373.27625
43.45625,42.25625,349.17,342.0364,374.20374
43.45625,42.26875,333.43,320.8473,347.3864
43.45625,42.28125,348.31,346.06085,377.70645
43.45625,42.29375,316.77,302.16705,325.55008
43.45625,42.30625,309.65,294.7187,317.4832
43.45625,42.31875,294.98,282.6157,302.96332
43.45625,42.33125,315.93,301.0148,323.02438
43.45625,42.34375,330.05,316.5473,342.6567
43.45625,42.35625,294.55,281.59174,304.1503
43.45625,42.36875,275.88,270.38773,293.94647
43.45625,42.38125,347.65,335.8004,367.33902
43.45625,42.39375,347.67,333.88242,363.41168
43.45625,42.40625,374.53,361.10104,398.1396
43.45625,42.41875,369.63,358.17538,389.64783
43.45625,42.43125,338.43,324.505,352.02948
43.45625,42.44375,328.94,312.99005,342.11328
43.45625,42.45625,368.38,354.0976,391.67355
43.45625,42.46875,330.86,314.19925,344.6614
43.45625,42.48125,322.27,305.16824,337.7994
43.45625,42.49375,310.02,292.66522,321.74106
43.45625,42.50625,300.44,285.97455,314.05975
43.45625,42.51875,314.24,294.50607,325.43466
43.45625,42.53125,307.65,287.0234,318.0479
43.45625,42.54375,285.95,264.72705,295.97638
43.45625,42.55625,250.37,240.85246,271.83685
43.45625,42.56875,299.8,278.28693,309.26602
43.45625,42.58125,277.66,261.06824,290.3432
43.45625,42.59375,281.03,264.47058,293.9985
43.45625,42.60625,313.97,297.11798,324.9965
43.45625,42.61875,354.13,336.8337,372.0024
43.45625,42.63125,358.8,338.4748,381.37448
43.45625,42.64375,360.6,340.29034,380.8782
43.45625,42.65625,355.74,338.5424,377.59555
43.45625,42.66875,367.83,353.57455,392.49155
43.45625,42.68125,361.63,345.94656,382.18414
43.45625,42.69375,338.46,319.74683,348.00208
43.45625,42.70625,326.17,306.92728,337.1432
43.45625,42.71875,339.03,318.1033,353.65033
43.45625,42.73125,324.78,304.25543,335.16565
43.45625,42.74375,295.94,278.3178,308.6918
43.45625,42.75625,308.32,286.9791,318.41425
43.45625,42.76875,306.25,283.3125,317.43954
43.45625,42.78125,313.72,289.7288,328.00836
43.45625,42.79375,325.94,302.71658,342.26794
43.45625,42.80625,305.6,281.9231,320.70856
43.45625,42.81875,305.61,281.2459,322.05298
43.45625,42.83125,292.26,268.3985,302.34592
43.45625,42.84375,282.76,258.19986,293.41782
43.45625,42.85625,263.13,242.32578,273.2678
43.45625,42.86875,213.69,204.37381,232.61978
43.45625,42.88125,211.05,200.43962,226.4096
43.45625,42.89375,199.83,190.69887,218.03217
43.45625,42.90625,193.03,186.15846,211.08371
43.45625,42.91875,187.97,179.43251,204.02931
43.45625,42.93125,216.24,198.1118,223.29178
43.45625,42.94375,218.5,196.30676,223.83157
43.45625,42.95625,216.84,194.19398,221.82317
43.45625,42.96875,210.81,188.08875,214.77316
43.45625,42.98125,194.4,173.12498,200.69403
43.45625,42.99375,163.55,149.04295,172.08037
43.44375,42.00625,310.55,298.79977,321.84512
43.44375,42.01875,280.22,268.908,287.7119
43.44375,42.03125,243.86,233.37585,250.78029
43.44375,42.04375,196.85,191.47055,207.49928
43.44375,42.05625,167.29,165.65642,187.43347
43.44375,42.06875,171.72,164.85579,191.36232
43.44375,42.08125,178.97,174.56126,189.56055
43.44375,42.09375,212.44,202.12807,219.90953
43.44375,42.10625,193.28,185.60406,201.95273
43.44375,42.11875,169.44,163.47162,184.34218
43.44375,42.13125,172.76,169.13649,193.17284
43.44375,42.14375,214.34,201.39883,221.30031
43.44375,42.15625,254.72,240.49678,259.05368
43.44375,42.16875,262.66,247.77238,266.1306
43.44375,42.18125,287.0,269.64325,295.27332
43.44375,42.19375,247.78,234.27354,254.61581
43.44375,42.20625,261.9,246.2122,270.02942
43.44375,42.21875,295.68,276.21466,306.82648
43.44375,42.23125,302.18,282.5755,311.1653
43.44375,42.24375,320.24,300.76373,331.64758
43.44375,42.25625,328.06,308.7328,341.94345
43.44375,42.26875,335.1,316.64648,346.9843
43.44375,42.28125,350.89,334.58127,367.77377
43.44375,42.29375,339.41,322.42142,355.8394
43.44375,42.30625,344.62,326.61243,358.01456
43.44375,42.31875,319.72,302.41168,331.97025
43.44375,42.33125,352.91,339.3626,369.95706
43.44375,42.34375,368.49,357.65622,391.14157
43.44375,42.35625,361.76,349.30685,382.02972
43.44375,42.36875,329.16,312.2629,342.99207
43.44375,42.38125,295.65,288.68823,318.6868
43.44375,42.39375,332.04,321.2467,351.3219
43.44375,42.40625,382.8,372.5924,405.0434
43.44375,42.41875,394.57,388.87894,428.00568
43.44375,42.43125,368.18,354.25885,385.8075
43.44375,42.44375,360.73,346.03445,379.57434
43.44375,42.45625,381.06,374.76486,415.30676
43.44375,42.46875,364.81,347.60916,382.49094
43.44375,42.48125,356.32,339.44846,377.0101
43.44375,42.49375,347.22,328.11362,364.26862
43.44375,42.50625,353.89,336.8599,378.0535
43.44375,42.51875,330.24,311.0346,346.29007
43.44375,42.53125,308.18,289.42178,317.08994
43.44375,42.54375,275.39,259.38806,288.94232
43.44375,42.55625,280.95,261.41766,293.30032
43.44375,42.56875,309.25,289.05438,320.78635
43.44375,42.58125,330.77,312.21838,344.9734
43.44375,42.59375,295.31,279.4772,309.94144
43.44375,42.60625,283.48,270.15546,297.4095
43.44375,42.61875,325.35,306.5526,339.85394
43.44375,42.63125,344.02,326.66495,362.2207
43.44375,42.64375,349.08,332.11743,365.70798
43.44375,42.65625,352.91,336.1282,369.8614
43.44375,42.66875,374.11,358.12967,393.74445
43.44375,42.68125,385.81,374.7917,416.92978
43.44375,42.69375,369.16,355.01392,391.90912
43.44375,42.70625,360.94,345.51456,379.91434
43.44375,42.71875,348.09,330.60617,365.69937
43.44375,42.73125,343.92,325.77042,355.2257
43.44375,42.74375,337.54,317.14542,350.49396
43.44375,42.75625,349.42,331.9548,369.58255
43.44375,42.76875,343.69,323.59137,363.74637
43.44375,42.78125,334.22,311.36975,352.13843
43.44375,42.79375,328.52,307.11862,347.1602
43.44375,42.80625,302.34,280.46387,311.4499
43.44375,42.81875,299.08,277.22504,312.80008
43.44375,42.83125,283.2,262.03183,294.94028
43.44375,42.84375,249.99,234.28539,265.12564
43.44375,42.85625,259.0,240.84134,268.40787
43.44375,42.86875,280.37,259.4895,289.03235
43.44375,42.88125,258.57,237.60855,263.9634
43.44375,42.89375,233.58,218.07301,242.90671
43.44375,42.90625,250.05,230.80536,255.20859
43.44375,42.91875,256.12,236.75418,262.13492
43.44375,42.93125,245.96,226.84824,253.64302
43.44375,42.94375,217.18,199.07632,220.44508
43.44375,42.95625,225.61,207.95636,233.82199
43.44375,42.96875,199.95,182.92198,207.06534
43.44375,42.98125,158.56,148.75494,171.90027
43.44375,42.99375,138.36,132.33554,155.34499
43.43125,42.00625,239.53,230.75989,249.25485
43.43125,42.01875,193.4,193.66016,208.90448
43.43125,42.03125,175.72,174.3531,195.83423
43.43125,42.04375,186.4,181.35132,199.69891
43.43125,42.05625,207.29,201.65121,218.06474
43.43125,42.06875,231.51,220.7315,238.28406
43.43125,42.08125,211.96,205.25826,223.48462
43.43125,42.09375,279.42,272.2389,296.61407
43.43125,42.10625,262.87,252.90369,269.5594
43.43125,42.11875,215.38,209.83276,224.032
43.43125,42.13125,180.0,176.3516,194.88792
43.43125,42.14375,171.55,167.12392,192.94084
43.43125,42.15625,183.11,177.31393,199.29726
43.43125,42.16875,205.13,197.22807,216.61545
43.43125,42.18125,217.64,209.06181,226.53125
43.43125,42.19375,225.57,216.19838,238.85081
43.43125,42.20625,276.48,260.97366,285.13165
43.43125,42.21875,302.57,287.99677,316.0233
43.43125,42.23125,288.76,273.51184,301.029
43.43125,42.24375,290.96,276.15332,304.77493
43.43125,42.25625,308.68,291.8931,321.87686
43.43125,42.26875,302.96,286.15396,311.14664
43.43125,42.28125,317.75,300.6973,327.62463
43.43125,42.29375,302.71,288.56018,316.15176
43.43125,42.30625,347.16,331.50107,364.45847
43.43125,42.31875,353.6,335.67447,372.43506
43.43125,42.33125,352.16,333.1011,365.39096
43.43125,42.34375,362.37,344.8765,378.8255
43.43125,42.35625,360.72,342.95663,377.56653
43.43125,42.36875,349.87,331.98706,362.14542
43.43125,42.38125,344.23,326.76044,358.26196
43.43125,42.39375,307.66,302.58887,331.61664
43.43125,42.40625,350.55,337.54227,366.93637
43.43125,42.41875,383.05,369.98514,407.08148
43.43125,42.43125,373.41,357.71997,395.73505
43.43125,42.44375,340.16,329.56412,365.54672
43.43125,42.45625,336.4,325.1276,359.07422
43.43125,42.46875,333.85,320.4195,351.77655
43.43125,42.48125,340.45,321.53442,357.68726
43.43125,42.49375,327.67,310.3772,345.12756
43.43125,42.50625,304.97,291.0926,327.78998
43.43125,42.51875,304.83,287.00568,321.69824
43.43125,42.53125,305.06,285.18585,320.24988
43.43125,42.54375,289.98,273.37796,308.5959
43.43125,42.55625,276.63,265.52554,290.6294
43.43125,42.56875,329.31,313.0056,341.64377
43.43125,42.58125,329.21,310.00107,341.84885
43.43125,42.59375,332.37,312.27875,346.57916
43.43125,42.60625,273.83,265.9707,298.11008
43.43125,42.61875,305.22,287.87314,319.25647
43.43125,42.63125,300.79,287.5264,320.38425
43.43125,42.64375,300.47,288.19452,321.81674
43.43125,42.65625,308.12,294.70187,326.5903
43.43125,42.66875,331.35,314.53656,345.97363
43.43125,42.68125,337.71,321.9305,355.83554
43.43125,42.69375,353.69,336.9247,372.70746
43.43125,42.70625,366.72,351.08118,389.53293
43.43125,42.71875,381.31,369.39694,408.22925
43.43125,42.73125,367.44,350.47922,384.61157
43.43125,42.74375,364.13,348.6595,386.68362
43.43125,42.75625,340.23,320.09464,353.62854
43.43125,42.76875,307.55,289.377,323.0246
43.43125,42.78125,323.26,301.90652,337.00934
43.43125,42.79375,316.74,295.31665,331.18198
43.43125,42.80625,297.4,277.2557,309.83032
43.43125,42.81875,250.96,242.52182,272.46417
43.43125,42.83125,261.53,249.70155,278.46362
43.43125,42.84375,284.87,266.5371,296.44983
43.43125,42.85625,287.75,269.33292,298.50748
43.43125,42.86875,290.44,270.16852,301.42432
43.43125,42.88125,288.67,266.89545,296.58203
43.43125,42.89375,282.64,263.03403,293.2426
43.43125,42.90625,273.89,256.03708,279.96423
43.43125,42.91875,249.28,231.49916,252.1163
43.43125,42.93125,213.34,196.15785,217.18861
43.43125,42.94375,171.02,159.65268,179.0224
43.43125,42.95625,149.78,141.45474,164.81003
43.43125,42.96875,144.15,137.50156,159.89694
43.43125,42.98125,168.72,157.13106,176.80736
43.43125,42.99375,207.52,193.94319,219.18927
43.41875,42.00625,172.67,175.46817,203.59106
43.41875,42.01875,171.74,177.3567,194.28094
43.41875,42.03125,227.4,221.65997,234.51813
43.41875,42.04375,248.11,239.67903,253.65735
43.41875,42.05625,285.67,275.50565,293.37155
43.41875,42.06875,271.67,261.21707,276.57828
43.41875,42.08125,255.69,245.11409,263.46307
43.41875,42.09375,220.83,220.4357,238.41052
43.41875,42.10625,293.07,283.23227,307.41208
43.41875,42.11875,281.01,272.65256,289.34113
43.41875,42.13125,234.76,227.5308,239.2147
43.41875,42.14375,208.76,204.9298,220.59026
43.41875,42.15625,178.0,172.5277,200.1419
43.41875,42.16875,174.17,172.09865,197.49678
43.41875,42.18125,249.27,236.45625,264.98737
43.41875,42.19375,248.25,235.17607,254.78293
43.41875,42.20625,206.53,207.50996,227.27454
43.41875,42.21875,211.62,213.48602,233.92082
43.41875,42.23125,235.18,229.11774,250.22153
43.41875,42.24375,251.52,241.29236,265.49677
43.41875,42.25625,238.79,234.00925,258.98102
43.41875,42.26875,243.42,235.97287,263.24396
43.41875,42.28125,253.89,246.30048,271.86597
43.41875,42.29375,270.62,260.2938,285.6824
43.41875,42.30625,290.42,277.22363,303.2671
43.41875,42.31875,290.95,280.36917,308.27402
43.41875,42.33125,307.76,295.87796,324.24948
43.41875,42.34375,340.47,325.41434,357.6435
43.41875,42.35625,359.48,345.9885,376.7365
43.41875,42.36875,388.12,377.2923,415.36145
43.41875,42.38125,374.53,362.23917,395.8525
43.41875,42.39375,339.68,330.70053,363.99792
43.41875,42.40625,374.95,361.6733,394.05865
43.41875,42.41875,381.98,369.56183,406.32288
43.41875,42.43125,354.03,340.33765,377.86197
43.41875,42.44375,363.08,346.43692,388.27325
43.41875,42.45625,358.88,342.29767,383.83328
43.41875,42.46875,344.52,330.29184,369.92612
43.41875,42.48125,346.67,329.7468,371.56177
43.41875,42.49375,338.11,320.9121,359.33417
43.41875,42.50625,345.9,327.12344,366.08386
43.41875,42.51875,325.52,308.45087,344.8885
43.41875,42.53125,319.99,302.43158,338.7822
43.41875,42.54375,315.98,298.80072,333.18768
43.41875,42.55625,313.74,296.98975,327.61115
43.41875,42.56875,359.51,348.5772,379.53116
43.41875,42.58125,343.81,328.43698,361.10574
43.41875,42.59375,321.47,304.5548,332.6828
43.41875,42.60625,311.76,296.22153,325.50742
43.41875,42.61875,311.95,298.11084,326.46124
43.41875,42.63125,321.11,307.07248,335.13672
43.41875,42.64375,346.36,327.912,358.5078
43.41875,42.65625,350.51,334.45523,361.9688
43.41875,42.66875,332.32,316.04666,344.12402
43.41875,42.68125,337.97,318.15393,345.84473
43.41875,42.69375,342.23,322.89203,358.25137
43.41875,42.70625,353.17,333.5443,371.92084
43.41875,42.71875,352.03,331.7545,368.2935
43.41875,42.73125,320.02,306.47766,337.24368
43.41875,42.74375,305.14,291.78827,321.0774
43.41875,42.75625,296.72,282.83942,312.24625
43.41875,42.76875,285.6,273.27252,306.5218
43.41875,42.78125,282.59,268.9848,300.3321
43.41875,42.79375,283.06,266.9159,298.26236
43.41875,42.80625,280.88,266.87668,295.248
43.41875,42.81875,304.86,286.4435,313.53668
43.41875,42.83125,312.76,294.56256,321.10144
43.41875,42.84375,313.38,294.5296,322.4776
43.41875,42.85625,300.87,279.73325,310.91595
43.41875,42.86875,297.19,277.81476,309.263
43.41875,42.88125,292.27,274.3344,304.20078
43.41875,42.89375,266.19,249.55449,276.91937
43.41875,42.90625,213.32,202.55223,221.61908
43.41875,42.91875,172.63,169.75932,183.75722
43.41875,42.93125,154.31,152.2828,169.05559
43.41875,42.94375,145.22,141.87204,163.25215
43.41875,42.95625,197.4,185.66292,204.71387
43.41875,42.96875,197.01,185.81877,202.88237
43.41875,42.98125,196.13,184.65358,202.18721
43.41875,42.99375,238.3,219.72722,244.43358
43.40625,42.00625,196.49,196.03749,213.30061
43.40625,42.01875,239.41,230.15956,251.51439
43.40625,42.03125,295.6,288.53827,301.67685
43.40625,42.04375,323.15,319.09622,339.23648
43.40625,42.05625,328.79,322.69714,343.00082
43.40625,42.06875,290.67,280.62595,302.28348
43.40625,42.08125,315.83,305.8865,330.3381
43.40625,42.09375,244.98,240.93396,261.03436
43.40625,42.10625,285.62,277.05423,295.8592
43.40625,42.11875,308.81,300.05203,318.5962
43.40625,42.13125,305.45,297.40967,314.82513
43.40625,42.14375,239.01,234.612,248.01361
43.40625,42.15625,238.22,230.12903,247.33267
43.40625,42.16875,173.37,176.29153,194.65314
43.40625,42.18125,171.8,176.29643,199.03111
43.40625,42.19375,253.49,243.19493,263.85513
43.40625,42.20625,296.76,285.6721,310.27203
43.40625,42.21875,288.49,275.42166,291.1235
43.40625,42.23125,314.46,301.8898,318.7678
43.40625,42.24375,309.3,294.7397,314.2469
43.40625,42.25625,322.53,308.05383,332.15826
43.40625,42.26875,274.31,262.84335,286.94025
43.40625,42.28125,301.41,285.41122,313.7304
43.40625,42.29375,270.63,260.8548,286.77994
43.40625,42.30625,283.34,271.8431,301.2161
43.40625,42.31875,330.33,313.44528,346.63947
43.40625,42.33125,329.66,312.93665,345.175
43.40625,42.34375,304.6,294.71655,325.81882
43.40625,42.35625,315.83,307.67953,336.26505
43.40625,42.36875,347.97,334.88123,368.04993
43.40625,42.38125,364.07,351.4501,388.3093
43.40625,42.39375,379.24,366.63077,401.61182
43.40625,42.40625,374.9,365.38757,401.28198
43.40625,42.41875,400.37,390.21713,431.6173
43.40625,42.43125,369.57,356.21768,393.8091
43.40625,42.44375,387.62,375.78085,414.49615
43.40625,42.45625,385.72,374.00427,412.2147
43.40625,42.46875,373.93,362.5251,399.30185
43.40625,42.48125,366.02,356.77917,393.36218
43.40625,42.49375,356.1,345.50604,382.99487
43.40625,42.50625,365.85,350.18246,389.4909
43.40625,42.51875,351.52,335.44424,372.24728
43.40625,42.53125,353.59,335.14725,375.79633
43.40625,42.54375,356.3,338.85703,377.0423
43.40625,42.55625,354.04,333.96573,371.95273
43.40625,42.56875,349.61,330.80234,365.0392
43.40625,42.58125,375.85,360.5866,401.24603
43.40625,42.59375,335.18,318.53503,351.46982
43.40625,42.60625,319.79,305.2615,336.3584
43.40625,42.61875,364.07,345.94455,381.7191
43.40625,42.63125,342.17,327.19418,358.4856
43.40625,42.64375,387.16,378.19223,414.78046
43.40625,42.65625,378.55,364.3288,397.02017
43.40625,42.66875,395.47,395.29877,434.54825
43.40625,42.68125,361.78,349.38663,381.08032
43.40625,42.69375,358.82,341.30905,374.9557
43.40625,42.70625,377.09,361.45142,395.4583
43.40625,42.71875,357.91,341.77658,370.53424
43.40625,42.73125,373.1,363.97543,395.5438
43.40625,42.74375,331.13,315.721,344.53845
43.40625,42.75625,326.04,309.9652,338.5783
43.40625,42.76875,339.8,327.4742,355.07288
43.40625,42.78125,335.93,320.95505,350.38596
43.40625,42.79375,296.16,285.81277,312.6826
43.40625,42.80625,325.06,312.6168,335.9203
43.40625,42.81875,332.66,318.65823,342.54453
43.40625,42.83125,351.68,340.01456,373.4242
43.40625,42.84375,320.35,304.6641,334.8538
43.40625,42.85625,280.7,266.5276,293.57062
43.40625,42.86875,246.25,234.80127,260.616
43.40625,42.88125,242.94,227.06367,249.3207
43.40625,42.89375,229.32,215.46333,233.64969
43.40625,42.90625,215.55,201.30196,220.51402
43.40625,42.91875,163.29,160.17485,179.98471
43.40625,42.93125,147.01,146.83878,168.4732
43.40625,42.94375,196.93,186.80418,204.6756
43.40625,42.95625,220.81,210.41934,225.39429
43.40625,42.96875,246.94,233.47702,254.359
43.40625,42.98125,250.02,234.31006,256.8937
43.40625,42.99375,249.5,229.90999,254.09857
43.39375,42.00625,258.32,251.69467,267.9369
43.39375,42.01875,299.78,288.71677,300.66608
43.39375,42.03125,296.42,286.31467,304.63776
43.39375,42.04375,344.17,337.80112,368.44446
43.39375,42.05625,353.49,348.31708,378.49966
43.39375,42.06875,329.93,316.83563,346.65308
43.39375,42.08125,322.99,313.7966,337.29016
43.39375,42.09375,254.64,252.21915,272.80142
43.39375,42.10625,306.38,295.75998,316.01193
43.39375,42.11875,349.21,345.33328,375.4521
43.39375,42.13125,325.39,316.57898,334.61853
43.39375,42.14375,282.56,275.17566,293.43805
43.39375,42.15625,287.65,277.76553,292.5987
43.39375,42.16875,229.57,222.59645,243.07619
43.39375,42.18125,168.06,171.5873,199.71686
43.39375,42.19375,215.18,212.48074,231.4405
43.39375,42.20625,251.71,247.00433,264.58887
43.39375,42.21875,304.58,294.48337,316.35956
43.39375,42.23125,346.33,339.19073,365.94788
43.39375,42.24375,359.08,350.31046,384.63763
43.39375,42.25625,351.6,340.29163,370.74072
43.39375,42.26875,290.65,280.70374,309.0034
43.39375,42.28125,327.06,313.65536,340.4067
43.39375,42.29375,324.14,308.06476,333.61954
43.39375,42.30625,291.44,279.88303,306.46448
43.39375,42.31875,289.5,283.6537,312.56732
43.39375,42.33125,351.08,337.90283,365.12775
43.39375,42.34375,345.09,329.87842,361.15717
43.39375,42.35625,337.44,322.54477,354.5898
43.39375,42.36875,352.96,340.63446,376.2057
43.39375,42.38125,357.05,348.66534,381.48932
43.39375,42.39375,394.89,386.63605,420.39053
43.39375,42.40625,414.05,405.2485,443.48373
43.39375,42.41875,396.5,386.98914,423.50964
43.39375,42.43125,398.35,391.18515,428.06696
43.39375,42.44375,419.52,413.02914,452.68835
43.39375,42.45625,422.65,419.71204,459.92554
43.39375,42.46875,411.98,405.11774,443.3331
43.39375,42.48125,409.32,400.27716,437.5125
43.39375,42.49375,391.92,380.91678,418.08606
43.39375,42.50625,386.14,371.5684,412.02615
43.39375,42.51875,370.18,354.14532,395.16458
43.39375,42.53125,368.1,350.0958,392.8026
43.39375,42.54375,379.52,359.91248,405.62787
43.39375,42.55625,382.15,362.2509,407.83215
43.39375,42.56875,366.25,349.06818,382.2513
43.39375,42.58125,371.88,355.2704,388.00287
43.39375,42.59375,359.69,341.03696,371.17853
43.39375,42.60625,343.66,325.51395,355.56015
43.39375,42.61875,359.03,340.2412,372.9036
43.39375,42.63125,377.94,359.56772,397.41846
43.39375,42.64375,386.66,371.97723,410.05255
43.39375,42.65625,368.11,353.72845,384.11746
43.39375,42.66875,369.73,357.17926,387.88925
43.39375,42.68125,379.0,365.16656,397.44916
43.39375,42.69375,384.62,372.42703,405.1007
43.39375,42.70625,395.88,390.49918,427.11694
43.39375,42.71875,393.14,387.90213,422.37045
43.39375,42.73125,375.94,367.2648,401.27075
43.39375,42.74375,355.19,339.7898,371.2087
43.39375,42.75625,362.83,346.84235,377.83752
43.39375,42.76875,374.15,363.5521,397.85736
43.39375,42.78125,349.21,332.97205,358.47876
43.39375,42.79375,335.54,320.22794,349.0076
43.39375,42.80625,366.21,356.76764,384.1393
43.39375,42.81875,371.75,366.14508,399.78745
43.39375,42.83125,342.26,330.02176,357.625
43.39375,42.84375,310.8,298.42108,325.5658
43.39375,42.85625,275.9,266.07965,287.5773
43.39375,42.86875,259.42,246.32555,270.16046
43.39375,42.88125,252.53,236.50128,259.20746
43.39375,42.89375,237.81,220.06769,241.93558
43.39375,42.90625,191.22,180.89017,206.07355
43.39375,42.91875,148.97,146.78859,174.75519
43.39375,42.93125,161.23,157.93373,182.33865
43.39375,42.94375,220.96,205.55733,227.13089
43.39375,42.95625,262.49,242.5239,270.79193
43.39375,42.96875,271.43,250.07747,282.0095
43.39375,42.98125,287.56,268.54926,304.17044
43.39375,42.99375,282.29,262.94595,295.91714
43.38125,42.00625,244.98,238.50545,258.79715
43.38125,42.01875,311.36,305.1162,325.5312
43.38125,42.03125,349.34,355.44882,387.25766
43.38125,42.04375,331.61,318.63562,348.5013
43.38125,42.05625,363.07,352.14944,388.0557
43.38125,42.06875,357.17,341.51837,377.00122
43.38125,42.08125,353.43,345.01083,371.91354
43.38125,42.09375,285.49,279.9148,303.20056
43.38125,42.10625,320.92,307.80307,332.08466
43.38125,42.11875,357.04,350.6022,382.1256
43.38125,42.13125,345.75,333.61444,359.37997
43.38125,42.14375,341.8,332.6338,363.55017
43.38125,42.15625,289.08,279.36,299.56226
43.38125,42.16875,246.18,241.38402,256.60605
43.38125,42.18125,173.24,181.00555,201.11617
43.38125,42.19375,190.22,194.6076,215.4711
43.38125,42.20625,269.61,258.88153,278.9992
43.38125,42.21875,276.97,269.15985,288.63437
43.38125,42.23125,332.54,322.14105,345.31644
43.38125,42.24375,341.83,331.57593,361.82513
43.38125,42.25625,345.59,336.0342,364.28818
43.38125,42.26875,298.5,289.13358,314.28836
43.38125,42.28125,336.54,325.19702,355.54282
43.38125,42.29375,364.26,351.37146,382.39627
43.38125,42.30625,331.31,317.3299,344.63846
43.38125,42.31875,272.63,272.86508,304.67545
43.38125,42.33125,344.07,335.2398,363.57886
43.38125,42.34375,384.85,377.9539,418.0374
43.38125,42.35625,374.46,360.95953,399.74316
43.38125,42.36875,359.61,348.3442,380.7184
43.38125,42.38125,382.07,372.13016,408.7319
43.38125,42.39375,401.81,397.7622,421.31964
43.38125,42.40625,438.89,444.74908,480.2651
43.38125,42.41875,422.88,426.01843,459.43002
43.38125,42.43125,420.21,428.78983,458.29495
43.38125,42.44375,444.49,450.53073,483.13446
43.38125,42.45625,445.71,450.0035,486.15057
43.38125,42.46875,440.93,444.1058,478.11707
43.38125,42.48125,437.63,434.80643,468.15652
43.38125,42.49375,416.56,407.98334,444.58044
43.38125,42.50625,403.46,391.81906,431.6969
43.38125,42.51875,396.62,381.82983,423.652
43.38125,42.53125,390.29,371.91397,418.58185
43.38125,42.54375,385.27,365.5932,413.10287
43.38125,42.55625,378.87,357.78992,396.94034
43.38125,42.56875,383.47,370.542,403.3766
43.38125,42.58125,408.85,401.3378,437.64752
43.38125,42.59375,381.59,367.08722,397.75574
43.38125,42.60625,378.08,362.36795,397.81842
43.38125,42.61875,399.15,389.88342,427.8017
43.38125,42.63125,375.64,359.883,395.9472
43.38125,42.64375,366.41,350.1929,381.00348
43.38125,42.65625,344.59,327.9037,356.3329
43.38125,42.66875,336.12,317.7184,349.3206
43.38125,42.68125,328.93,314.52252,343.15607
43.38125,42.69375,356.37,340.26724,366.67227
43.38125,42.70625,345.0,331.8217,358.9938
43.38125,42.71875,360.34,346.48355,374.3181
43.38125,42.73125,344.73,330.92508,356.85248
43.38125,42.74375,359.11,345.5818,374.71072
43.38125,42.75625,370.85,360.53354,389.631
43.38125,42.76875,358.1,344.43524,371.58554
43.38125,42.78125,367.7,353.93494,383.35455
43.38125,42.79375,363.84,354.40433,387.8015
43.38125,42.80625,377.51,373.34875,408.05786
43.38125,42.81875,380.34,389.46533,425.25287
43.38125,42.83125,351.37,347.34393,373.62323
43.38125,42.84375,317.46,307.63727,328.1874
43.38125,42.85625,294.53,281.0941,300.60275
43.38125,42.86875,277.54,264.45813,281.87347
43.38125,42.88125,267.18,256.21545,274.47522
43.38125,42.89375,239.82,229.09851,249.98117
43.38125,42.90625,163.65,166.19,188.44576
43.38125,42.91875,147.59,155.05698,174.59677
43.38125,42.93125,181.75,177.04623,199.13452
43.38125,42.94375,202.25,194.10977,212.04936
43.38125,42.95625,224.63,213.82828,234.07947
43.38125,42.96875,250.54,232.82338,260.1704
43.38125,42.98125,278.17,258.84207,291.6164
43.38125,42.99375,275.54,255.43263,290.0158
43.36875,42.00625,233.92,226.66203,245.79341
43.36875,42.01875,265.56,256.30023,268.3122
43.36875,42.03125,305.71,296.22845,318.47485
43.36875,42.04375,344.15,334.8274,360.7394
43.36875,42.05625,369.19,361.2821,390.99213
43.36875,42.06875,372.56,363.5027,401.8924
43.36875,42.08125,341.27,325.4895,355.82632
43.36875,42.09375,298.82,289.29938,317.63312
43.36875,42.10625,323.37,311.23218,338.4763
43.36875,42.11875,372.86,368.91678,405.0051
43.36875,42.13125,368.37,360.82767,396.1246
43.36875,42.14375,351.2,339.45215,364.8562
43.36875,42.15625,324.36,315.47125,340.65326
43.36875,42.16875,272.65,265.65512,283.08807
43.36875,42.18125,200.22,202.92093,222.1137
43.36875,42.19375,174.85,183.5316,206.24387
43.36875,42.20625,267.67,258.5316,279.61105
43.36875,42.21875,313.31,302.59253,326.44424
43.36875,42.23125,311.66,301.09888,322.8977
43.36875,42.24375,344.41,332.87378,362.56723
43.36875,42.25625,369.19,358.60214,388.90842
43.36875,42.26875,338.51,326.7801,355.7063
43.36875,42.28125,347.91,329.77405,363.13693
43.36875,42.29375,374.53,363.63452,398.0474
43.36875,42.30625,354.37,341.05853,368.43463
43.36875,42.31875,286.58,283.48538,313.9206
43.36875,42.33125,337.37,329.8242,358.2764
43.36875,42.34375,388.53,379.13345,414.9001
43.36875,42.35625,396.43,383.89606,420.68292
43.36875,42.36875,393.66,384.22275,423.43222
43.36875,42.38125,402.43,396.93457,433.32764
43.36875,42.39375,420.5,422.93817,454.59723
43.36875,42.40625,465.26,491.3142,527.1152
43.36875,42.41875,481.36,504.388,534.13086
43.36875,42.43125,484.1,512.36926,537.5667
43.36875,42.44375,492.83,526.56195,554.6968
43.36875,42.45625,493.17,520.6454,552.3323
43.36875,42.46875,484.08,506.4071,540.0729
43.36875,42.48125,459.42,467.89944,500.07916
43.36875,42.49375,438.97,434.93988,473.71976
43.36875,42.50625,425.18,414.79138,457.33173
43.36875,42.51875,408.45,392.52393,437.12805
43.36875,42.53125,398.81,380.76553,428.55408
43.36875,42.54375,392.27,370.01456,416.80722
43.36875,42.55625,392.42,369.65167,413.76526
43.36875,42.56875,401.87,388.821,425.9428
43.36875,42.58125,403.61,391.98465,423.57913
43.36875,42.59375,385.39,371.21442,401.55206
43.36875,42.60625,373.0,356.25296,390.60318
43.36875,42.61875,363.85,350.06042,381.8116
43.36875,42.63125,357.05,342.55984,374.25385
43.36875,42.64375,331.84,317.1073,347.97943
43.36875,42.65625,302.1,291.9327,320.19485
43.36875,42.66875,285.46,276.5223,308.95523
43.36875,42.68125,291.77,282.1134,313.36835
43.36875,42.69375,326.88,310.09622,342.90192
43.36875,42.70625,330.45,310.91278,341.54895
43.36875,42.71875,298.98,286.31845,310.1944
43.36875,42.73125,283.97,276.16922,302.75772
43.36875,42.74375,292.71,285.04715,305.91742
43.36875,42.75625,323.46,307.3317,333.27615
43.36875,42.76875,302.99,294.28696,319.18716
43.36875,42.78125,359.69,349.99594,380.9939
43.36875,42.79375,370.23,364.39627,396.3585
43.36875,42.80625,342.3,334.52017,356.26343
43.36875,42.81875,347.89,340.6377,366.79562
43.36875,42.83125,320.85,312.4816,327.40427
43.36875,42.84375,303.66,298.00638,307.80533
43.36875,42.85625,239.61,236.53616,251.32193
43.36875,42.86875,204.63,203.23721,221.33656
43.36875,42.88125,148.58,165.1761,181.02208
43.36875,42.89375,133.39,155.57774,170.49754
43.36875,42.90625,140.48,160.84518,175.28061
43.36875,42.91875,208.19,206.1306,224.01245
43.36875,42.93125,217.47,207.86331,226.30396
43.36875,42.94375,243.01,228.16438,253.51987
43.36875,42.95625,275.79,260.90518,286.95084
43.36875,42.96875,287.42,270.08594,294.6554
43.36875,42.98125,300.16,282.34647,310.0485
43.36875,42.99375,271.41,254.82399,282.21466
43.35625,42.00625,206.69,204.79877,229.92557
43.35625,42.01875,278.13,269.86716,292.26013
43.35625,42.03125,317.35,306.48962,330.87683
43.35625,42.04375,306.81,295.55374,318.69098
43.35625,42.05625,342.24,328.0987,357.63693
43.35625,42.06875,370.0,356.838,392.8335
43.35625,42.08125,367.85,355.4723,391.33548
43.35625,42.09375,308.92,298.365,328.1348
43.35625,42.10625,337.75,323.28107,353.8149
43.35625,42.11875,362.32,349.74545,381.0329
43.35625,42.13125,356.36,347.12216,370.60626
43.35625,42.14375,321.61,311.86838,331.74768
43.35625,42.15625,269.94,266.86533,285.83188
43.35625,42.16875,235.86,234.00371,252.33173
43.35625,42.18125,195.62,202.25491,221.4908
43.35625,42.19375,177.9,184.48535,209.57988
43.35625,42.20625,250.91,242.61145,262.43918
43.35625,42.21875,281.05,271.86105,293.77158
43.35625,42.23125,329.91,318.0727,347.06558
43.35625,42.24375,360.22,350.42316,382.87885
43.35625,42.25625,366.99,359.34213,391.13644
43.35625,42.26875,365.84,357.75183,390.72787
43.35625,42.28125,352.27,337.19666,368.54932
43.35625,42.29375,373.47,360.87976,397.2333
43.35625,42.30625,363.6,354.31686,380.9446
43.35625,42.31875,319.38,310.24146,337.3653
43.35625,42.33125,304.05,301.2836,327.70587
43.35625,42.34375,305.4,308.9382,337.00598
43.35625,42.35625,351.85,345.0691,377.71777
43.35625,42.36875,371.89,366.90543,401.16437
43.35625,42.38125,373.91,374.44565,396.6169
43.35625,42.39375,418.06,425.7217,449.9483
43.35625,42.40625,453.38,472.5658,502.59006
43.35625,42.41875,499.07,532.0213,569.3816
43.35625,42.43125,523.58,582.1062,624.7052
43.35625,42.44375,531.91,605.29944,652.7765
43.35625,42.45625,524.99,577.9455,620.97
43.35625,42.46875,504.47,542.02673,575.9932
43.35625,42.48125,478.67,492.6427,530.03064
43.35625,42.49375,453.68,455.48752,498.42773
43.35625,42.50625,435.32,426.48206,471.74667
43.35625,42.51875,418.89,404.15967,449.4207
43.35625,42.53125,407.65,388.97043,435.44116
43.35625,42.54375,400.65,380.01794,422.3062
43.35625,42.55625,400.64,381.1761,422.95135
43.35625,42.56875,410.14,394.63947,435.41156
43.35625,42.58125,382.65,367.1577,401.4247
43.35625,42.59375,344.37,334.70605,367.08606
43.35625,42.60625,342.61,332.51944,361.75894
43.35625,42.61875,343.55,330.01483,360.22763
43.35625,42.63125,343.28,328.6843,361.27988
43.35625,42.64375,299.01,292.0489,321.92926
43.35625,42.65625,329.74,318.94885,346.6517
43.35625,42.66875,350.25,337.30878,368.64685
43.35625,42.68125,303.32,295.19614,322.47455
43.35625,42.69375,284.52,275.5578,305.75586
43.35625,42.70625,277.83,269.7037,298.0647
43.35625,42.71875,271.64,262.203,292.9425
43.35625,42.73125,249.99,246.60687,273.50958
43.35625,42.74375,265.56,254.8582,279.66275
43.35625,42.75625,266.66,259.29022,283.77606
43.35625,42.76875,315.17,304.57834,329.54993
43.35625,42.78125,350.91,345.53354,373.25095
43.35625,42.79375,315.21,307.50113,322.73926
43.35625,42.80625,308.74,298.15137,317.8954
43.35625,42.81875,281.43,272.45667,287.26074
43.35625,42.83125,294.98,288.45282,300.08798
43.35625,42.84375,240.38,236.37755,251.09819
43.35625,42.85625,156.45,174.40894,185.5468
43.35625,42.86875,161.56,176.2606,192.65306
43.35625,42.88125,176.19,184.80933,203.39656
43.35625,42.89375,250.44,246.2985,264.8069
43.35625,42.90625,276.45,270.84323,286.84644
43.35625,42.91875,272.25,257.52313,272.07016
43.35625,42.93125,242.37,232.02092,257.145
43.35625,42.94375,253.88,243.21756,268.2514
43.35625,42.95625,256.9,244.27908,274.13443
43.35625,42.96875,290.33,273.89893,301.15604
43.35625,42.98125,315.52,299.56113,329.1093
43.35625,42.99375,332.3,322.88147,356.5848
43.34375,42.00625,199.71,201.0811,222.51624
43.34375,42.01875,273.84,262.70206,284.9573
43.34375,42.03125,328.16,316.48117,344.0777
43.34375,42.04375,362.26,354.58115,392.57336
43.34375,42.05625,347.6,331.83267,363.98596
43.34375,42.06875,369.45,352.96335,392.65506
43.34375,42.08125,352.09,334.3425,369.0191
43.34375,42.09375,326.37,310.9486,345.10928
43.34375,42.10625,360.61,344.0348,377.378
43.34375,42.11875,353.44,342.3611,372.81863
43.34375,42.13125,307.1,297.5826,320.87817
43.34375,42.14375,264.37,258.75928,282.34906
43.34375,42.15625,254.92,249.58224,272.2642
43.34375,42.16875,304.68,293.91028,315.58295
43.34375,42.18125,266.53,256.2779,274.84088
43.34375,42.19375,189.48,194.84866,219.62677
43.34375,42.20625,222.19,221.43027,239.34229
43.34375,42.21875,270.62,263.7235,282.80502
43.34375,42.23125,287.82,280.845,298.3464
43.34375,42.24375,306.84,297.4001,316.5041
43.34375,42.25625,305.05,293.1786,310.31342
43.34375,42.26875,307.13,298.3722,315.69794
43.34375,42.28125,344.64,334.8358,355.428
43.34375,42.29375,363.79,353.0942,381.66608
43.34375,42.30625,382.96,380.6891,412.68564
43.34375,42.31875,370.43,355.20633,386.63818
43.34375,42.33125,362.31,347.926,378.46494
43.34375,42.34375,373.52,360.86707,392.4804
43.34375,42.35625,357.08,348.4179,375.35468
43.34375,42.36875,361.52,357.71155,385.2124
43.34375,42.38125,394.25,399.04562,422.56598
43.34375,42.39375,458.11,488.85797,516.43994
43.34375,42.40625,492.12,534.8022,572.9336
43.34375,42.41875,507.21,546.5359,582.2793
43.34375,42.43125,519.65,562.1988,599.4204
43.34375,42.44375,528.71,582.3137,625.2817
43.34375,42.45625,527.06,597.74854,639.0211
43.34375,42.46875,505.3,541.8701,576.69885
43.34375,42.48125,478.8,493.2665,530.62445
43.34375,42.49375,457.41,458.20016,503.8864
43.34375,42.50625,441.2,433.14594,479.87396
43.34375,42.51875,429.75,416.4451,463.79837
43.34375,42.53125,427.97,413.73688,460.30936
43.34375,42.54375,412.65,398.09048,437.47345
43.34375,42.55625,422.37,413.16574,452.1434
43.34375,42.56875,392.3,379.76645,418.18787
43.34375,42.58125,390.29,378.04556,410.0609
43.34375,42.59375,386.62,376.3447,407.69598
43.34375,42.60625,404.03,391.69446,427.2216
43.34375,42.61875,377.96,361.8348,398.99683
43.34375,42.63125,343.65,332.5546,360.3695
43.34375,42.64375,350.19,337.6964,365.72577
43.34375,42.65625,368.12,355.86584,384.155
43.34375,42.66875,378.9,369.89194,399.35318
43.34375,42.68125,357.77,342.10678,370.57156
43.34375,42.69375,347.65,332.52155,361.17386
43.34375,42.70625,317.94,303.05603,330.31345
43.34375,42.71875,328.62,312.06512,340.2377
43.34375,42.73125,314.45,300.0384,333.17413
43.34375,42.74375,253.51,246.22905,270.3462
43.34375,42.75625,248.29,242.73048,262.641
43.34375,42.76875,296.56,288.83948,305.82504
43.34375,42.78125,325.31,321.5286,339.5113
43.34375,42.79375,285.5,276.9993,289.91058
43.34375,42.80625,224.03,225.12918,240.57054
43.34375,42.81875,235.31,231.18929,249.94633
43.34375,42.83125,191.81,198.81224,215.71356
43.34375,42.84375,139.26,164.81543,179.68977
43.34375,42.85625,171.51,189.67366,205.1935
43.34375,42.86875,258.54,251.95499,273.2066
43.34375,42.88125,202.28,211.96,226.50493
43.34375,42.89375,276.7,270.55695,282.73682
43.34375,42.90625,308.96,297.64844,319.4567
43.34375,42.91875,268.38,263.40567,283.5649
43.34375,42.93125,290.82,283.3164,305.74933
43.34375,42.94375,300.12,288.8329,311.87744
43.34375,42.95625,293.71,281.99347,308.95853
43.34375,42.96875,294.76,281.7903,308.72906
43.34375,42.98125,333.05,320.6921,352.96545
43.34375,42.99375,349.95,336.73474,369.15128
43.33125,42.00625,181.16,192.246,214.1443
43.33125,42.01875,291.58,281.2767,304.15256
43.33125,42.03125,302.52,291.51257,312.58533
43.33125,42.04375,329.25,315.49463,344.51077
43.33125,42.05625,370.22,358.1201,394.65387
43.33125,42.06875,364.46,347.62717,385.6475
43.33125,42.08125,341.2,326.0505,358.71344
43.33125,42.09375,368.33,354.87817,395.5703
43.33125,42.10625,329.76,314.9758,348.1599
43.33125,42.11875,294.47,289.57944,313.3266
43.33125,42.13125,317.3,306.33182,328.87314
43.33125,42.14375,324.89,311.632,335.36588
43.33125,42.15625,280.46,271.6464,295.52536
43.33125,42.16875,329.15,321.71262,346.53284
43.33125,42.18125,267.67,259.85602,280.12634
43.33125,42.19375,189.05,200.32358,217.2221
43.33125,42.20625,244.45,239.58963,258.16754
43.33125,42.21875,208.68,215.46606,232.60756
43.33125,42.23125,194.18,206.52141,226.13171
43.33125,42.24375,208.55,213.6156,237.10732
43.33125,42.25625,219.27,223.34169,248.29877
43.33125,42.26875,252.4,250.14494,270.09277
43.33125,42.28125,303.32,291.18658,316.2599
43.33125,42.29375,334.46,323.38696,338.5287
43.33125,42.30625,360.99,348.23773,375.31497
43.33125,42.31875,358.84,347.55103,373.3356
43.33125,42.33125,363.83,352.34195,380.53192
43.33125,42.34375,387.22,377.57745,412.85065
43.33125,42.35625,406.18,399.45288,434.87033
43.33125,42.36875,409.93,406.94766,439.32755
43.33125,42.38125,430.57,439.6167,466.73584
43.33125,42.39375,423.29,438.8518,455.87894
43.33125,42.40625,437.16,455.41888,476.5468
43.33125,42.41875,460.81,475.92508,507.70786
43.33125,42.43125,477.89,503.94418,532.983
43.33125,42.44375,491.79,519.4641,550.3838
43.33125,42.45625,492.73,518.8574,552.598
43.33125,42.46875,477.06,493.02414,520.67914
43.33125,42.48125,464.53,469.10992,506.3047
43.33125,42.49375,440.6,436.25803,477.39014
43.33125,42.50625,433.45,423.1534,464.85745
43.33125,42.51875,432.34,422.22183,466.30713
43.33125,42.53125,411.13,400.74658,440.48367
43.33125,42.54375,409.87,398.5822,437.0503
43.33125,42.55625,378.98,365.84125,401.98334
43.33125,42.56875,378.06,367.66437,399.00024
43.33125,42.58125,408.34,397.676,432.84247
43.33125,42.59375,417.18,409.89297,440.7905
43.33125,42.60625,412.23,403.31927,440.175
43.33125,42.61875,392.97,381.0335,412.527
43.33125,42.63125,386.61,375.2985,405.95587
43.33125,42.64375,370.76,361.21405,391.82452
43.33125,42.65625,398.47,390.67148,425.16605
43.33125,42.66875,385.79,372.93164,410.24228
43.33125,42.68125,366.31,352.24405,385.91287
43.33125,42.69375,353.76,342.8256,369.60474
43.33125,42.70625,341.91,331.43524,358.0331
43.33125,42.71875,311.48,299.59656,319.8459
43.33125,42.73125,288.92,275.48343,301.33264
43.33125,42.74375,255.66,244.35274,264.97562
43.33125,42.75625,207.06,211.699,228.63112
43.33125,42.76875,271.82,263.07535,278.78244
43.33125,42.78125,231.82,232.73457,245.94226
43.33125,42.79375,192.56,200.39703,212.16127
43.33125,42.80625,160.25,177.17412,194.883
43.33125,42.81875,156.28,171.38968,195.70018
43.33125,42.83125,155.32,176.04286,194.99796
43.33125,42.84375,232.89,231.03671,248.75122
43.33125,42.85625,271.03,264.35007,279.29767
43.33125,42.86875,255.89,252.01701,267.6879
43.33125,42.88125,254.38,256.19778,269.98718
43.33125,42.89375,313.88,307.82166,322.54074
43.33125,42.90625,340.7,335.4016,362.23053
43.33125,42.91875,297.32,293.9194,316.03564
43.33125,42.93125,350.86,345.68375,368.76587
43.33125,42.94375,339.41,331.17392,358.73938
43.33125,42.95625,349.52,337.93738,368.60864
43.33125,42.96875,332.34,316.76694,348.63153
43.33125,42.98125,316.02,303.8944,335.30347
43.33125,42.99375,359.84,348.45688,384.54135
43.31875,42.00625,203.75,205.59961,228.36247
43.31875,42.01875,287.66,275.1701,296.0127
43.31875,42.03125,325.11,311.71408,335.53088
43.31875,42.04375,346.33,332.41885,359.72244
43.31875,42.05625,364.26,349.85986,377.28845
43.31875,42.06875,377.88,367.0481,402.10767
43.31875,42.08125,379.4,367.98795,404.68658
43.31875,42.09375,361.12,347.9816,374.85385
43.31875,42.10625,346.81,332.4536,355.04755
43.31875,42.11875,358.7,343.06686,374.8468
43.31875,42.13125,369.29,359.84286,395.10852
43.31875,42.14375,304.41,295.66425,317.0092
43.31875,42.15625,348.07,342.7215,369.83228
43.31875,42.16875,293.4,284.57422,299.02252
43.31875,42.18125,219.26,224.36574,241.95103
43.31875,42.19375,244.72,243.90413,261.2559
43.31875,42.20625,317.6,309.33295,325.31406
43.31875,42.21875,307.23,297.2917,311.74615
43.31875,42.23125,287.76,280.65744,298.39087
43.31875,42.24375,211.04,218.54858,239.43678
43.31875,42.25625,270.27,260.5151,283.44965
43.31875,42.26875,257.4,254.9863,275.69064
43.31875,42.28125,224.86,231.44054,255.46603
43.31875,42.29375,269.56,267.32233,288.54306
43.31875,42.30625,310.39,300.89975,326.9969
43.31875,42.31875,307.59,300.98077,326.034
43.31875,42.33125,366.42,354.11023,381.20743
43.31875,42.34375,381.45,371.1386,402.7628
43.31875,42.35625,378.42,368.9491,395.35916
43.31875,42.36875,388.26,380.56976,408.9928
43.31875,42.38125,364.95,363.20145,389.6284
43.31875,42.39375,362.3,365.31522,391.92935
43.31875,42.40625,417.3,419.86035,447.53574
43.31875,42.41875,441.44,439.9752,478.98584
43.31875,42.43125,435.39,439.34103,473.54193
43.31875,42.44375,455.97,460.3325,497.52362
43.31875,42.45625,458.54,463.11285,503.60168
43.31875,42.46875,451.6,451.18246,489.67053
43.31875,42.48125,442.16,437.1087,475.76587
43.31875,42.49375,435.81,428.00903,467.06778
43.31875,42.50625,422.53,410.5117,454.5229
43.31875,42.51875,396.64,383.84525,423.6139
43.31875,42.53125,382.32,366.48932,396.51007
43.31875,42.54375,401.97,389.31943,422.99673
43.31875,42.55625,388.35,374.30103,406.36792
43.31875,42.56875,354.18,342.8577,377.30322
43.31875,42.58125,334.76,327.68393,357.2981
43.31875,42.59375,367.97,360.38882,385.49
43.31875,42.60625,389.48,380.2428,407.61322
43.31875,42.61875,417.53,415.95438,453.3438
43.31875,42.63125,418.59,414.73413,451.55084
43.31875,42.64375,408.14,403.90372,436.7859
43.31875,42.65625,405.3,403.5857,437.57153
43.31875,42.66875,383.92,377.26642,403.21368
43.31875,42.68125,377.19,373.1784,404.49698
43.31875,42.69375,348.6,339.3552,367.36566
43.31875,42.70625,304.28,293.6312,316.42346
43.31875,42.71875,264.22,255.56628,275.0103
43.31875,42.73125,226.32,226.43352,242.96251
43.31875,42.74375,224.99,217.77649,241.04561
43.31875,42.75625,209.7,206.41684,229.0733
43.31875,42.76875,157.64,173.9976,196.0759
43.31875,42.78125,157.33,175.89812,195.73227
43.31875,42.79375,172.94,188.2543,207.33934
43.31875,42.80625,187.46,200.88925,217.34734
43.31875,42.81875,231.0,235.06232,252.41226
43.31875,42.83125,212.83,224.34158,232.9933
43.31875,42.84375,268.6,265.42355,273.69635
43.31875,42.85625,313.21,307.17126,330.00943
43.31875,42.86875,262.96,262.19333,280.93256
43.31875,42.88125,294.12,291.65833,308.8638
43.31875,42.89375,359.07,357.83646,376.78473
43.31875,42.90625,369.03,364.32822,390.6533
43.31875,42.91875,336.83,334.69012,356.6324
43.31875,42.93125,340.54,336.76132,359.38022
43.31875,42.94375,383.62,381.87204,414.6171
43.31875,42.95625,377.72,369.25763,400.71753
43.31875,42.96875,355.25,344.91614,374.35056
43.31875,42.98125,351.29,337.08932,369.24213
43.31875,42.99375,355.71,339.41943,366.3409
43.30625,42.00625,198.72,201.51244,227.18665
43.30625,42.01875,225.17,225.46353,241.35886
43.30625,42.03125,251.3,249.2365,267.56436
43.30625,42.04375,280.78,273.76804,297.2895
43.30625,42.05625,322.27,308.20358,334.57083
43.30625,42.06875,363.28,347.94608,373.82407
43.30625,42.08125,379.5,368.2859,402.14825
43.30625,42.09375,390.55,386.17908,420.63367
43.30625,42.10625,381.08,369.11984,402.80582
43.30625,42.11875,386.17,375.3898,414.3835
43.30625,42.13125,345.76,332.35635,363.33026
43.30625,42.14375,352.3,343.79117,371.9063
43.30625,42.15625,361.86,371.5547,402.34348
43.30625,42.16875,303.87,298.7824,317.13864
43.30625,42.18125,209.02,217.84259,241.87228
43.30625,42.19375,282.48,274.78415,291.7118
43.30625,42.20625,340.38,333.27655,357.11655
43.30625,42.21875,357.18,348.53278,381.02054
43.30625,42.23125,322.8,311.86673,331.51093
43.30625,42.24375,255.25,253.15709,272.877
43.30625,42.25625,250.84,249.7474,272.5709
43.30625,42.26875,332.57,324.4736,351.0794
43.30625,42.28125,300.01,289.8267,312.13876
43.30625,42.29375,279.24,272.4396,292.22156
43.30625,42.30625,238.15,243.63005,269.861
43.30625,42.31875,253.71,257.31067,279.46118
43.30625,42.33125,311.65,305.67313,328.59534
43.30625,42.34375,311.15,308.42773,334.61987
43.30625,42.35625,353.46,346.5793,372.78806
43.30625,42.36875,323.62,322.47116,345.26373
43.30625,42.38125,323.65,322.40152,353.2545
43.30625,42.39375,354.24,354.2498,384.78366
43.30625,42.40625,412.17,404.18613,441.57074
43.30625,42.41875,419.32,409.6676,452.90515
43.30625,42.43125,410.69,402.38077,442.6542
43.30625,42.44375,429.67,422.35443,465.00394
43.30625,42.45625,428.87,423.5528,464.67807
43.30625,42.46875,433.69,427.07736,468.5871
43.30625,42.48125,422.1,413.6453,451.14096
43.30625,42.49375,402.34,392.13797,425.19516
43.30625,42.50625,382.41,370.8111,404.3912
43.30625,42.51875,405.13,395.18268,430.78632
43.30625,42.53125,378.08,365.55078,396.35028
43.30625,42.54375,325.97,319.87894,344.21692
43.30625,42.55625,336.62,330.67026,356.87796
43.30625,42.56875,367.91,356.2344,386.18384
43.30625,42.58125,359.41,347.78897,377.4905
43.30625,42.59375,325.56,316.2457,344.53387
43.30625,42.60625,382.15,373.298,398.6243
43.30625,42.61875,391.37,381.35345,409.735
43.30625,42.63125,404.3,402.0747,434.5783
43.30625,42.64375,367.08,359.59955,385.3768
43.30625,42.65625,336.44,329.71393,344.72086
43.30625,42.66875,347.85,340.55322,358.74088
43.30625,42.68125,306.84,301.26465,314.91663
43.30625,42.69375,308.58,300.41895,313.7044
43.30625,42.70625,296.69,286.8658,302.271
43.30625,42.71875,238.2,236.24268,252.31256
43.30625,42.73125,209.91,210.33871,230.71915
43.30625,42.74375,166.72,178.06502,203.1288
43.30625,42.75625,165.3,176.6578,202.47415
43.30625,42.76875,241.7,238.72629,256.3454
43.30625,42.78125,269.13,266.94684,279.13702
43.30625,42.79375,284.01,280.12466,291.20142
43.30625,42.80625,291.37,286.56564,299.4394
43.30625,42.81875,296.41,291.8281,304.43216
43.30625,42.83125,291.82,289.97018,305.64948
43.30625,42.84375,341.73,338.74927,355.85934
43.30625,42.85625,350.19,350.7605,376.92197
43.30625,42.86875,279.16,280.58063,299.78937
43.30625,42.88125,295.79,297.60092,319.07748
43.30625,42.89375,360.6,358.23904,384.909
43.30625,42.90625,403.04,404.35483,435.71323
43.30625,42.91875,381.06,375.13254,403.0093
43.30625,42.93125,377.34,367.73557,395.97784
43.30625,42.94375,411.56,413.5685,447.11176
43.30625,42.95625,391.67,387.1488,415.68832
43.30625,42.96875,382.85,375.83633,403.21005
43.30625,42.98125,377.56,368.05002,394.73227
43.30625,42.99375,380.5,373.17096,400.8606
43.29375,42.00625,227.63,222.9337,251.40302
43.29375,42.01875,229.01,229.3797,249.40088
43.29375,42.03125,310.86,298.99802,327.80203
43.29375,42.04375,273.06,270.9123,293.44873
43.29375,42.05625,268.39,264.93713,290.91162
43.29375,42.06875,320.57,310.71198,336.41467
43.29375,42.08125,340.13,328.90356,354.31134
43.29375,42.09375,377.32,365.8594,396.00012
43.29375,42.10625,383.97,373.50354,404.82578
43.29375,42.11875,387.18,376.82584,414.66022
43.29375,42.13125,358.76,342.93234,375.45575
43.29375,42.14375,372.93,366.92166,405.22794
43.29375,42.15625,338.96,330.37155,351.46103
43.29375,42.16875,264.96,262.19357,275.9202
43.29375,42.18125,227.11,232.78737,255.70314
43.29375,42.19375,307.57,310.86417,324.01154
43.29375,42.20625,362.18,355.6145,375.8254
43.29375,42.21875,356.09,346.94724,374.73917
43.29375,42.23125,344.19,332.83597,351.96527
43.29375,42.24375,281.68,274.76166,299.50107
43.29375,42.25625,244.99,244.9465,269.66708
43.29375,42.26875,331.13,319.25266,342.26132
43.29375,42.28125,358.53,349.1388,377.5077
43.29375,42.29375,341.3,326.5332,346.9671
43.29375,42.30625,327.76,313.51123,341.5848
43.29375,42.31875,250.04,252.40535,278.23816
43.29375,42.33125,279.25,276.51328,298.41315
43.29375,42.34375,273.35,275.05807,298.01828
43.29375,42.35625,269.97,274.5483,302.99847
43.29375,42.36875,352.85,344.80508,376.20694
43.29375,42.38125,363.78,353.62396,381.01105
43.29375,42.39375,392.88,385.1655,417.95724
43.29375,42.40625,397.17,380.1163,422.16998
43.29375,42.41875,393.69,379.95355,425.78665
43.29375,42.43125,397.95,384.99902,425.0756
43.29375,42.44375,404.64,392.70715,433.39523
43.29375,42.45625,402.2,391.2214,430.40692
43.29375,42.46875,397.12,386.20288,422.45255
43.29375,42.48125,390.9,380.0519,415.9057
43.29375,42.49375,361.32,353.98868,381.56497
43.29375,42.50625,322.27,325.8987,351.1796
43.29375,42.51875,373.53,367.58502,392.06696
43.29375,42.53125,406.07,407.19427,440.9953
43.29375,42.54375,376.79,366.93484,396.36386
43.29375,42.55625,332.82,326.42862,350.3522
43.29375,42.56875,283.47,285.35703,311.42624
43.29375,42.58125,278.19,278.2971,307.3316
43.29375,42.59375,275.81,277.94113,299.93616
43.29375,42.60625,324.05,314.85986,340.83722
43.29375,42.61875,345.92,337.10397,355.0045
43.29375,42.63125,383.71,383.85458,411.5994
43.29375,42.64375,362.47,357.4561,377.00812
43.29375,42.65625,322.68,316.42792,337.6896
43.29375,42.66875,251.03,256.15683,272.05524
43.29375,42.68125,278.19,270.22104,286.0936
43.29375,42.69375,227.69,231.05562,253.1961
43.29375,42.70625,203.12,209.90767,228.02605
43.29375,42.71875,166.27,182.63486,203.4321
43.29375,42.73125,185.54,197.53159,210.67868
43.29375,42.74375,240.24,236.17833,255.0657
43.29375,42.75625,212.4,216.50043,230.7309
43.29375,42.76875,247.44,243.79033,259.65793
43.29375,42.78125,321.32,316.784,336.26257
43.29375,42.79375,348.08,346.96786,371.59988
43.29375,42.80625,346.07,340.63464,359.94107
43.29375,42.81875,355.41,347.01794,370.98648
43.29375,42.83125,357.69,353.43494,375.48148
43.29375,42.84375,355.0,348.6736,372.01425
43.29375,42.85625,378.94,379.49585,408.48355
43.29375,42.86875,303.14,305.11975,329.81168
43.29375,42.88125,301.84,302.11914,328.17548
43.29375,42.89375,359.06,353.18155,380.7298
43.29375,42.90625,399.32,398.36618,430.72452
43.29375,42.91875,426.69,438.1331,477.63507
43.29375,42.93125,413.5,406.96878,445.0984
43.29375,42.94375,414.95,412.07104,448.52454
43.29375,42.95625,424.49,423.2811,458.954
43.29375,42.96875,427.22,443.55154,479.45422
43.29375,42.98125,404.04,405.7782,434.16516
43.29375,42.99375,358.56,346.28787,370.8234
43.28125,42.00625,225.55,226.77782,254.89691
43.28125,42.01875,237.42,239.88263,257.41132
43.28125,42.03125,319.66,306.28433,325.60092
43.28125,42.04375,331.58,318.38608,343.8747
43.28125,42.05625,325.12,312.49197,339.43594
43.28125,42.06875,295.66,287.7913,313.54193
43.28125,42.08125,355.23,338.0315,371.45786
43.28125,42.09375,350.0,337.9975,367.93817
43.28125,42.10625,367.9,352.5777,387.53912
43.28125,42.11875,390.56,391.43402,427.10153
43.28125,42.13125,350.68,337.96143,357.60004
43.28125,42.14375,354.46,340.81317,367.43137
43.28125,42.15625,330.78,319.51233,346.70184
43.28125,42.16875,240.82,241.15512,264.53436
43.28125,42.18125,271.17,266.57593,288.2067
43.28125,42.19375,329.49,320.68216,336.5208
43.28125,42.20625,382.1,385.6437,418.52197
43.28125,42.21875,387.43,389.14148,422.30136
43.28125,42.23125,348.54,339.08084,363.2338
43.28125,42.24375,283.38,276.27573,298.75494
43.28125,42.25625,234.53,239.08241,266.219
43.28125,42.26875,317.92,305.61407,329.2107
43.28125,42.28125,358.95,345.92664,371.6659
43.28125,42.29375,364.39,350.47562,386.02765
43.28125,42.30625,323.83,309.17215,336.47653
43.28125,42.31875,274.24,270.44446,296.56107
43.28125,42.33125,340.12,329.57736,354.4691
43.28125,42.34375,359.65,350.44382,380.93774
43.28125,42.35625,301.97,296.15347,322.00372
43.28125,42.36875,288.68,292.76105,316.30533
43.28125,42.38125,365.38,353.76688,380.66556
43.28125,42.39375,386.18,372.5049,400.35367
43.28125,42.40625,399.09,384.7936,421.63495
43.28125,42.41875,390.66,372.20706,415.47586
43.28125,42.43125,382.24,366.3156,398.2342
43.28125,42.44375,369.23,356.967,387.572
43.28125,42.45625,360.04,348.81393,380.59668
43.28125,42.46875,370.86,358.44742,390.23407
43.28125,42.48125,342.12,336.18225,365.8496
43.28125,42.49375,351.68,338.60434,371.51852
43.28125,42.50625,293.38,295.12805,321.95474
43.28125,42.51875,308.35,307.3233,325.3035
43.28125,42.53125,364.26,354.72842,379.36392
43.28125,42.54375,394.3,395.23734,430.7351
43.28125,42.55625,381.31,374.58563,399.9602
43.28125,42.56875,358.59,344.83337,373.36737
43.28125,42.58125,348.64,338.32095,366.02588
43.28125,42.59375,327.2,320.18567,345.27884
43.28125,42.60625,266.26,266.99927,290.94943
43.28125,42.61875,294.15,287.80212,304.28333
43.28125,42.63125,335.17,328.08218,346.8065
43.28125,42.64375,336.41,331.78552,345.6166
43.28125,42.65625,260.26,264.12216,277.5824
43.28125,42.66875,255.84,251.92966,271.72607
43.28125,42.68125,209.33,212.4802,239.752
43.28125,42.69375,193.71,199.34288,225.41818
43.28125,42.70625,186.82,201.50891,216.85922
43.28125,42.71875,238.55,240.59926,254.11018
43.28125,42.73125,238.16,242.12195,253.67854
43.28125,42.74375,312.3,307.17938,330.78934
43.28125,42.75625,257.06,254.6091,272.84546
43.28125,42.76875,205.31,218.09305,234.52367
43.28125,42.78125,295.05,288.13498,306.8156
43.28125,42.79375,345.72,339.61313,361.25836
43.28125,42.80625,367.88,361.69974,387.94308
43.28125,42.81875,398.16,400.06726,435.31543
43.28125,42.83125,410.04,413.0851,444.1794
43.28125,42.84375,399.24,391.52628,421.5443
43.28125,42.85625,362.96,357.49487,375.02063
43.28125,42.86875,320.95,317.99783,344.47183
43.28125,42.88125,296.84,299.34164,325.30002
43.28125,42.89375,369.27,358.70212,389.71912
43.28125,42.90625,402.42,395.6458,426.84695
43.28125,42.91875,408.14,400.15118,438.2927
43.28125,42.93125,429.62,424.6966,467.374
43.28125,42.94375,427.33,427.174,466.6837
43.28125,42.95625,394.07,388.8178,422.99496
43.28125,42.96875,376.44,368.8465,398.01108
43.28125,42.98125,354.83,345.21155,369.9773
43.28125,42.99375,335.75,321.3777,343.5968
43.26875,42.00625,220.92,222.70166,254.07481
43.26875,42.01875,251.6,249.16438,269.57715
43.26875,42.03125,336.49,326.63892,352.49033
43.26875,42.04375,354.02,340.28363,372.76443
43.26875,42.05625,352.5,339.52628,367.0867
43.26875,42.06875,314.28,302.9783,329.59714
43.26875,42.08125,348.93,331.607,362.90802
43.26875,42.09375,375.28,360.50244,399.65646
43.26875,42.10625,385.31,376.868,412.52557
43.26875,42.11875,352.8,342.1016,363.73453
43.26875,42.13125,313.59,303.4907,323.52307
43.26875,42.14375,261.31,260.3825,283.9531
43.26875,42.15625,254.66,257.29086,279.06516
43.26875,42.16875,250.85,250.27847,272.62872
43.26875,42.18125,292.04,284.08044,307.96378
43.26875,42.19375,343.18,332.4617,353.37494
43.26875,42.20625,364.28,356.6221,384.7874
43.26875,42.21875,390.13,391.79953,429.06348
43.26875,42.23125,370.84,362.3574,388.83612
43.26875,42.24375,328.48,319.7375,340.38046
43.26875,42.25625,250.02,251.31609,275.95636
43.26875,42.26875,270.36,265.92798,287.4311
43.26875,42.28125,324.43,312.4504,338.20334
43.26875,42.29375,366.59,355.4978,386.3562
43.26875,42.30625,340.46,324.42282,355.8172
43.26875,42.31875,276.51,274.15445,303.7448
43.26875,42.33125,348.62,333.88144,362.5692
43.26875,42.34375,382.88,374.27744,405.63437
43.26875,42.35625,366.77,352.22815,379.7712
43.26875,42.36875,338.21,325.78125,356.9812
43.26875,42.38125,290.07,290.5346,316.8897
43.26875,42.39375,339.4,326.2961,355.98074
43.26875,42.40625,373.31,358.85455,394.38242
43.26875,42.41875,389.9,375.7498,415.22174
43.26875,42.43125,362.83,348.92654,377.93378
43.26875,42.44375,321.53,313.295,342.4832
43.26875,42.45625,268.86,283.3151,310.51205
43.26875,42.46875,294.89,292.37344,321.19254
43.26875,42.48125,279.57,282.00403,308.68173
43.26875,42.49375,307.42,300.11984,328.96014
43.26875,42.50625,320.65,310.23834,343.27856
43.26875,42.51875,287.07,282.5444,308.10028
43.26875,42.53125,341.64,332.82312,352.12714
43.26875,42.54375,370.02,365.42474,390.04224
43.26875,42.55625,365.36,359.51813,383.04565
43.26875,42.56875,349.23,340.43622,365.02078
43.26875,42.58125,338.57,331.14362,355.19995
43.26875,42.59375,333.32,324.93045,348.16415
43.26875,42.60625,332.09,322.51456,353.2819
43.26875,42.61875,270.78,265.64963,289.37732
43.26875,42.63125,256.6,250.79164,266.49115
43.26875,42.64375,259.98,255.2874,272.36536
43.26875,42.65625,207.49,214.39629,229.15056
43.26875,42.66875,189.34,199.53325,226.479
43.26875,42.68125,216.29,218.90358,239.03775
43.26875,42.69375,241.7,242.97629,259.01605
43.26875,42.70625,261.84,262.9762,272.06732
43.26875,42.71875,316.88,311.2546,320.34824
43.26875,42.73125,299.27,295.07953,309.53174
43.26875,42.74375,307.07,298.29562,321.8681
43.26875,42.75625,309.45,300.9297,321.11038
43.26875,42.76875,231.62,240.50876,258.89514
43.26875,42.78125,246.9,250.08119,266.8968
43.26875,42.79375,324.22,318.04144,338.12335
43.26875,42.80625,369.99,368.976,386.7436
43.26875,42.81875,406.25,408.01163,437.14178
43.26875,42.83125,410.93,410.96262,442.33228
43.26875,42.84375,430.48,454.61777,490.34375
43.26875,42.85625,394.69,402.13107,426.371
43.26875,42.86875,374.34,365.76373,385.18344
43.26875,42.88125,357.47,343.93713,375.19836
43.26875,42.89375,396.23,388.9217,423.1618
43.26875,42.90625,407.96,395.55136,428.97153
43.26875,42.91875,424.05,420.07065,459.6527
43.26875,42.93125,429.6,424.31555,464.2327
43.26875,42.94375,423.01,413.13028,452.30984
43.26875,42.95625,426.55,424.24182,463.83652
43.26875,42.96875,415.9,406.98273,442.6198
43.26875,42.98125,401.34,387.70172,423.62817
43.26875,42.99375,373.75,354.51172,383.3696
43.25625,42.00625,214.96,219.27402,244.48642
43.25625,42.01875,256.16,248.49013,267.49896
43.25625,42.03125,299.59,289.80807,313.78714
43.25625,42.04375,340.81,330.32657,354.9388
43.25625,42.05625,366.18,357.9216,388.7121
43.25625,42.06875,370.56,360.35168,386.1199
43.25625,42.08125,363.11,353.73016,380.9936
43.25625,42.09375,385.31,371.86322,409.70642
43.25625,42.10625,364.85,349.43652,384.7046
43.25625,42.11875,323.58,309.83185,336.4639
43.25625,42.13125,258.12,256.0811,286.68445
43.25625,42.14375,312.31,299.2155,328.81265
43.25625,42.15625,342.61,329.943,357.13202
43.25625,42.16875,320.63,310.00195,334.1523
43.25625,42.18125,246.02,250.54979,279.06183
43.25625,42.19375,334.51,322.75208,351.57062
43.25625,42.20625,365.79,351.53656,381.28036
43.25625,42.21875,377.89,365.17056,398.86523
43.25625,42.23125,366.94,362.77457,391.36893
43.25625,42.24375,310.84,300.55466,321.69037
43.25625,42.25625,331.2,320.26572,345.2457
43.25625,42.26875,316.38,304.06766,328.24356
43.25625,42.28125,268.97,267.17026,291.4919
43.25625,42.29375,340.76,326.0458,357.41266
43.25625,42.30625,357.93,343.23605,375.2282
43.25625,42.31875,289.56,283.34573,313.43402
43.25625,42.33125,346.41,331.73596,360.59515
43.25625,42.34375,388.86,383.91025,420.61703
43.25625,42.35625,383.57,367.57574,405.55762
43.25625,42.36875,363.45,346.04117,376.27704
43.25625,42.38125,353.4,335.12357,366.69266
43.25625,42.39375,352.95,335.36633,367.3153
43.25625,42.40625,369.08,352.603,387.8189
43.25625,42.41875,385.92,368.40823,405.89508
43.25625,42.43125,369.14,351.79922,384.53192
43.25625,42.44375,372.56,358.93652,383.82983
43.25625,42.45625,344.43,331.09296,354.4713
43.25625,42.46875,359.04,351.68774,376.46597
43.25625,42.48125,300.87,295.86887,316.1186
43.25625,42.49375,253.07,257.39743,281.1823
43.25625,42.50625,247.13,248.4199,278.26547
43.25625,42.51875,245.65,247.06033,273.1979
43.25625,42.53125,283.2,276.3237,296.32132
43.25625,42.54375,277.6,273.03342,293.31052
43.25625,42.55625,281.67,274.7499,295.25687
43.25625,42.56875,278.44,270.3234,290.27908
43.25625,42.58125,276.92,268.11725,289.05133
43.25625,42.59375,265.74,258.7819,278.7872
43.25625,42.60625,261.39,253.21608,276.14197
43.25625,42.61875,250.64,244.31497,264.3871
43.25625,42.63125,255.1,247.7663,275.19482
43.25625,42.64375,201.33,204.20222,229.10196
43.25625,42.65625,214.23,218.49472,236.92105
43.25625,42.66875,258.93,251.71437,272.05338
43.25625,42.68125,287.6,279.10364,294.89267
43.25625,42.69375,318.32,311.89157,325.8308
43.25625,42.70625,339.08,336.19946,348.29984
43.25625,42.71875,361.43,367.4495,379.45862
43.25625,42.73125,338.99,343.7482,358.7281
43.25625,42.74375,314.44,314.51263,327.8983
43.25625,42.75625,337.38,332.14236,347.4362
43.25625,42.76875,296.8,293.439,307.61725
43.25625,42.78125,236.73,245.00583,266.12
43.25625,42.79375,266.39,271.68677,292.3665
43.25625,42.80625,319.26,317.30444,335.40662
43.25625,42.81875,374.84,367.87192,395.1595
43.25625,42.83125,393.48,391.83582,422.6747
43.25625,42.84375,413.71,411.0314,444.91986
43.25625,42.85625,438.5,450.96085,490.67657
43.25625,42.86875,402.73,405.93692,432.37753
43.25625,42.88125,377.23,374.0668,403.4749
43.25625,42.89375,390.74,380.08102,412.8328
43.25625,42.90625,405.58,400.3176,433.23645
43.25625,42.91875,433.76,433.10474,474.73715
43.25625,42.93125,412.42,404.84164,442.77145
43.25625,42.94375,388.85,377.17578,412.23654
43.25625,42.95625,406.6,398.83838,431.25046
43.25625,42.96875,394.72,381.23474,414.77148
43.25625,42.98125,375.2,358.89987,391.7974
43.25625,42.99375,381.45,360.4756,389.35535
43.24375,42.00625,301.1,286.50314,307.66248
43.24375,42.01875,292.79,278.9036,298.59137
43.24375,42.03125,252.79,251.33917,271.8158
43.24375,42.04375,277.46,269.37482,289.1515
43.24375,42.05625,290.33,282.76706,308.98358
43.24375,42.06875,321.92,314.22845,337.42886
43.24375,42.08125,368.89,359.92972,390.35962
43.24375,42.09375,383.29,372.03967,406.71045
43.24375,42.10625,367.7,356.915,389.89682
43.24375,42.11875,307.86,297.14557,318.44238
43.24375,42.13125,268.36,272.2459,293.9801
43.24375,42.14375,343.01,329.8403,349.7716
43.24375,42.15625,367.23,359.33237,387.18997
43.24375,42.16875,341.85,330.56732,349.30206
43.24375,42.18125,262.92,264.6375,289.75003
43.24375,42.19375,322.23,308.20612,335.40424
43.24375,42.20625,368.57,359.2289,395.8079
43.24375,42.21875,372.58,354.9422,394.25684
43.24375,42.23125,334.99,319.6616,352.99945
43.24375,42.24375,340.02,324.26157,357.03906
43.24375,42.25625,373.33,359.52747,394.5319
43.24375,42.26875,357.42,341.78824,370.33774
43.24375,42.28125,297.74,290.35315,314.2424
43.24375,42.29375,339.03,323.5182,351.03134
43.24375,42.30625,367.74,355.6196,385.27795
43.24375,42.31875,327.14,315.3923,343.22476
43.24375,42.33125,325.69,311.79984,337.79596
43.24375,42.34375,367.28,350.9167,383.7506
43.24375,42.35625,387.65,373.30493,409.16232
43.24375,42.36875,382.61,366.63184,405.35147
43.24375,42.38125,382.44,366.83704,404.92737
43.24375,42.39375,369.59,353.36856,383.69928
43.24375,42.40625,361.1,344.08173,375.37994
43.24375,42.41875,326.44,316.4131,346.07162
43.24375,42.43125,372.4,355.15704,387.83493
43.24375,42.44375,404.49,398.63522,436.45486
43.24375,42.45625,398.04,390.52823,427.71606
43.24375,42.46875,393.05,390.48416,423.30292
43.24375,42.48125,365.78,357.54825,378.9929
43.24375,42.49375,341.58,330.26688,354.9457
43.24375,42.50625,311.95,300.30002,329.98816
43.24375,42.51875,260.21,255.20714,287.5127
43.24375,42.53125,230.53,237.31578,258.81552
43.24375,42.54375,239.11,244.9608,263.52307
43.24375,42.55625,230.06,239.18126,255.92693
43.24375,42.56875,240.25,241.79567,261.15973
43.24375,42.58125,240.78,240.97324,259.36917
43.24375,42.59375,209.52,218.2347,240.74469
43.24375,42.60625,233.13,233.75891,253.18945
43.24375,42.61875,234.53,238.20015,256.06485
43.24375,42.63125,222.97,225.50053,244.00116
43.24375,42.64375,236.81,233.97414,258.97476
43.24375,42.65625,301.86,292.83932,317.78897
43.24375,42.66875,324.0,317.10675,336.93387
43.24375,42.68125,340.72,334.08023,358.02417
43.24375,42.69375,348.57,341.65466,362.88705
43.24375,42.70625,385.07,388.92816,417.66156
43.24375,42.71875,398.34,396.88876,427.56177
43.24375,42.73125,413.35,425.37292,454.71466
43.24375,42.74375,397.35,392.6253,421.09875
43.24375,42.75625,389.15,387.99884,415.71356
43.24375,42.76875,354.46,347.50134,368.3106
43.24375,42.78125,282.77,280.03082,303.8619
43.24375,42.79375,260.72,264.1165,292.13504
43.24375,42.80625,324.46,318.74728,340.66104
43.24375,42.81875,380.76,375.92523,400.206
43.24375,42.83125,380.47,374.22333,394.9731
43.24375,42.84375,396.41,388.1836,415.43536
43.24375,42.85625,419.06,410.49548,443.06146
43.24375,42.86875,420.96,419.37888,454.5345
43.24375,42.88125,435.6,438.68066,473.6258
43.24375,42.89375,438.68,442.35223,479.87817
43.24375,42.90625,395.22,389.21957,421.5431
43.24375,42.91875,385.02,373.95978,407.04758
43.24375,42.93125,399.34,385.9273,419.34024
43.24375,42.94375,383.8,373.45517,405.31143
43.24375,42.95625,353.03,344.28656,371.1258
43.24375,42.96875,392.41,382.8065,412.94208
43.24375,42.98125,364.82,349.44965,382.6175
43.24375,42.99375,342.86,329.74957,357.19803
43.23125,42.00625,316.35,306.4734,332.44305
43.23125,42.01875,347.65,340.51025,365.01633
43.23125,42.03125,315.69,304.65286,327.68738
43.23125,42.04375,298.52,287.144,308.03064
43.23125,42.05625,353.5,342.1531,371.52017
43.23125,42.06875,329.25,315.75067,342.61166
43.23125,42.08125,336.49,323.0443,350.73706
43.23125,42.09375,365.66,354.2774,387.0677
43.23125,42.10625,384.76,383.59677,416.58524
43.23125,42.11875,317.59,310.0771,331.13074
43.23125,42.13125,293.23,287.61264,308.75626
43.23125,42.14375,349.22,342.01297,360.75293
43.23125,42.15625,377.71,372.80496,404.31683
43.23125,42.16875,349.72,348.20032,367.52588
43.23125,42.18125,303.28,298.40536,314.66034
43.23125,42.19375,358.08,351.06918,370.22302
43.23125,42.20625,357.23,346.3755,367.80658
43.23125,42.21875,376.89,365.33716,403.92505
43.23125,42.23125,357.63,340.28113,373.51782
43.23125,42.24375,377.54,364.9935,398.33612
43.23125,42.25625,374.07,360.2747,395.98242
43.23125,42.26875,335.81,319.32983,351.32593
43.23125,42.28125,299.66,289.42413,317.03943
43.23125,42.29375,346.42,333.08963,357.538
43.23125,42.30625,384.0,373.33017,408.55652
43.23125,42.31875,359.1,342.3853,371.04034
43.23125,42.33125,326.4,311.31863,340.6151
43.23125,42.34375,357.54,341.3377,374.93384
43.23125,42.35625,368.96,350.626,386.558
43.23125,42.36875,329.45,314.96692,342.40283
43.23125,42.38125,340.14,322.64468,350.64352
43.23125,42.39375,313.79,304.05634,330.4533
43.23125,42.40625,300.26,295.3028,318.59622
43.23125,42.41875,344.08,330.94107,358.5935
43.23125,42.43125,366.65,356.63824,385.23065
43.23125,42.44375,394.03,386.1925,419.33643
43.23125,42.45625,381.89,370.5942,402.0876
43.23125,42.46875,352.47,339.78302,370.11276
43.23125,42.48125,327.64,317.19174,342.98105
43.23125,42.49375,333.08,318.7309,349.83456
43.23125,42.50625,290.5,283.31696,306.78824
43.23125,42.51875,271.5,274.097,290.1041
43.23125,42.53125,294.19,288.54727,310.48605
43.23125,42.54375,345.48,337.00436,362.35852
43.23125,42.55625,326.13,315.28195,338.4943
43.23125,42.56875,327.9,319.38492,344.1328
43.23125,42.58125,329.14,315.58856,341.01648
43.23125,42.59375,257.07,258.07623,279.78745
43.23125,42.60625,305.87,292.89084,311.9196
43.23125,42.61875,330.95,323.22998,342.87192
43.23125,42.63125,302.26,296.37,312.9719
43.23125,42.64375,244.74,248.38257,261.03677
43.23125,42.65625,218.05,226.76935,244.13568
43.23125,42.66875,275.07,267.95258,287.32507
43.23125,42.68125,307.63,299.27975,320.10257
43.23125,42.69375,340.65,330.7055,350.22507
43.23125,42.70625,362.6,353.73187,371.96713
43.23125,42.71875,376.85,368.01883,388.86804
43.23125,42.73125,396.94,393.47455,419.73453
43.23125,42.74375,410.81,413.57626,452.24905
43.23125,42.75625,378.92,369.9806,402.51807
43.23125,42.76875,348.53,338.87366,361.0805
43.23125,42.78125,311.92,309.47208,323.85727
43.23125,42.79375,294.7,290.90216,310.3266
43.23125,42.80625,260.33,267.04742,290.13638
43.23125,42.81875,289.0,292.4296,318.8399
43.23125,42.83125,326.46,327.5672,354.52023
43.23125,42.84375,361.06,350.638,383.27557
43.23125,42.85625,383.44,372.8833,406.0337
43.23125,42.86875,418.9,407.62494,445.51886
43.23125,42.88125,443.56,445.95773,484.77365
43.23125,42.89375,433.22,433.48468,468.83124
43.23125,42.90625,433.69,442.77283,478.2629
43.23125,42.91875,401.7,393.9595,428.47644
43.23125,42.93125,358.35,348.10867,377.31897
43.23125,42.94375,335.45,327.5067,353.50516
43.23125,42.95625,302.88,299.36685,325.95346
43.23125,42.96875,309.01,305.05188,328.94714
43.23125,42.98125,352.7,342.0918,371.39
43.23125,42.99375,317.98,305.4531,332.91684
43.21875,42.00625,327.69,314.15546,337.5173
43.21875,42.01875,367.58,368.29837,397.9746
43.21875,42.03125,320.79,310.57162,334.56442
43.21875,42.04375,296.04,288.58865,312.47623
43.21875,42.05625,359.78,353.72763,383.8713
43.21875,42.06875,365.69,356.58948,381.0018
43.21875,42.08125,353.12,340.50687,367.57782
43.21875,42.09375,381.66,378.2995,406.78757
43.21875,42.10625,378.51,367.92734,397.4713
43.21875,42.11875,344.1,328.1044,356.7782
43.21875,42.13125,365.1,351.8169,376.17093
43.21875,42.14375,382.87,381.7109,413.57758
43.21875,42.15625,374.49,362.98795,391.54077
43.21875,42.16875,373.12,368.0629,391.91052
43.21875,42.18125,377.2,380.36716,409.4014
43.21875,42.19375,385.99,408.37122,441.17688
43.21875,42.20625,362.91,350.73428,368.081
43.21875,42.21875,338.45,323.25925,348.3075
43.21875,42.23125,334.15,317.10062,340.32175
43.21875,42.24375,355.43,340.57162,373.06824
43.21875,42.25625,363.29,347.73657,381.0249
43.21875,42.26875,349.04,332.74164,362.43695
43.21875,42.28125,353.1,338.24728,368.98758
43.21875,42.29375,360.25,346.92657,372.5487
43.21875,42.30625,384.52,382.83667,414.28378
43.21875,42.31875,374.32,365.26035,393.91852
43.21875,42.33125,364.47,356.99268,379.75473
43.21875,42.34375,353.26,342.20636,366.00528
43.21875,42.35625,335.24,322.48163,345.35397
43.21875,42.36875,332.94,319.7239,346.5218
43.21875,42.38125,283.78,276.57233,304.54654
43.21875,42.39375,267.08,266.3714,289.2164
43.21875,42.40625,317.0,307.95166,328.57495
43.21875,42.41875,370.3,356.32147,384.10086
43.21875,42.43125,341.37,329.4919,353.79483
43.21875,42.44375,357.84,346.8206,371.92947
43.21875,42.45625,351.37,337.44122,360.83878
43.21875,42.46875,339.12,323.46436,358.34665
43.21875,42.48125,326.52,312.8578,339.66263
43.21875,42.49375,315.52,304.42142,329.82114
43.21875,42.50625,302.82,298.26996,313.3607
43.21875,42.51875,362.88,362.4502,384.19275
43.21875,42.53125,369.43,360.99167,381.7983
43.21875,42.54375,385.01,375.9273,404.48157
43.21875,42.55625,357.9,345.809,371.27167
43.21875,42.56875,365.51,351.02777,381.72586
43.21875,42.58125,338.7,321.68176,350.36105
43.21875,42.59375,284.11,277.49194,306.49716
43.21875,42.60625,320.92,306.5934,332.67868
43.21875,42.61875,364.93,358.00955,392.17816
43.21875,42.63125,357.04,349.48386,374.75626
43.21875,42.64375,299.29,291.82526,312.39618
43.21875,42.65625,239.83,244.29704,260.40677
43.21875,42.66875,275.88,272.22644,289.34808
43.21875,42.68125,251.27,254.80118,272.58417
43.21875,42.69375,253.54,258.86734,282.89365
43.21875,42.70625,288.7,286.91916,310.18478
43.21875,42.71875,325.6,316.92383,340.74136
43.21875,42.73125,358.98,347.8172,375.0586
43.21875,42.74375,378.04,365.39136,395.20004
43.21875,42.75625,398.19,387.45746,417.56076
43.21875,42.76875,402.08,399.35242,429.98868
43.21875,42.78125,361.93,353.6071,376.23593
43.21875,42.79375,344.45,333.39777,363.8529
43.21875,42.80625,265.87,269.1879,302.18408
43.21875,42.81875,333.15,324.28314,346.26135
43.21875,42.83125,377.79,366.01788,391.43494
43.21875,42.84375,397.45,388.59464,417.84708
43.21875,42.85625,394.89,386.40497,416.38907
43.21875,42.86875,394.33,386.43372,419.43414
43.21875,42.88125,440.25,441.24695,483.01404
43.21875,42.89375,432.58,434.42212,469.10913
43.21875,42.90625,406.91,395.75992,426.54965
43.21875,42.91875,405.01,398.38187,429.77527
43.21875,42.93125,409.13,409.0444,441.59766
43.21875,42.94375,391.86,387.44952,419.80377
43.21875,42.95625,354.96,343.20593,369.20807
43.21875,42.96875,297.27,295.1127,317.8536
43.21875,42.98125,290.32,279.96704,304.3789
43.21875,42.99375,274.75,269.01727,295.18985
43.20625,42.00625,268.17,266.87265,285.02493
43.20625,42.01875,332.89,326.89896,348.734
43.20625,42.03125,361.43,355.5892,383.5555
43.20625,42.04375,326.59,317.86203,343.7674
43.20625,42.05625,333.67,319.74188,349.48694
43.20625,42.06875,372.31,370.40964,396.33636
43.20625,42.08125,401.77,424.69562,457.6971
43.20625,42.09375,399.47,403.2936,434.87695
43.20625,42.10625,371.22,362.12378,387.2011
43.20625,42.11875,352.86,338.1957,368.24863
43.20625,42.13125,357.23,339.98117,366.12125
43.20625,42.14375,334.26,318.04034,346.34695
43.20625,42.15625,322.27,309.66068,333.9764
43.20625,42.16875,328.9,318.14084,339.10135
43.20625,42.18125,319.19,307.54288,325.00543
43.20625,42.19375,321.07,311.69952,327.43054
43.20625,42.20625,324.47,311.87454,325.29636
43.20625,42.21875,261.68,262.75595,279.85345
43.20625,42.23125,326.72,314.54733,335.13397
43.20625,42.24375,343.33,332.33264,359.134
43.20625,42.25625,344.34,332.06638,360.6439
43.20625,42.26875,354.22,345.43393,372.4414
43.20625,42.28125,352.57,343.84558,371.24808
43.20625,42.29375,355.86,348.7246,375.1986
43.20625,42.30625,331.57,324.2457,345.75156
43.20625,42.31875,322.64,311.61768,324.16275
43.20625,42.33125,292.56,284.73355,301.18747
43.20625,42.34375,244.24,247.88547,265.18546
43.20625,42.35625,243.6,245.61563,269.52512
43.20625,42.36875,246.42,248.48074,275.79156
43.20625,42.38125,286.58,275.54797,305.3049
43.20625,42.39375,323.11,306.15933,334.16714
43.20625,42.40625,368.02,361.5625,385.34122
43.20625,42.41875,381.55,391.8503,424.28476
43.20625,42.43125,333.08,321.17627,343.53302
43.20625,42.44375,287.74,285.3316,308.7493
43.20625,42.45625,343.21,330.30405,358.90515
43.20625,42.46875,381.14,368.3579,403.38388
43.20625,42.48125,383.11,381.74347,400.3828
43.20625,42.49375,373.77,378.4825,396.70264
43.20625,42.50625,369.67,371.8534,387.0656
43.20625,42.51875,408.51,421.04837,440.73682
43.20625,42.53125,377.78,372.7473,390.46832
43.20625,42.54375,369.22,362.5314,391.61343
43.20625,42.55625,368.68,356.897,386.6981
43.20625,42.56875,365.54,351.30396,381.52036
43.20625,42.58125,330.89,314.73572,347.33832
43.20625,42.59375,279.12,273.64444,307.23694
43.20625,42.60625,326.86,312.55072,342.3309
43.20625,42.61875,370.08,360.10474,394.96307
43.20625,42.63125,351.8,342.61926,370.95822
43.20625,42.64375,282.05,279.9364,301.77136
43.20625,42.65625,282.55,277.37204,296.61575
43.20625,42.66875,355.6,349.85144,376.4736
43.20625,42.68125,321.63,309.83865,334.85394
43.20625,42.69375,331.18,321.40225,344.0551
43.20625,42.70625,319.58,312.93326,331.42615
43.20625,42.71875,298.44,296.11,313.10327
43.20625,42.73125,310.08,300.42337,332.92017
43.20625,42.74375,305.58,303.96524,333.2262
43.20625,42.75625,348.75,338.18555,366.52542
43.20625,42.76875,392.08,380.48807,414.18027
43.20625,42.78125,379.14,370.3761,398.99188
43.20625,42.79375,332.14,323.2733,345.0581
43.20625,42.80625,280.32,281.22745,312.93286
43.20625,42.81875,341.34,332.55484,353.7182
43.20625,42.83125,402.17,403.5995,436.53195
43.20625,42.84375,411.13,404.22372,433.71393
43.20625,42.85625,421.18,417.10986,446.76633
43.20625,42.86875,434.03,441.8982,474.8109
43.20625,42.88125,409.91,399.3137,428.9774
43.20625,42.89375,420.43,420.58148,454.43283
43.20625,42.90625,367.22,359.12415,387.64508
43.20625,42.91875,350.28,340.14417,360.8251
43.20625,42.93125,364.83,359.7839,383.98853
43.20625,42.94375,325.21,320.58197,342.98032
43.20625,42.95625,309.08,304.3543,322.292
43.20625,42.96875,257.29,262.21185,284.69244
43.20625,42.98125,233.21,238.99153,267.5513
43.20625,42.99375,231.65,235.18866,264.06287
43.19375,42.00625,277.63,270.01285,295.86462
43.19375,42.01875,298.41,293.0467,313.10156
43.19375,42.03125,362.3,354.8364,383.42395
43.19375,42.04375,364.36,352.8121,386.18225
43.19375,42.05625,369.43,359.30737,394.74777
43.19375,42.06875,373.82,370.30402,395.6086
43.19375,42.08125,329.79,324.8143,336.49496
43.19375,42.09375,315.15,308.69547,323.0014
43.19375,42.10625,304.46,298.82407,315.46408
43.19375,42.11875,286.2,282.75815,308.28088
43.19375,42.13125,354.25,343.7757,374.17804
43.19375,42.14375,362.09,347.97617,383.73636
43.19375,42.15625,330.1,313.77185,343.69315
43.19375,42.16875,296.81,286.32022,312.06555
43.19375,42.18125,270.94,263.7937,290.8397
43.19375,42.19375,260.63,255.61816,281.48404
43.19375,42.20625,268.75,260.70026,285.31592
43.19375,42.21875,237.99,238.39905,262.1394
43.19375,42.23125,286.56,279.86334,300.68408
43.19375,42.24375,292.67,288.62277,307.96942
43.19375,42.25625,284.66,276.14224,295.43466
43.19375,42.26875,275.59,269.40646,284.33002
43.19375,42.28125,267.22,263.01495,277.45325
43.19375,42.29375,275.47,266.8879,283.2388
43.19375,42.30625,294.32,285.63684,305.16312
43.19375,42.31875,279.66,275.1217,299.42706
43.19375,42.33125,222.23,226.77339,250.87662
43.19375,42.34375,284.52,275.07846,297.59622
43.19375,42.35625,330.97,317.11105,340.9901
43.19375,42.36875,321.31,307.35593,329.12076
43.19375,42.38125,335.94,319.91342,340.47406
43.19375,42.39375,348.13,330.49918,356.49728
43.19375,42.40625,346.48,337.73468,353.59033
43.19375,42.41875,319.83,313.8876,332.59235
43.19375,42.43125,293.53,288.20404,301.55695
43.19375,42.44375,300.65,290.28452,317.77658
43.19375,42.45625,347.74,333.798,360.68716
43.19375,42.46875,369.32,356.17746,389.05963
43.19375,42.48125,407.55,401.42136,433.71246
43.19375,42.49375,420.87,420.50388,455.14853
43.19375,42.50625,430.22,438.61542,470.14203
43.19375,42.51875,441.01,476.35153,511.13684
43.19375,42.53125,404.69,417.601,440.8928
43.19375,42.54375,355.33,348.50085,370.93948
43.19375,42.55625,335.41,321.52744,352.38416
43.19375,42.56875,318.77,305.8646,338.9729
43.19375,42.58125,300.99,293.2843,320.01324
43.19375,42.59375,304.87,298.91132,321.9847
43.19375,42.60625,352.37,337.77335,364.2482
43.19375,42.61875,374.61,362.95053,396.57336
43.19375,42.63125,365.64,359.05942,391.30176
43.19375,42.64375,274.08,274.55582,300.0
43.19375,42.65625,291.4,289.63452,312.3747
43.19375,42.66875,334.08,324.46103,351.16858
43.19375,42.68125,360.24,350.71915,377.0916
43.19375,42.69375,366.39,355.8971,380.21716
43.19375,42.70625,396.02,393.83878,414.63885
43.19375,42.71875,347.36,339.05466,360.75708
43.19375,42.73125,330.71,322.2067,345.76044
43.19375,42.74375,362.12,352.33975,379.6789
43.19375,42.75625,368.3,354.26898,381.87512
43.19375,42.76875,390.54,376.4831,410.1792
43.19375,42.78125,387.62,379.66626,405.65433
43.19375,42.79375,362.67,351.82642,367.5058
43.19375,42.80625,348.04,333.6114,354.11084
43.19375,42.81875,314.81,309.55692,332.41663
43.19375,42.83125,329.13,323.22638,352.99722
43.19375,42.84375,359.69,346.45886,378.6377
43.19375,42.85625,375.79,369.22583,394.9052
43.19375,42.86875,422.87,414.16177,443.88794
43.19375,42.88125,405.07,398.70868,426.97443
43.19375,42.89375,354.93,345.26053,371.90137
43.19375,42.90625,368.09,362.60077,386.05344
43.19375,42.91875,327.94,319.16333,345.39703
43.19375,42.93125,264.3,272.98804,300.4431
43.19375,42.94375,269.05,276.17657,300.1715
43.19375,42.95625,300.71,295.12665,314.05142
43.19375,42.96875,302.99,297.25354,314.87646
43.19375,42.98125,280.32,274.35855,297.2074
43.19375,42.99375,326.17,312.26904,342.71335
43.18125,42.00625,327.54,319.05774,349.91382
43.18125,42.01875,322.38,311.8179,337.4147
43.18125,42.03125,356.18,344.34296,373.87637
43.18125,42.04375,361.8,352.9646,383.82526
43.18125,42.05625,345.86,333.60165,361.108
43.18125,42.06875,318.67,307.1308,327.8824
43.18125,42.08125,310.23,299.15372,320.5897
43.18125,42.09375,258.79,256.64813,285.59692
43.18125,42.10625,306.07,291.27026,321.11462
43.18125,42.11875,316.65,299.54425,330.96948
43.18125,42.13125,321.76,309.1335,335.73398
43.18125,42.14375,362.6,350.40024,387.31726
43.18125,42.15625,350.89,336.34506,368.83054
43.18125,42.16875,314.68,300.52286,326.41196
43.18125,42.18125,338.74,326.22107,352.98788
43.18125,42.19375,292.43,278.54813,300.74307
43.18125,42.20625,304.86,288.5961,316.1747
43.18125,42.21875,278.06,263.2238,289.02014
43.18125,42.23125,242.72,235.83969,263.2788
43.18125,42.24375,234.37,230.00354,254.66019
43.18125,42.25625,240.62,232.97287,256.63492
43.18125,42.26875,231.33,225.1017,246.01183
43.18125,42.28125,183.24,194.69727,218.29173
43.18125,42.29375,195.71,205.43196,226.51976
43.18125,42.30625,228.31,225.3128,250.37827
43.18125,42.31875,233.84,231.50858,253.55621
43.18125,42.33125,254.24,247.68315,273.1466
43.18125,42.34375,305.49,299.89606,320.73517
43.18125,42.35625,353.05,346.03445,375.3398
43.18125,42.36875,373.4,372.64438,410.80573
43.18125,42.38125,344.44,334.31778,359.8109
43.18125,42.39375,305.69,293.3721,311.62488
43.18125,42.40625,242.66,247.47417,262.25262
43.18125,42.41875,242.77,246.24286,264.79977
43.18125,42.43125,288.53,278.695,301.25592
43.18125,42.44375,265.97,267.85916,291.72675
43.18125,42.45625,321.65,317.32935,342.16318
43.18125,42.46875,377.81,362.9173,395.77625
43.18125,42.48125,400.07,387.0801,428.75226
43.18125,42.49375,399.89,387.77335,427.15417
43.18125,42.50625,413.44,406.1007,437.70688
43.18125,42.51875,403.14,399.7755,428.83145
43.18125,42.53125,415.97,419.44995,447.99542
43.18125,42.54375,399.8,393.71936,419.8198
43.18125,42.55625,371.03,355.5595,385.8693
43.18125,42.56875,350.91,334.63013,365.577
43.18125,42.58125,343.62,333.03043,355.95346
43.18125,42.59375,377.42,370.44232,396.6195
43.18125,42.60625,391.78,386.26425,413.41614
43.18125,42.61875,339.28,331.15906,359.07993
43.18125,42.63125,309.77,303.14713,327.03644
43.18125,42.64375,299.19,295.36206,318.6065
43.18125,42.65625,347.29,340.83432,358.65317
43.18125,42.66875,379.67,378.91315,396.88858
43.18125,42.68125,399.97,394.30725,420.6742
43.18125,42.69375,392.89,388.00085,414.4545
43.18125,42.70625,419.18,438.18048,468.35556
43.18125,42.71875,409.05,415.24603,437.71207
43.18125,42.73125,413.44,418.5747,450.46353
43.18125,42.74375,411.35,409.17844,440.23102
43.18125,42.75625,401.82,390.58038,425.79675
43.18125,42.76875,389.46,377.19067,409.51807
43.18125,42.78125,407.39,401.44214,433.10522
43.18125,42.79375,418.36,426.39777,462.96887
43.18125,42.80625,367.79,358.02975,377.42084
43.18125,42.81875,374.24,365.5281,386.68668
43.18125,42.83125,381.14,373.73434,395.67242
43.18125,42.84375,395.38,386.62766,414.88217
43.18125,42.85625,418.24,412.0646,446.40308
43.18125,42.86875,416.25,405.17365,442.0226
43.18125,42.88125,367.65,357.88205,389.8039
43.18125,42.89375,359.92,345.37085,375.0598
43.18125,42.90625,303.05,302.6093,326.92575
43.18125,42.91875,297.05,298.0367,320.4597
43.18125,42.93125,319.26,311.51685,335.55075
43.18125,42.94375,350.23,339.45084,362.25754
43.18125,42.95625,373.43,366.14444,392.38565
43.18125,42.96875,373.47,365.01413,393.01132
43.18125,42.98125,327.31,317.316,343.3603
43.18125,42.99375,359.42,342.7659,372.9421
43.16875,42.00625,298.97,290.19922,320.6292
43.16875,42.01875,347.55,340.2165,371.4629
43.16875,42.03125,347.29,334.38687,367.281
43.16875,42.04375,311.88,299.0302,326.12213
43.16875,42.05625,314.05,299.0708,321.06763
43.16875,42.06875,274.79,265.11902,288.02213
43.16875,42.08125,280.66,268.64346,294.69925
43.16875,42.09375,284.32,273.4977,304.12363
43.16875,42.10625,335.68,319.49393,349.40433
43.16875,42.11875,343.12,327.16864,363.68927
43.16875,42.13125,333.54,316.25198,351.67578
43.16875,42.14375,347.24,331.51468,365.2445
43.16875,42.15625,348.34,338.49664,365.46466
43.16875,42.16875,353.51,343.13553,370.9239
43.16875,42.18125,342.08,331.2008,361.79498
43.16875,42.19375,299.11,288.53116,315.55496
43.16875,42.20625,336.56,323.95197,355.99066
43.16875,42.21875,316.48,302.41434,326.3677
43.16875,42.23125,312.84,295.98224,324.51715
43.16875,42.24375,306.61,292.0804,318.7553
43.16875,42.25625,298.09,287.9834,308.26166
43.16875,42.26875,230.73,224.93288,244.78963
43.16875,42.28125,203.02,209.41808,227.41347
43.16875,42.29375,282.52,270.12518,292.48776
43.16875,42.30625,303.71,288.36383,306.48526
43.16875,42.31875,288.49,278.4364,294.65024
43.16875,42.33125,301.19,288.8803,306.20413
43.16875,42.34375,308.29,296.704,321.59296
43.16875,42.35625,346.85,334.25424,365.89188
43.16875,42.36875,349.96,335.70572,367.67578
43.16875,42.38125,321.21,307.0778,329.06213
43.16875,42.39375,282.1,271.483,288.12216
43.16875,42.40625,202.01,214.0373,236.30237
43.16875,42.41875,290.75,282.17792,304.93552
43.16875,42.43125,335.31,324.17722,348.96863
43.16875,42.44375,333.41,323.4147,340.86877
43.16875,42.45625,337.15,326.5254,346.89026
43.16875,42.46875,385.45,379.99768,409.74838
43.16875,42.48125,398.7,387.90112,426.80463
43.16875,42.49375,384.18,368.68405,408.4085
43.16875,42.50625,407.6,408.5013,446.79205
43.16875,42.51875,385.36,372.68408,411.90057
43.16875,42.53125,375.36,361.0996,400.0756
43.16875,42.54375,364.87,352.4198,378.71085
43.16875,42.55625,346.87,342.7445,365.99756
43.16875,42.56875,344.06,336.8852,361.44644
43.16875,42.58125,388.87,384.4006,411.94992
43.16875,42.59375,400.2,396.58197,427.45215
43.16875,42.60625,398.29,392.25702,423.40314
43.16875,42.61875,392.85,391.36325,418.46863
43.16875,42.63125,322.86,322.06714,342.5072
43.16875,42.64375,322.52,315.8416,336.09293
43.16875,42.65625,355.59,349.70685,371.18118
43.16875,42.66875,405.34,403.1723,435.7481
43.16875,42.68125,415.81,422.1458,454.78436
43.16875,42.69375,394.8,393.848,416.0188
43.16875,42.70625,380.17,374.19952,395.39194
43.16875,42.71875,397.14,397.04898,421.18246
43.16875,42.73125,371.15,367.98315,389.72714
43.16875,42.74375,380.86,384.68594,405.6062
43.16875,42.75625,377.02,386.13416,409.05304
43.16875,42.76875,338.77,330.70303,351.15936
43.16875,42.78125,377.7,372.95724,395.59982
43.16875,42.79375,384.64,385.0085,405.96567
43.16875,42.80625,414.31,421.87878,445.43503
43.16875,42.81875,418.47,435.82098,459.52866
43.16875,42.83125,397.08,394.64764,416.06238
43.16875,42.84375,404.32,393.21707,426.85028
43.16875,42.85625,401.61,391.6129,424.77524
43.16875,42.86875,408.72,393.1802,430.01086
43.16875,42.88125,403.15,388.31903,424.70737
43.16875,42.89375,362.46,352.60477,375.14136
43.16875,42.90625,364.57,351.85858,382.16254
43.16875,42.91875,399.09,390.5756,417.49023
43.16875,42.93125,356.16,352.24838,372.3147
43.16875,42.94375,384.99,381.37268,404.0802
43.16875,42.95625,406.78,399.9905,431.7092
43.16875,42.96875,388.11,379.8901,404.28488
43.16875,42.98125,381.52,369.75754,400.7932
43.16875,42.99375,351.36,335.70596,361.41074
43.15625,42.00625,315.65,302.27664,334.26978
43.15625,42.01875,335.2,323.30847,353.99728
43.15625,42.03125,347.4,344.37396,373.78314
43.15625,42.04375,327.46,321.04004,343.53815
43.15625,42.05625,262.67,257.9274,281.71173
43.15625,42.06875,241.47,239.14325,264.3935
43.15625,42.08125,313.24,300.58374,326.9934
43.15625,42.09375,332.94,317.70078,349.45386
43.15625,42.10625,329.01,315.29337,341.73196
43.15625,42.11875,364.35,355.96524,393.16678
43.15625,42.13125,332.55,317.75964,339.59076
43.15625,42.14375,324.71,309.9102,335.39038
43.15625,42.15625,298.9,285.43253,306.17215
43.15625,42.16875,288.99,280.002,298.5006
43.15625,42.18125,331.55,322.25995,342.28098
43.15625,42.19375,332.65,329.58658,353.77252
43.15625,42.20625,309.75,300.03442,321.15378
43.15625,42.21875,314.33,305.53244,326.10028
43.15625,42.23125,307.79,301.8253,320.77377
43.15625,42.24375,264.23,258.04395,270.82712
43.15625,42.25625,216.05,216.63985,229.40878
43.15625,42.26875,159.09,175.01628,188.86641
43.15625,42.28125,235.61,233.91669,253.82352
43.15625,42.29375,294.88,285.70706,302.44427
43.15625,42.30625,333.37,319.781,349.81415
43.15625,42.31875,352.75,347.9005,375.6875
43.15625,42.33125,347.51,336.85147,363.31708
43.15625,42.34375,321.01,304.8701,332.6332
43.15625,42.35625,354.4,340.14117,374.78903
43.15625,42.36875,339.03,325.1983,354.3169
43.15625,42.38125,306.73,294.61893,316.93567
43.15625,42.39375,261.47,255.06873,275.8976
43.15625,42.40625,210.88,217.8852,235.85245
43.15625,42.41875,287.99,277.46524,298.33087
43.15625,42.43125,295.5,288.77264,311.4332
43.15625,42.44375,334.92,327.20148,350.4645
43.15625,42.45625,386.65,388.81433,422.74
43.15625,42.46875,368.44,357.7058,389.95844
43.15625,42.48125,380.83,369.9028,399.45935
43.15625,42.49375,362.14,348.03146,375.75964
43.15625,42.50625,385.5,379.02505,407.27505
43.15625,42.51875,384.65,379.735,405.73038
43.15625,42.53125,395.65,407.70895,440.16888
43.15625,42.54375,370.84,361.36353,381.8589
43.15625,42.55625,317.18,310.68265,339.75488
43.15625,42.56875,307.32,297.6199,319.32187
43.15625,42.58125,345.57,334.99536,361.50296
43.15625,42.59375,388.79,382.297,413.29822
43.15625,42.60625,415.17,414.15314,450.68732
43.15625,42.61875,394.02,393.63904,422.11646
43.15625,42.63125,413.83,429.90073,461.74542
43.15625,42.64375,379.28,382.29114,403.13202
43.15625,42.65625,352.87,347.5843,371.64188
43.15625,42.66875,391.93,383.64627,411.77353
43.15625,42.68125,405.65,403.04092,436.77942
43.15625,42.69375,371.75,359.21838,388.2137
43.15625,42.70625,373.26,364.0534,397.41025
43.15625,42.71875,331.32,323.69812,355.41895
43.15625,42.73125,326.69,318.84286,343.48398
43.15625,42.74375,297.44,289.6151,313.08792
43.15625,42.75625,270.99,269.81778,285.9668
43.15625,42.76875,273.32,264.5933,280.97714
43.15625,42.78125,286.82,278.5789,301.8248
43.15625,42.79375,296.01,292.72458,309.20297
43.15625,42.80625,309.11,308.81686,320.88525
43.15625,42.81875,318.93,320.55164,336.76254
43.15625,42.83125,345.52,335.7045,358.77734
43.15625,42.84375,371.79,355.86362,388.69077
43.15625,42.85625,380.11,365.06757,402.81485
43.15625,42.86875,404.93,390.23944,425.14868
43.15625,42.88125,422.64,428.03967,461.80423
43.15625,42.89375,401.48,388.99716,418.57343
43.15625,42.90625,400.67,386.0672,423.36346
43.15625,42.91875,400.83,389.30475,419.1124
43.15625,42.93125,431.33,435.73578,470.20093
43.15625,42.94375,423.15,415.9967,447.37424
43.15625,42.95625,405.87,399.63907,424.00467
43.15625,42.96875,397.87,388.36624,412.32367
43.15625,42.98125,352.18,345.91327,369.55127
43.15625,42.99375,308.26,303.78992,322.9806
43.14375,42.00625,331.77,320.77838,351.34296
43.14375,42.01875,332.33,325.3922,351.11606
43.14375,42.03125,321.59,314.4693,335.91537
43.14375,42.04375,282.51,274.61716,293.03748
43.14375,42.05625,232.22,226.26132,247.62262
43.14375,42.06875,266.49,258.7837,281.76593
43.14375,42.08125,273.83,268.7283,290.5455
43.14375,42.09375,325.33,316.16766,340.0615
43.14375,42.10625,355.6,344.79593,375.1012
43.14375,42.11875,356.59,347.68597,379.64005
43.14375,42.13125,320.16,310.07428,332.16183
43.14375,42.14375,258.64,254.45244,275.42142
43.14375,42.15625,247.11,242.36119,262.56528
43.14375,42.16875,205.39,211.5524,226.93057
43.14375,42.18125,250.04,246.50853,252.79951
43.14375,42.19375,255.38,250.51541,258.99292
43.14375,42.20625,225.49,223.72383,232.00627
43.14375,42.21875,221.89,221.19826,234.95503
43.14375,42.23125,208.02,209.50294,222.10803
43.14375,42.24375,168.09,181.1841,189.68427
43.14375,42.25625,145.91,164.34212,184.05197
43.14375,42.26875,188.9,194.41693,216.5848
43.14375,42.28125,249.45,243.7555,261.78943
43.14375,42.29375,307.59,299.86667,321.485
43.14375,42.30625,354.01,352.8622,382.7149
43.14375,42.31875,368.97,366.223,390.61838
43.14375,42.33125,360.49,353.40964,376.24414
43.14375,42.34375,366.05,358.86737,384.9084
43.14375,42.35625,354.57,352.05023,385.27856
43.14375,42.36875,303.29,293.0656,317.82874
43.14375,42.38125,269.44,263.14957,284.31058
43.14375,42.39375,231.91,228.42566,250.66684
43.14375,42.40625,199.0,209.04523,225.34988
43.14375,42.41875,265.19,257.52686,280.22067
43.14375,42.43125,309.0,299.74725,326.89697
43.14375,42.44375,348.01,338.5016,362.44916
43.14375,42.45625,382.31,381.3477,408.851
43.14375,42.46875,376.55,367.93802,398.59048
43.14375,42.48125,347.28,335.16788,365.76764
43.14375,42.49375,312.86,306.688,334.51123
43.14375,42.50625,311.31,306.64917,328.96954
43.14375,42.51875,304.11,302.42947,319.733
43.14375,42.53125,332.57,323.4906,344.85352
43.14375,42.54375,318.05,309.4635,326.7531
43.14375,42.55625,273.65,267.9499,291.75418
43.14375,42.56875,328.19,316.47034,341.53195
43.14375,42.58125,363.27,358.19626,381.33923
43.14375,42.59375,369.5,362.7697,385.63486
43.14375,42.60625,378.68,377.8187,400.58124
43.14375,42.61875,346.09,343.50446,361.61823
43.14375,42.63125,375.24,373.1686,398.03003
43.14375,42.64375,413.48,426.90457,455.80173
43.14375,42.65625,413.61,423.7146,451.1497
43.14375,42.66875,419.43,440.59442,468.53104
43.14375,42.68125,395.02,399.48703,420.92914
43.14375,42.69375,372.45,373.0875,382.79233
43.14375,42.70625,317.11,314.8029,338.88443
43.14375,42.71875,370.0,368.4072,392.97638
43.14375,42.73125,370.93,369.89478,398.48886
43.14375,42.74375,327.39,318.9283,343.80222
43.14375,42.75625,309.8,305.1549,324.41443
43.14375,42.76875,254.64,258.67914,278.1331
43.14375,42.78125,335.98,325.78656,350.52036
43.14375,42.79375,359.89,355.6491,380.03534
43.14375,42.80625,356.82,349.37817,370.54483
43.14375,42.81875,354.55,350.15118,371.66125
43.14375,42.83125,376.22,370.01968,395.09094
43.14375,42.84375,408.91,415.1782,448.4613
43.14375,42.85625,395.18,387.38577,416.53766
43.14375,42.86875,382.49,369.49628,394.90002
43.14375,42.88125,395.47,384.42255,410.11282
43.14375,42.89375,375.75,364.59244,388.9848
43.14375,42.90625,368.16,354.3014,386.81204
43.14375,42.91875,391.1,378.2846,405.17725
43.14375,42.93125,423.31,424.7638,456.69882
43.14375,42.94375,415.91,416.9307,448.05954
43.14375,42.95625,361.54,349.15512,374.9987
43.14375,42.96875,320.76,317.43494,339.70746
43.14375,42.98125,291.68,292.46677,309.91602
43.14375,42.99375,317.95,312.4789,320.4577
43.13125,42.00625,324.64,320.61353,346.09424
43.13125,42.01875,274.71,264.78516,281.69263
43.13125,42.03125,238.69,231.39449,247.24786
43.13125,42.04375,204.99,205.13216,222.49316
43.13125,42.05625,244.93,240.45276,263.31985
43.13125,42.06875,310.49,302.00882,324.05643
43.13125,42.08125,334.11,330.4031,354.91095
43.13125,42.09375,334.59,324.10956,350.47873
43.13125,42.10625,361.29,356.77057,389.81693
43.13125,42.11875,358.47,363.58762,388.45825
43.13125,42.13125,315.86,307.28214,327.83432
43.13125,42.14375,303.18,293.17273,320.4937
43.13125,42.15625,297.17,284.5432,308.66187
43.13125,42.16875,275.67,264.6457,282.3963
43.13125,42.18125,224.23,216.5699,234.21655
43.13125,42.19375,153.79,165.56491,180.2898
43.13125,42.20625,150.75,159.04243,177.75299
43.13125,42.21875,140.09,155.25125,176.6082
43.13125,42.23125,160.5,172.82262,183.80518
43.13125,42.24375,205.72,205.87196,222.06021
43.13125,42.25625,232.49,227.15482,242.58852
43.13125,42.26875,268.24,256.81955,272.4746
43.13125,42.28125,239.83,238.3886,253.36426
43.13125,42.29375,286.17,277.60983,298.43805
43.13125,42.30625,323.25,313.65695,340.6508
43.13125,42.31875,358.53,358.60455,381.71667
43.13125,42.33125,387.05,416.97354,444.34985
43.13125,42.34375,359.61,360.0165,384.09726
43.13125,42.35625,345.42,334.44135,366.50885
43.13125,42.36875,323.17,312.5997,332.6489
43.13125,42.38125,292.26,280.2715,301.58606
43.13125,42.39375,221.08,219.66328,240.59491
43.13125,42.40625,197.16,203.0026,223.20264
43.13125,42.41875,274.8,267.81122,288.24066
43.13125,42.43125,317.61,307.4663,335.62418
43.13125,42.44375,352.14,344.89374,369.5745
43.13125,42.45625,387.14,409.94608,443.93033
43.13125,42.46875,373.2,367.78122,398.732
43.13125,42.48125,343.36,330.63123,363.0711
43.13125,42.49375,301.86,299.2415,326.24615
43.13125,42.50625,334.2,321.2692,349.67606
43.13125,42.51875,329.64,318.05756,343.9583
43.13125,42.53125,273.83,270.0547,297.37695
43.13125,42.54375,290.05,280.4952,304.14227
43.13125,42.55625,263.93,261.1981,281.13266
43.13125,42.56875,258.11,257.5991,273.63785
43.13125,42.58125,292.76,287.7684,303.1384
43.13125,42.59375,264.99,267.81174,280.51697
43.13125,42.60625,281.65,282.21878,293.36984
43.13125,42.61875,314.62,306.46918,323.26093
43.13125,42.63125,327.92,321.7308,345.33493
43.13125,42.64375,339.04,339.15247,357.0269
43.13125,42.65625,389.75,405.92444,422.01477
43.13125,42.66875,410.33,448.9544,466.38382
43.13125,42.68125,404.82,422.9196,443.9775
43.13125,42.69375,333.85,338.6714,347.30658
43.13125,42.70625,271.66,274.72525,290.4084
43.13125,42.71875,295.41,292.2657,302.80753
43.13125,42.73125,322.61,320.62704,333.41763
43.13125,42.74375,327.85,332.24744,348.65723
43.13125,42.75625,259.56,263.00717,276.14618
43.13125,42.76875,233.82,242.50293,259.55048
43.13125,42.78125,313.79,309.1668,330.2816
43.13125,42.79375,365.75,364.40823,383.92444
43.13125,42.80625,401.13,413.14264,444.60956
43.13125,42.81875,416.43,428.8964,462.83002
43.13125,42.83125,405.38,404.27823,431.97195
43.13125,42.84375,386.07,384.09045,411.8116
43.13125,42.85625,341.17,339.3769,357.18683
43.13125,42.86875,363.58,354.65677,380.83603
43.13125,42.88125,347.57,339.05765,363.14896
43.13125,42.89375,326.86,320.9659,345.4641
43.13125,42.90625,337.8,330.23273,359.24515
43.13125,42.91875,367.36,366.26926,392.87976
43.13125,42.93125,392.13,385.09613,419.13165
43.13125,42.94375,377.69,365.3231,397.47586
43.13125,42.95625,382.46,376.95694,404.48846
43.13125,42.96875,361.67,355.4706,371.2751
43.13125,42.98125,363.35,360.76443,371.52896
43.13125,42.99375,401.49,410.75305,421.6378
43.11875,42.00625,285.93,282.32922,295.23694
43.11875,42.01875,238.38,235.34544,250.20998
43.11875,42.03125,181.91,186.9305,211.89435
43.11875,42.04375,222.1,220.35577,240.41418
43.11875,42.05625,282.0,277.32928,291.62305
43.11875,42.06875,320.1,315.45258,329.35474
43.11875,42.08125,357.76,355.16452,380.6315
43.11875,42.09375,364.61,359.74252,385.64948
43.11875,42.10625,333.68,328.7481,350.54984
43.11875,42.11875,313.44,304.1146,323.37607
43.11875,42.13125,273.78,268.14343,280.2577
43.11875,42.14375,267.55,259.80032,277.67648
43.11875,42.15625,236.01,235.75441,247.53836
43.11875,42.16875,217.83,214.5277,223.61786
43.11875,42.18125,156.05,161.40611,172.34361
43.11875,42.19375,144.19,150.7577,168.00371
43.11875,42.20625,195.2,190.19022,205.80975
43.11875,42.21875,230.25,220.88232,236.02179
43.11875,42.23125,232.97,227.32664,239.16179
43.11875,42.24375,295.39,286.048,304.56503
43.11875,42.25625,295.65,284.04773,300.483
43.11875,42.26875,301.69,291.5257,312.50574
43.11875,42.28125,263.13,260.48553,283.60977
43.11875,42.29375,328.23,317.2581,340.01132
43.11875,42.30625,339.53,329.89178,357.72412
43.11875,42.31875,370.56,368.13986,395.268
43.11875,42.33125,353.34,350.7704,366.26184
43.11875,42.34375,309.11,304.87177,313.02063
43.11875,42.35625,318.03,312.0846,334.4854
43.11875,42.36875,279.19,269.5863,288.49588
43.11875,42.38125,216.05,217.65564,226.98047
43.11875,42.39375,178.86,185.70924,201.1786
43.11875,42.40625,186.43,194.14697,213.1576
43.11875,42.41875,261.77,255.9962,276.36047
43.11875,42.43125,316.97,308.85455,334.5672
43.11875,42.44375,337.51,331.4408,347.82358
43.11875,42.45625,336.55,332.83542,348.13306
43.11875,42.46875,344.44,340.91022,353.9333
43.11875,42.48125,375.09,370.38718,405.591
43.11875,42.49375,355.21,341.68332,375.04572
43.11875,42.50625,374.74,370.1596,404.4253
43.11875,42.51875,355.4,345.83734,372.18747
43.11875,42.53125,331.73,318.38043,344.76416
43.11875,42.54375,337.74,326.64102,350.7101
43.11875,42.55625,351.84,355.70407,382.09216
43.11875,42.56875,308.04,299.37213,320.82632
43.11875,42.58125,263.91,263.49344,279.7026
43.11875,42.59375,200.69,212.48763,236.3297
43.11875,42.60625,255.59,259.67847,272.61755
43.11875,42.61875,330.11,331.1525,340.7931
43.11875,42.63125,379.2,407.2268,433.07333
43.11875,42.64375,367.82,373.19635,386.36407
43.11875,42.65625,394.83,421.8812,437.86035
43.11875,42.66875,385.61,397.0227,412.50626
43.11875,42.68125,342.47,343.24802,361.10266
43.11875,42.69375,312.29,307.36862,323.4294
43.11875,42.70625,323.45,312.71036,338.76105
43.11875,42.71875,227.57,241.12683,260.06903
43.11875,42.73125,224.89,234.13898,242.05736
43.11875,42.74375,235.87,240.34198,249.90869
43.11875,42.75625,186.44,208.92676,220.25905
43.11875,42.76875,269.87,269.0872,283.8836
43.11875,42.78125,258.85,266.0995,282.5345
43.11875,42.79375,322.69,318.44156,334.6313
43.11875,42.80625,388.0,384.34198,410.45447
43.11875,42.81875,402.71,405.47763,440.4979
43.11875,42.83125,373.53,365.23245,391.757
43.11875,42.84375,343.53,334.10147,357.99048
43.11875,42.85625,321.19,314.63144,337.86255
43.11875,42.86875,287.25,281.48523,306.0474
43.11875,42.88125,324.81,313.80716,339.88467
43.11875,42.89375,364.93,354.43762,382.99872
43.11875,42.90625,400.51,401.73108,438.09186
43.11875,42.91875,403.13,396.6621,425.31094
43.11875,42.93125,402.06,396.40726,424.04355
43.11875,42.94375,392.33,380.85104,412.04282
43.11875,42.95625,397.04,383.00082,420.89597
43.11875,42.96875,406.88,397.24164,426.3743
43.11875,42.98125,430.68,452.47382,477.44424
43.11875,42.99375,436.67,463.8806,484.81604
43.10625,42.00625,192.74,194.13779,210.87807
43.10625,42.01875,176.67,179.91971,198.90527
43.10625,42.03125,208.08,205.49113,225.8558
43.10625,42.04375,273.75,263.55765,284.38364
43.10625,42.05625,306.74,301.97534,318.45673
43.10625,42.06875,350.09,353.31638,379.15668
43.10625,42.08125,376.41,400.6462,434.937
43.10625,42.09375,355.53,359.24557,381.9382
43.10625,42.10625,301.0,295.73306,316.2294
43.10625,42.11875,275.21,265.81302,289.12796
43.10625,42.13125,213.54,214.57336,234.6315
43.10625,42.14375,200.55,202.55922,220.71793
43.10625,42.15625,207.65,202.11572,217.9042
43.10625,42.16875,206.38,196.89905,210.31158
43.10625,42.18125,124.96,135.9706,156.3326
43.10625,42.19375,171.0,169.16994,187.27367
43.10625,42.20625,243.59,233.01788,251.48361
43.10625,42.21875,281.84,271.73746,297.6759
43.10625,42.23125,299.54,288.6881,318.68378
43.10625,42.24375,313.55,304.67477,332.27032
43.10625,42.25625,329.0,320.6305,348.46268
43.10625,42.26875,335.78,328.2092,356.8262
43.10625,42.28125,328.15,318.13004,343.54633
43.10625,42.29375,343.28,334.1399,358.67905
43.10625,42.30625,363.87,359.12753,396.90802
43.10625,42.31875,346.22,337.25418,367.55682
43.10625,42.33125,324.3,317.17352,341.65582
43.10625,42.34375,270.69,265.25,281.09003
43.10625,42.35625,235.1,232.47833,248.60188
43.10625,42.36875,240.87,233.65591,245.65799
43.10625,42.38125,203.93,201.81456,219.08325
43.10625,42.39375,146.71,159.28964,182.10463
43.10625,42.40625,220.72,216.87747,237.26772
43.10625,42.41875,275.22,265.64484,287.62976
43.10625,42.43125,305.34,295.65063,317.2163
43.10625,42.44375,270.41,263.89606,280.7285
43.10625,42.45625,262.18,259.67825,274.83414
43.10625,42.46875,295.26,288.85294,306.7952
43.10625,42.48125,338.15,333.0028,358.12192
43.10625,42.49375,343.68,337.5229,359.6311
43.10625,42.50625,350.71,341.38187,369.5159
43.10625,42.51875,358.82,345.97485,380.8449
43.10625,42.53125,368.3,362.56363,399.50116
43.10625,42.54375,367.87,370.09418,405.9569
43.10625,42.55625,340.89,334.86578,360.5524
43.10625,42.56875,275.88,273.5028,291.98187
43.10625,42.58125,226.61,233.3653,250.8552
43.10625,42.59375,185.74,197.36487,219.21451
43.10625,42.60625,221.5,227.97748,243.99266
43.10625,42.61875,278.14,280.18124,281.09796
43.10625,42.63125,301.32,304.792,312.7209
43.10625,42.64375,330.44,328.69302,343.38254
43.10625,42.65625,332.07,330.46948,343.08337
43.10625,42.66875,350.02,341.96957,359.33136
43.10625,42.68125,373.14,375.28665,408.53278
43.10625,42.69375,345.02,333.0185,365.92395
43.10625,42.70625,325.05,317.90802,339.93478
43.10625,42.71875,277.09,272.39175,292.6393
43.10625,42.73125,247.19,243.76556,265.99548
43.10625,42.74375,166.74,188.37984,212.29642
43.10625,42.75625,267.39,263.74393,282.61478
43.10625,42.76875,320.12,314.47684,330.114
43.10625,42.78125,324.0,325.51364,348.66223
43.10625,42.79375,326.19,323.38025,341.64716
43.10625,42.80625,392.94,394.81186,421.6643
43.10625,42.81875,387.48,385.56827,417.5625
43.10625,42.83125,374.44,371.79102,396.9542
43.10625,42.84375,355.77,344.65118,370.1712
43.10625,42.85625,316.74,306.7284,331.65845
43.10625,42.86875,258.63,263.3984,288.1628
43.10625,42.88125,309.08,302.89795,325.23615
43.10625,42.89375,318.36,314.81552,331.1804
43.10625,42.90625,321.39,315.3896,333.9629
43.10625,42.91875,334.62,324.85144,347.9679
43.10625,42.93125,358.12,343.61734,371.95148
43.10625,42.94375,384.95,367.2812,404.5606
43.10625,42.95625,387.15,371.54132,413.2425
43.10625,42.96875,418.49,409.8018,442.9524
43.10625,42.98125,419.94,408.37137,434.4653
43.10625,42.99375,411.17,393.47678,406.70517
43.09375,42.00625,193.41,187.97153,209.85706
43.09375,42.01875,250.7,236.47772,262.27487
43.09375,42.03125,268.85,256.63882,274.4799
43.09375,42.04375,291.62,280.80753,298.17368
43.09375,42.05625,293.58,287.6608,306.57425
43.09375,42.06875,351.42,367.26187,392.39645
43.09375,42.08125,370.37,392.74435,428.09854
43.09375,42.09375,360.05,357.70056,385.1123
43.09375,42.10625,337.87,330.78546,357.50653
43.09375,42.11875,311.05,305.76584,324.0625
43.09375,42.13125,287.15,277.8826,296.8123
43.09375,42.14375,283.18,271.60117,293.8783
43.09375,42.15625,270.14,267.67987,289.864
43.09375,42.16875,211.33,202.47876,215.90085
43.09375,42.18125,121.37,131.895,151.3492
43.09375,42.19375,156.2,152.93379,169.46068
43.09375,42.20625,203.88,191.56635,205.78142
43.09375,42.21875,232.14,217.83177,237.6608
43.09375,42.23125,249.0,234.89629,254.67465
43.09375,42.24375,261.49,250.13933,268.4884
43.09375,42.25625,274.13,263.111,281.87152
43.09375,42.26875,298.99,287.5135,312.77347
43.09375,42.28125,319.48,309.94897,335.2298
43.09375,42.29375,350.74,346.97388,379.90497
43.09375,42.30625,346.79,338.12704,369.66086
43.09375,42.31875,325.11,313.35382,343.15256
43.09375,42.33125,307.3,296.05933,321.14642
43.09375,42.34375,294.11,283.35175,306.81006
43.09375,42.35625,264.74,253.118,276.647
43.09375,42.36875,201.95,199.3632,216.24725
43.09375,42.38125,159.82,163.47763,181.51907
43.09375,42.39375,169.9,167.99628,190.18718
43.09375,42.40625,228.52,216.87514,236.76039
43.09375,42.41875,245.4,232.8891,253.51358
43.09375,42.43125,248.9,237.74406,255.39737
43.09375,42.44375,203.99,205.92477,218.53047
43.09375,42.45625,253.65,243.16159,262.28302
43.09375,42.46875,290.03,279.48965,299.72427
43.09375,42.48125,244.59,245.31152,258.50934
43.09375,42.49375,294.26,284.3571,309.43192
43.09375,42.50625,332.48,321.81845,350.54248
43.09375,42.51875,321.59,309.55588,332.85135
43.09375,42.53125,322.5,311.33997,331.6981
43.09375,42.54375,344.01,335.0054,365.04288
43.09375,42.55625,344.82,340.01086,369.97757
43.09375,42.56875,311.12,305.1053,328.75876
43.09375,42.58125,243.72,241.74777,260.66592
43.09375,42.59375,181.22,189.77867,217.58134
43.09375,42.60625,178.77,189.95956,213.20532
43.09375,42.61875,232.51,230.94247,250.01126
43.09375,42.63125,255.56,253.70105,275.59964
43.09375,42.64375,307.64,298.62003,319.29425
43.09375,42.65625,292.13,285.87872,306.2138
43.09375,42.66875,351.19,348.52298,376.6247
43.09375,42.68125,342.23,335.97388,361.12512
43.09375,42.69375,343.16,339.45303,365.16858
43.09375,42.70625,312.1,303.59827,326.36874
43.09375,42.71875,275.29,266.46463,285.75296
43.09375,42.73125,205.01,210.3561,227.99666
43.09375,42.74375,176.77,188.8606,210.81812
43.09375,42.75625,261.29,253.97711,270.30243
43.09375,42.76875,305.01,300.7277,315.9557
43.09375,42.78125,327.23,321.78564,340.55344
43.09375,42.79375,354.41,349.9619,371.41516
43.09375,42.80625,371.68,370.22266,393.40137
43.09375,42.81875,383.58,381.4068,412.20117
43.09375,42.83125,378.11,372.56464,406.87344
43.09375,42.84375,366.52,363.89786,394.9137
43.09375,42.85625,345.53,335.94495,358.98145
43.09375,42.86875,270.66,268.46207,289.7969
43.09375,42.88125,286.07,277.8203,303.2069
43.09375,42.89375,318.45,307.05826,329.1031
43.09375,42.90625,319.36,312.5122,333.51224
43.09375,42.91875,361.77,354.54346,380.45993
43.09375,42.93125,394.06,396.1867,427.6286
43.09375,42.94375,407.67,416.6497,453.06796
43.09375,42.95625,411.02,401.34027,433.01996
43.09375,42.96875,391.87,378.19052,406.19388
43.09375,42.98125,380.4,366.94894,392.85284
43.09375,42.99375,384.42,362.099,391.72763
43.08125,42.00625,224.91,214.91745,235.76279
43.08125,42.01875,279.11,264.36237,289.3287
43.08125,42.03125,275.24,261.779,289.0028
43.08125,42.04375,301.8,286.4443,315.46964
43.08125,42.05625,328.71,319.3279,346.23853
43.08125,42.06875,326.49,315.21808,339.70007
43.08125,42.08125,330.31,320.62903,347.32748
43.08125,42.09375,333.38,328.90656,352.1279
43.08125,42.10625,323.23,320.1391,344.86334
43.08125,42.11875,292.98,285.59915,304.95508
43.08125,42.13125,272.38,261.88766,281.54926
43.08125,42.14375,243.74,232.31871,249.55273
43.08125,42.15625,222.49,211.05496,227.69087
43.08125,42.16875,172.52,166.12975,174.676
43.08125,42.18125,118.2,124.17636,143.01553
43.08125,42.19375,156.76,148.36453,170.29626
43.08125,42.20625,193.28,180.52559,201.9358
43.08125,42.21875,219.63,203.73897,226.56342
43.08125,42.23125,244.47,226.9928,254.63719
43.08125,42.24375,259.01,242.11288,265.53497
43.08125,42.25625,282.72,265.53925,287.82956
43.08125,42.26875,288.12,276.99423,299.6677
43.08125,42.28125,301.73,289.74435,315.92654
43.08125,42.29375,319.6,305.5914,334.80264
43.08125,42.30625,304.66,290.19733,316.07208
43.08125,42.31875,301.48,287.78885,314.13464
43.08125,42.33125,295.89,283.74127,311.03214
43.08125,42.34375,270.57,260.76898,280.9606
43.08125,42.35625,227.67,220.15067,234.55501
43.08125,42.36875,196.2,187.80579,202.29892
43.08125,42.38125,145.52,146.41821,166.90884
43.08125,42.39375,164.73,159.57295,181.95956
43.08125,42.40625,195.34,184.37473,209.25418
43.08125,42.41875,228.72,211.09924,237.25691
43.08125,42.43125,217.91,204.46281,226.27357
43.08125,42.44375,166.9,169.22667,188.83426
43.08125,42.45625,220.38,209.34462,228.37244
43.08125,42.46875,196.86,197.10153,214.01797
43.08125,42.48125,244.22,235.45804,255.02696
43.08125,42.49375,280.47,270.58167,290.4595
43.08125,42.50625,284.22,274.0832,294.0185
43.08125,42.51875,252.83,247.94621,264.8655
43.08125,42.53125,290.42,280.26898,298.98096
43.08125,42.54375,283.91,272.2913,293.9718
43.08125,42.55625,304.42,292.95468,316.1275
43.08125,42.56875,278.7,265.94788,283.16797
43.08125,42.58125,242.49,231.76611,252.0408
43.08125,42.59375,194.39,193.54842,220.52725
43.08125,42.60625,195.72,190.56998,222.89207
43.08125,42.61875,235.63,225.57587,253.6158
43.08125,42.63125,247.6,237.8111,257.31833
43.08125,42.64375,238.15,233.20668,256.92184
43.08125,42.65625,271.65,262.49396,278.84784
43.08125,42.66875,319.18,308.06763,333.54562
43.08125,42.68125,290.04,278.11282,296.20477
43.08125,42.69375,278.33,266.58783,285.54626
43.08125,42.70625,292.53,278.15298,296.56128
43.08125,42.71875,283.92,269.93118,295.28995
43.08125,42.73125,221.41,217.30063,241.2433
43.08125,42.74375,167.15,174.04909,197.92332
43.08125,42.75625,197.41,197.71469,212.93495
43.08125,42.76875,219.42,222.47946,233.8531
43.08125,42.78125,278.2,270.00912,288.05875
43.08125,42.79375,284.51,281.0941,293.08887
43.08125,42.80625,318.53,310.91614,333.98846
43.08125,42.81875,350.56,348.45285,371.59814
43.08125,42.83125,326.1,322.21033,339.15787
43.08125,42.84375,351.02,343.59204,371.78375
43.08125,42.85625,315.35,305.20447,324.8105
43.08125,42.86875,274.42,267.3539,289.8244
43.08125,42.88125,243.64,245.47815,265.13022
43.08125,42.89375,303.27,299.4498,316.26
43.08125,42.90625,365.5,366.07187,392.1626
43.08125,42.91875,363.61,361.6941,382.88086
43.08125,42.93125,337.03,333.57907,353.355
43.08125,42.94375,346.98,343.49973,366.4917
43.08125,42.95625,334.39,329.1672,351.11978
43.08125,42.96875,323.07,319.43594,344.95486
43.08125,42.98125,380.13,367.8951,397.65448
43.08125,42.99375,393.44,377.25925,398.43472
43.06875,42.00625,275.75,259.72177,288.57443
43.06875,42.01875,288.19,270.2671,299.80704
43.06875,42.03125,282.0,264.64987,294.90695
43.06875,42.04375,299.74,281.64313,314.26584
43.06875,42.05625,297.27,280.34775,310.73404
43.06875,42.06875,304.81,287.03296,319.5137
43.06875,42.08125,299.36,283.88858,310.88483
43.06875,42.09375,299.53,285.77814,313.18045
43.06875,42.10625,283.68,269.9144,293.39575
43.06875,42.11875,268.16,251.70218,275.90308
43.06875,42.13125,235.46,220.4302,241.60992
43.06875,42.14375,214.25,200.12927,218.51717
43.06875,42.15625,221.93,205.13286,229.15216
43.06875,42.16875,193.53,181.6032,205.21965
43.06875,42.18125,112.79,117.42097,139.7632
43.06875,42.19375,166.42,155.16168,176.27283
43.06875,42.20625,217.11,204.18474,226.32106
43.06875,42.21875,248.45,234.9297,256.6279
43.06875,42.23125,271.11,259.5985,282.85706
43.06875,42.24375,279.24,270.95087,286.4461
43.06875,42.25625,305.59,302.9268,325.67218
43.06875,42.26875,337.3,339.3988,372.7957
43.06875,42.28125,333.0,328.20297,362.06528
43.06875,42.29375,297.07,286.72018,311.39072
43.06875,42.30625,272.05,259.92517,285.6098
43.06875,42.31875,251.19,240.34833,262.5736
43.06875,42.33125,256.4,240.0763,262.28354
43.06875,42.34375,251.07,234.61958,255.38982
43.06875,42.35625,250.37,239.68811,267.67798
43.06875,42.36875,174.75,171.34808,186.79181
43.06875,42.38125,125.03,133.9686,154.29558
43.06875,42.39375,200.98,190.43385,209.1638
43.06875,42.40625,185.04,175.77098,193.46251
43.06875,42.41875,189.39,176.2453,198.3226
43.06875,42.43125,171.73,162.46533,181.34325
43.06875,42.44375,172.48,163.81021,186.28082
43.06875,42.45625,208.99,192.66893,217.8613
43.06875,42.46875,180.69,173.07545,195.46994
43.06875,42.48125,216.39,202.85672,221.03662
43.06875,42.49375,197.71,193.85204,210.5935
43.06875,42.50625,236.27,223.33774,242.30307
43.06875,42.51875,215.39,207.19934,223.92957
43.06875,42.53125,233.04,221.24155,241.08673
43.06875,42.54375,241.97,226.92195,250.74098
43.06875,42.55625,265.49,249.95154,277.29654
43.06875,42.56875,277.2,261.30887,287.37653
43.06875,42.58125,254.79,238.35088,262.5387
43.06875,42.59375,214.54,203.80858,230.89728
43.06875,42.60625,184.3,178.02342,204.26553
43.06875,42.61875,189.46,184.12836,209.08185
43.06875,42.63125,217.44,210.50792,228.8455
43.06875,42.64375,255.07,241.05275,266.9665
43.06875,42.65625,271.87,259.3251,283.94827
43.06875,42.66875,310.15,294.6923,328.0879
43.06875,42.68125,296.83,284.88544,311.50354
43.06875,42.69375,233.23,227.1927,248.80318
43.06875,42.70625,265.58,249.30757,274.42563
43.06875,42.71875,274.49,257.2084,286.4564
43.06875,42.73125,236.02,222.50983,244.32535
43.06875,42.74375,201.67,191.82791,220.4919
43.06875,42.75625,174.65,172.51926,201.14696
43.06875,42.76875,219.09,209.35985,231.43518
43.06875,42.78125,228.05,221.6492,244.28325
43.06875,42.79375,280.84,271.2893,296.38754
43.06875,42.80625,263.09,257.72046,272.65344
43.06875,42.81875,276.66,270.6415,286.87585
43.06875,42.83125,280.87,271.8969,288.7187
43.06875,42.84375,287.61,278.37045,297.11163
43.06875,42.85625,297.21,289.81277,309.82233
43.06875,42.86875,306.33,297.6218,322.62158
43.06875,42.88125,211.44,221.6417,242.80974
43.06875,42.89375,284.03,280.80847,297.37958
43.06875,42.90625,342.39,338.94293,360.7608
43.06875,42.91875,268.13,275.2627,288.0058
43.06875,42.93125,278.85,280.25552,302.05878
43.06875,42.94375,289.81,288.662,317.40558
43.06875,42.95625,309.43,303.19495,333.78445
43.06875,42.96875,328.05,316.77905,349.7239
43.06875,42.98125,336.67,331.74365,358.57764
43.06875,42.99375,394.3,378.3666,402.97614
43.05625,42.00625,258.22,240.8003,269.85382
43.05625,42.01875,259.68,243.4288,272.5992
43.05625,42.03125,287.73,269.1503,301.552
43.05625,42.04375,295.0,277.41574,311.79407
43.05625,42.05625,272.71,254.46277,283.81653
43.05625,42.06875,274.12,255.19669,285.94662
43.05625,42.08125,271.6,254.14928,284.81006
43.05625,42.09375,269.13,250.34691,280.85028
43.05625,42.10625,268.98,250.71054,280.5995
43.05625,42.11875,241.2,224.54492,254.11748
43.05625,42.13125,230.84,212.45483,239.37958
43.05625,42.14375,225.01,207.46704,231.95567
43.05625,42.15625,178.81,169.8319,189.89728
43.05625,42.16875,154.35,146.13094,164.16107
43.05625,42.18125,123.39,119.29192,139.77092
43.05625,42.19375,150.29,141.21143,158.15141
43.05625,42.20625,184.42,172.66612,192.00479
43.05625,42.21875,211.2,202.00717,216.05003
43.05625,42.23125,254.42,244.49466,258.3936
43.05625,42.24375,262.57,260.0035,269.5489
43.05625,42.25625,322.53,338.24503,368.44104
43.05625,42.26875,322.62,322.651,346.00842
43.05625,42.28125,294.26,287.6891,305.9049
43.05625,42.29375,283.21,271.92575,291.64606
43.05625,42.30625,289.0,280.12683,309.89655
43.05625,42.31875,268.37,257.53568,280.2616
43.05625,42.33125,218.57,205.30434,218.65256
43.05625,42.34375,181.58,178.23633,195.61922
43.05625,42.35625,185.25,175.80907,190.53275
43.05625,42.36875,170.74,162.16243,173.5668
43.05625,42.38125,155.98,152.80287,172.97818
43.05625,42.39375,133.82,136.99753,148.40321
43.05625,42.40625,100.34,117.00991,130.6285
43.05625,42.41875,116.84,121.01494,142.50505
43.05625,42.43125,141.7,136.43633,161.1587
43.05625,42.44375,137.66,137.55885,159.45305
43.05625,42.45625,179.04,166.38797,191.5491
43.05625,42.46875,165.24,155.74533,178.37692
43.05625,42.48125,160.57,153.85213,175.33084
43.05625,42.49375,182.84,169.75024,191.91634
43.05625,42.50625,174.89,167.7433,188.55899
43.05625,42.51875,184.2,177.24321,199.9194
43.05625,42.53125,210.14,194.32762,223.77225
43.05625,42.54375,246.99,229.17963,256.13013
43.05625,42.55625,265.92,248.97499,274.9862
43.05625,42.56875,273.73,259.1047,283.9182
43.05625,42.58125,253.14,236.60046,255.96906
43.05625,42.59375,250.58,235.22783,261.56186
43.05625,42.60625,200.43,188.38185,210.91235
43.05625,42.61875,179.63,175.72841,192.80675
43.05625,42.63125,238.99,226.89677,248.3324
43.05625,42.64375,290.17,279.4698,312.67493
43.05625,42.65625,265.0,250.18877,273.711
43.05625,42.66875,281.66,263.8852,290.01163
43.05625,42.68125,286.09,272.13187,297.77325
43.05625,42.69375,235.94,224.06262,244.04326
43.05625,42.70625,211.56,203.25662,223.5147
43.05625,42.71875,225.01,213.0087,235.19691
43.05625,42.73125,217.17,205.40233,228.711
43.05625,42.74375,170.63,164.92091,192.08572
43.05625,42.75625,170.6,166.77536,196.64325
43.05625,42.76875,222.53,205.98253,238.11694
43.05625,42.78125,219.93,206.03206,226.15598
43.05625,42.79375,209.41,199.31204,220.92332
43.05625,42.80625,214.65,204.00728,226.73706
43.05625,42.81875,205.69,200.32309,222.3436
43.05625,42.83125,213.2,208.6417,229.46983
43.05625,42.84375,226.92,219.14421,242.57657
43.05625,42.85625,218.77,216.95074,232.05069
43.05625,42.86875,213.14,214.8444,229.16354
43.05625,42.88125,247.18,242.93655,265.1193
43.05625,42.89375,253.6,251.0116,263.43756
43.05625,42.90625,228.6,238.41008,254.46936
43.05625,42.91875,257.06,258.9676,279.98956
43.05625,42.93125,308.92,302.83112,328.87866
43.05625,42.94375,360.47,349.04095,375.09433
43.05625,42.95625,370.0,358.9811,381.34952
43.05625,42.96875,377.97,367.94806,394.13654
43.05625,42.98125,351.98,341.0523,368.20325
43.05625,42.99375,355.9,346.76846,371.45813
43.04375,42.00625,253.57,233.57977,262.55826
43.04375,42.01875,275.48,256.3704,286.83252
43.04375,42.03125,257.32,239.81909,266.62494
43.04375,42.04375,286.59,267.95468,297.80988
43.04375,42.05625,266.41,247.97552,279.1659
43.04375,42.06875,239.05,222.2466,249.40738
43.04375,42.08125,244.67,223.29787,253.18463
43.04375,42.09375,235.3,216.79305,243.09909
43.04375,42.10625,250.65,230.3023,259.58243
43.04375,42.11875,227.28,210.11333,232.26137
43.04375,42.13125,232.11,211.50974,237.72559
43.04375,42.14375,210.36,190.51384,220.47163
43.04375,42.15625,200.38,181.82181,204.91554
43.04375,42.16875,166.47,153.04784,174.23875
43.04375,42.18125,106.87,107.41735,131.70514
43.04375,42.19375,142.97,132.5817,155.85838
43.04375,42.20625,155.01,144.92557,162.25798
43.04375,42.21875,176.71,169.1434,181.38171
43.04375,42.23125,212.28,203.5731,219.30664
43.04375,42.24375,265.58,256.99854,270.07843
43.04375,42.25625,275.86,270.72086,283.82938
43.04375,42.26875,265.34,257.2932,271.39655
43.04375,42.28125,239.49,230.96272,239.9836
43.04375,42.29375,214.9,206.79999,221.09436
43.04375,42.30625,249.84,237.23541,255.61021
43.04375,42.31875,225.81,216.9595,225.51643
43.04375,42.33125,182.36,177.60237,184.66098
43.04375,42.34375,134.95,135.3328,148.84755
43.04375,42.35625,130.49,128.9148,149.56076
43.04375,42.36875,125.26,126.455666,143.60349
43.04375,42.38125,95.19,114.89544,117.26395
43.04375,42.39375,193.45,187.48462,194.82741
43.04375,42.40625,186.76,180.82265,187.88593
43.04375,42.41875,175.28,168.53363,178.2988
43.04375,42.43125,143.9,144.41515,156.2193
43.04375,42.44375,152.67,146.43129,161.77907
43.04375,42.45625,116.72,124.44023,145.7185
43.04375,42.46875,127.02,129.15918,151.48897
43.04375,42.48125,134.87,131.1479,155.48767
43.04375,42.49375,149.76,141.68138,168.40685
43.04375,42.50625,172.0,159.91414,184.0612
43.04375,42.51875,187.71,170.1755,197.09453
43.04375,42.53125,204.39,186.55278,212.31226
43.04375,42.54375,233.86,214.58281,238.2603
43.04375,42.55625,218.37,203.35008,226.85196
43.04375,42.56875,217.73,203.9095,220.63936
43.04375,42.58125,192.69,184.00743,200.51541
43.04375,42.59375,171.93,166.93738,185.92697
43.04375,42.60625,160.43,156.95613,176.97769
43.04375,42.61875,208.14,196.2894,216.06058
43.04375,42.63125,269.58,260.3017,285.06628
43.04375,42.64375,248.97,234.62383,255.58861
43.04375,42.65625,259.97,242.9512,265.96042
43.04375,42.66875,250.05,236.02208,254.89891
43.04375,42.68125,223.29,213.48613,230.23425
43.04375,42.69375,208.63,196.41318,215.12315
43.04375,42.70625,194.28,180.81786,207.17366
43.04375,42.71875,169.94,161.44093,186.76752
43.04375,42.73125,170.05,160.6222,188.18912
43.04375,42.74375,182.01,168.5324,198.00793
43.04375,42.75625,183.46,174.95091,197.94624
43.04375,42.76875,170.07,168.91606,188.71428
43.04375,42.78125,175.36,174.48639,195.53815
43.04375,42.79375,189.57,186.1765,207.70651
43.04375,42.80625,183.4,181.01926,203.61035
43.04375,42.81875,183.24,179.13138,203.02507
43.04375,42.83125,180.16,176.18628,205.3783
43.04375,42.84375,184.87,180.23685,210.38542
43.04375,42.85625,188.39,185.23369,214.23392
43.04375,42.86875,194.97,194.20569,221.00755
43.04375,42.88125,223.05,217.47873,242.55707
43.04375,42.89375,231.39,231.14137,253.5063
43.04375,42.90625,292.14,284.14868,300.8625
43.04375,42.91875,339.42,337.12952,356.64212
43.04375,42.93125,314.26,310.19983,328.7787
43.04375,42.94375,336.35,329.8978,353.36273
43.04375,42.95625,393.75,392.4789,422.3142
43.04375,42.96875,420.21,428.85376,458.24503
43.04375,42.98125,395.92,395.22507,409.6545
43.04375,42.99375,378.86,378.36172,380.10986
43.03125,42.00625,225.24,208.38272,237.20032
43.03125,42.01875,262.7,241.67722,272.69305
43.03125,42.03125,230.42,213.27966,238.63481
43.03125,42.04375,236.63,220.72304,247.83775
43.03125,42.05625,280.08,264.65662,300.61346
43.03125,42.06875,251.07,230.7895,258.91052
43.03125,42.08125,204.72,195.43272,219.5969
43.03125,42.09375,202.49,187.94792,212.93219
43.03125,42.10625,212.97,195.61285,220.3711
43.03125,42.11875,198.78,182.61877,206.11908
43.03125,42.13125,194.74,180.2134,203.82578
43.03125,42.14375,224.76,204.99327,232.48428
43.03125,42.15625,206.96,189.17746,212.73726
43.03125,42.16875,168.61,156.2627,173.49855
43.03125,42.18125,103.62,105.138054,122.9983
43.03125,42.19375,104.24,104.24213,129.34824
43.03125,42.20625,154.37,144.64546,160.24037
43.03125,42.21875,180.31,170.23106,186.56259
43.03125,42.23125,232.62,217.96379,239.09583
43.03125,42.24375,190.45,186.33604,201.75496
43.03125,42.25625,228.06,215.02104,231.58073
43.03125,42.26875,240.04,225.22433,245.22124
43.03125,42.28125,202.49,192.20306,205.02534
43.03125,42.29375,164.77,161.42606,175.70978
43.03125,42.30625,218.25,207.9682,224.24274
43.03125,42.31875,159.52,156.49484,167.90424
43.03125,42.33125,113.56,125.819084,135.2265
43.03125,42.34375,106.72,123.108765,130.48047
43.03125,42.35625,116.68,119.73092,132.89241
43.03125,42.36875,185.37,175.07913,192.45615
43.03125,42.38125,205.87,197.83157,205.89793
43.03125,42.39375,257.11,260.5021,272.70233
43.03125,42.40625,270.35,267.06546,292.0782
43.03125,42.41875,253.66,243.67717,257.1517
43.03125,42.43125,237.99,226.82857,241.28471
43.03125,42.44375,199.58,189.24329,196.0747
43.03125,42.45625,188.3,179.5397,191.46378
43.03125,42.46875,196.78,184.20921,200.84045
43.03125,42.48125,184.93,173.31572,188.87648
43.03125,42.49375,116.22,126.433136,148.10196
43.03125,42.50625,141.7,137.62956,159.52585
43.03125,42.51875,164.47,152.34106,179.14471
43.03125,42.53125,176.73,162.70805,185.75851
43.03125,42.54375,207.62,189.78316,212.245
43.03125,42.55625,212.42,191.36124,216.02368
43.03125,42.56875,193.29,176.73111,199.26541
43.03125,42.58125,155.13,147.04228,173.37129
43.03125,42.59375,181.48,165.63425,196.35252
43.03125,42.60625,202.69,183.60327,211.89185
43.03125,42.61875,233.57,214.15202,235.24153
43.03125,42.63125,228.35,210.79933,230.67879
43.03125,42.64375,211.0,196.07224,211.11353
43.03125,42.65625,218.28,201.53166,223.75674
43.03125,42.66875,185.18,175.75749,195.48996
43.03125,42.68125,167.39,159.32486,180.27635
43.03125,42.69375,163.24,155.12099,180.67906
43.03125,42.70625,179.75,168.6103,191.72893
43.03125,42.71875,202.96,187.57324,210.67705
43.03125,42.73125,224.63,205.48076,229.30042
43.03125,42.74375,234.83,215.11021,240.3385
43.03125,42.75625,235.97,220.88716,243.55925
43.03125,42.76875,256.39,241.09438,265.74948
43.03125,42.78125,269.18,253.26797,279.28864
43.03125,42.79375,264.84,243.49045,272.1965
43.03125,42.80625,269.92,251.7455,283.00778
43.03125,42.81875,246.83,224.7835,253.1585
43.03125,42.83125,237.29,215.95546,248.48622
43.03125,42.84375,248.21,227.86974,260.70618
43.03125,42.85625,255.67,236.26698,268.43793
43.03125,42.86875,261.5,242.89484,272.0056
43.03125,42.88125,273.38,256.0192,282.16315
43.03125,42.89375,295.03,277.32565,305.85327
43.03125,42.90625,314.38,300.71988,321.59183
43.03125,42.91875,356.05,345.2083,379.34094
43.03125,42.93125,369.2,359.6895,393.1586
43.03125,42.94375,386.04,382.1276,417.6586
43.03125,42.95625,380.77,376.31177,404.76483
43.03125,42.96875,407.93,403.97318,432.53662
43.03125,42.98125,431.89,444.2992,465.7748
43.03125,42.99375,450.17,509.4141,532.2433
43.01875,42.00625,242.35,219.91412,250.23073
43.01875,42.01875,250.67,229.16216,259.84253
43.01875,42.03125,211.26,195.67966,222.34035
43.01875,42.04375,232.72,214.23082,237.95232
43.01875,42.05625,257.9,239.32152,264.05307
43.01875,42.06875,259.1,241.38013,269.69745
43.01875,42.08125,223.94,209.97606,230.9846
43.01875,42.09375,208.81,193.92252,216.78416
43.01875,42.10625,166.91,159.04633,178.70044
43.01875,42.11875,148.35,144.34569,164.658
43.01875,42.13125,164.67,152.23732,171.09091
43.01875,42.14375,178.16,163.90457,183.74785
43.01875,42.15625,200.63,185.17807,205.85216
43.01875,42.16875,191.79,179.20038,199.4808
43.01875,42.18125,126.29,120.52281,139.23009
43.01875,42.19375,96.47,98.37811,120.19068
43.01875,42.20625,158.31,148.2885,166.18268
43.01875,42.21875,215.34,204.39935,227.2501
43.01875,42.23125,212.38,196.92857,221.63065
43.01875,42.24375,162.31,155.86116,174.19052
43.01875,42.25625,171.65,163.0511,181.83836
43.01875,42.26875,202.64,190.88574,207.27228
43.01875,42.28125,188.42,179.40334,193.9956
43.01875,42.29375,122.05,128.41196,141.97592
43.01875,42.30625,156.64,151.53778,167.36159
43.01875,42.31875,83.72,105.60214,114.70674
43.01875,42.33125,179.82,171.11086,186.99014
43.01875,42.34375,219.46,209.29941,226.99268
43.01875,42.35625,156.17,149.31998,163.58269
43.01875,42.36875,149.33,146.24146,158.9446
43.01875,42.38125,196.65,184.09436,196.82993
43.01875,42.39375,198.22,188.01106,200.72108
43.01875,42.40625,212.19,202.12976,216.32538
43.01875,42.41875,257.11,246.07613,260.72763
43.01875,42.43125,286.77,285.29828,308.44995
43.01875,42.44375,266.54,261.8427,276.5204
43.01875,42.45625,252.65,242.54169,258.74683
43.01875,42.46875,252.55,243.51224,258.11337
43.01875,42.48125,184.64,183.26913,187.50977
43.01875,42.49375,200.76,188.01408,205.34195
43.01875,42.50625,173.22,164.72899,180.27344
43.01875,42.51875,166.39,157.6718,175.3298
43.01875,42.53125,137.41,133.33945,157.5586
43.01875,42.54375,149.68,143.30199,166.82388
43.01875,42.55625,170.8,156.42926,182.79756
43.01875,42.56875,158.52,149.54063,175.01819
43.01875,42.58125,198.59,178.31096,209.39635
43.01875,42.59375,202.07,182.9412,213.06558
43.01875,42.60625,183.62,167.08664,191.5362
43.01875,42.61875,177.98,164.93294,186.52359
43.01875,42.63125,177.88,164.8821,186.57193
43.01875,42.64375,172.17,159.38171,183.35114
43.01875,42.65625,148.49,147.33669,172.1662
43.01875,42.66875,186.69,172.73488,198.35286
43.01875,42.68125,200.31,183.04675,209.7377
43.01875,42.69375,215.41,194.56416,223.77899
43.01875,42.70625,229.04,206.15543,234.63213
43.01875,42.71875,248.39,228.41356,253.04993
43.01875,42.73125,262.23,243.08592,270.9517
43.01875,42.74375,268.78,252.80861,278.5547
43.01875,42.75625,257.89,242.26872,264.98428
43.01875,42.76875,252.29,236.27672,261.0583
43.01875,42.78125,217.84,203.45667,224.51743
43.01875,42.79375,227.79,210.92256,234.86346
43.01875,42.80625,235.48,213.9272,240.49826
43.01875,42.81875,235.15,213.61397,240.85196
43.01875,42.83125,215.31,198.4326,226.97173
43.01875,42.84375,203.04,194.52063,219.319
43.01875,42.85625,195.06,192.04613,218.48865
43.01875,42.86875,228.36,216.82228,243.42828
43.01875,42.88125,243.83,235.06668,259.29376
43.01875,42.89375,288.97,270.78552,295.9285
43.01875,42.90625,308.8,290.0216,314.2118
43.01875,42.91875,323.66,306.3959,335.10196
43.01875,42.93125,339.64,322.83273,348.46988
43.01875,42.94375,356.72,342.87277,374.5838
43.01875,42.95625,359.94,348.90363,382.04236
43.01875,42.96875,369.3,366.74158,387.82135
43.01875,42.98125,398.61,413.43433,418.86353
43.01875,42.99375,410.28,418.40906,426.47922
43.00625,42.00625,193.93,178.14485,204.93257
43.00625,42.01875,203.79,189.22838,214.07071
43.00625,42.03125,225.4,207.12648,236.39098
43.00625,42.04375,191.89,179.6773,204.64255
43.00625,42.05625,213.3,199.64836,220.9477
43.00625,42.06875,252.11,237.59311,266.8212
43.00625,42.08125,234.28,217.77164,244.89748
43.00625,42.09375,243.25,225.70099,251.37172
43.00625,42.10625,227.63,213.14268,234.26004
43.00625,42.11875,197.44,184.00504,204.17284
43.00625,42.13125,159.58,152.04951,171.30408
43.00625,42.14375,127.9,127.81828,142.75452
43.00625,42.15625,159.23,147.7548,164.627
43.00625,42.16875,176.95,166.58508,184.1992
43.00625,42.18125,107.69,107.48246,120.76843
43.00625,42.19375,123.13,118.51223,133.12427
43.00625,42.20625,156.13,148.48929,161.96082
43.00625,42.21875,208.61,194.14131,218.78235
43.00625,42.23125,210.17,198.22801,225.2919
43.00625,42.24375,163.28,154.25282,172.16025
43.00625,42.25625,167.84,156.35355,177.0491
43.00625,42.26875,162.09,153.60744,167.44475
43.00625,42.28125,105.24,114.24532,125.442444
43.00625,42.29375,90.19,102.33476,116.00662
43.00625,42.30625,85.1,102.74857,115.814064
43.00625,42.31875,171.16,165.34581,182.35353
43.00625,42.33125,229.77,219.21136,236.66168
43.00625,42.34375,238.24,223.59724,249.82976
43.00625,42.35625,184.05,177.51132,195.36627
43.00625,42.36875,166.72,161.82512,181.99905
43.00625,42.38125,177.14,169.94858,189.63162
43.00625,42.39375,167.02,163.7392,185.1834
43.00625,42.40625,166.98,165.55666,184.02267
43.00625,42.41875,235.38,223.72842,235.58316
43.00625,42.43125,247.2,236.36801,254.02443
43.00625,42.44375,262.98,249.973,276.09784
43.00625,42.45625,294.85,284.58185,315.77747
43.00625,42.46875,295.61,284.43704,306.4563
43.00625,42.48125,249.14,237.65111,251.64806
43.00625,42.49375,233.07,238.32144,256.68207
43.00625,42.50625,236.41,224.74586,244.34698
43.00625,42.51875,206.43,194.08755,212.01039
43.00625,42.53125,177.94,168.85403,191.66638
43.00625,42.54375,154.61,148.58916,172.336
43.00625,42.55625,142.28,140.17538,163.77371
43.00625,42.56875,142.27,141.47575,163.64958
43.00625,42.58125,138.76,140.71039,162.59698
43.00625,42.59375,173.05,161.93694,184.83124
43.00625,42.60625,168.62,156.76973,182.48352
43.00625,42.61875,145.3,141.76163,165.9443
43.00625,42.63125,152.54,145.46555,170.60234
43.00625,42.64375,165.75,153.15707,180.57901
43.00625,42.65625,199.07,182.23158,209.99242
43.00625,42.66875,181.55,169.58528,192.70761
43.00625,42.68125,214.56,198.38446,224.24258
43.00625,42.69375,156.65,158.54166,182.06606
43.00625,42.70625,157.34,160.11197,183.9203
43.00625,42.71875,221.53,205.43802,227.03651
43.00625,42.73125,228.8,213.87257,233.33392
43.00625,42.74375,184.91,180.41336,198.33638
43.00625,42.75625,176.33,171.51486,191.01021
43.00625,42.76875,166.59,168.45673,190.62238
43.00625,42.78125,202.22,188.52661,214.943
43.00625,42.79375,180.0,174.03835,202.2956
43.00625,42.80625,186.65,177.0122,207.19746
43.00625,42.81875,206.19,188.60274,220.37875
43.00625,42.83125,195.17,183.79736,210.76208
43.00625,42.84375,246.52,226.87524,255.30879
43.00625,42.85625,262.46,242.66832,272.16452
43.00625,42.86875,233.57,220.12354,245.8133
43.00625,42.88125,216.96,209.6615,234.8466
43.00625,42.89375,249.57,237.40012,262.30237
43.00625,42.90625,283.32,263.217,295.3826
43.00625,42.91875,300.07,280.4971,311.5535
43.00625,42.93125,312.25,292.81088,323.26907
43.00625,42.94375,329.91,310.4418,342.86902
43.00625,42.95625,340.7,323.96317,349.8439
43.00625,42.96875,347.46,333.4831,352.97818
43.00625,42.98125,350.64,338.7759,358.47668
43.00625,42.99375,295.57,297.7248,312.38025
