latitude,longitude,baseline_mgal,correction_mgal,prediction_mgal
43.99375,42.00625,106.2774395839343,31.57069729704689,137.8481368809812
43.99375,42.01875,103.87978511741748,31.232186464171182,135.11197158158868
43.99375,42.03125,99.04174980326731,30.907995000957477,129.9497448042248
43.99375,42.04375,94.6924523471288,30.878711691816182,125.57116403894499
43.99375,42.05625,100.41717524848775,29.66971412661091,130.08688937509865
43.99375,42.06875,114.1893300889079,31.968931322062428,146.1582614109703
43.99375,42.08125,114.90432758381509,31.961002043088552,146.86532962690364
43.99375,42.09375,102.89371187731378,30.891469794247282,133.78518167156105
43.99375,42.10625,110.41435649945225,31.07491446539927,141.48927096485153
43.99375,42.11875,105.4274187736217,31.006562758177346,136.43398153179905
43.99375,42.13125,117.70946780839606,27.431717813326248,145.14118562172231
43.99375,42.14375,141.05779363741752,27.770767782806693,168.82856142022422
43.99375,42.15625,158.31064554800557,31.463351648155477,189.77399719616105
43.99375,42.16875,142.91756832938626,29.95306072172307,172.87062905110932
43.99375,42.18125,140.56066027254343,33.571951077991564,174.132611350535
43.99375,42.19375,141.6729655449806,33.62340785074584,175.29637339572645
43.99375,42.20625,155.64624284446663,32.65671916571974,188.30296201018638
43.99375,42.21875,155.6809038406343,34.075630172881596,189.7565340135159
43.99375,42.23125,154.1832294156077,34.067137507856785,188.2503669234645
43.99375,42.24375,154.119638096288,33.064894347831796,187.1845324441198
43.99375,42.25625,142.48044652066756,30.581308424160703,173.06175494482827
43.99375,42.26875,146.98681030216866,31.33194763046958,178.31875793263825
43.99375,42.28125,133.40171162459202,28.688057587387565,162.0897692119796
43.99375,42.29375,116.1572656117935,29.447134180183053,145.60439979197656
43.99375,42.30625,125.35126141186149,31.700685999357905,157.0519474112194
43.99375,42.31875,111.27078806295013,30.586907611874462,141.85769567482458
43.99375,42.33125,99.46082497938151,31.15742943140488,130.6182544107864
43.99375,42.34375,114.17166879120414,31.231938661110924,145.40360745231507
43.99375,42.35625,119.53053097903481,26.658024196915477,146.18855517595028
43.99375,42.36875,130.71809659658928,28.057708334613704,158.77580493120297
43.99375,42.38125,143.90459993132143,32.54380469869858,176.44840463002
43.99375,42.39375,142.99212170238602,32.978443209518176,175.9705649119042
43.99375,42.40625,138.45275044654218,32.23778851653734,170.69053896307952
43.99375,42.41875,138.8091962935203,32.22268510922948,171.03188140274978
43.99375,42.43125,139.74765021878792,32.583659850552706,172.33131006934065
43.99375,42.44375,136.0071032686041,32.17459944841313,168.18170271701723
43.99375,42.45625,140.930374121134,33.814093126993804,174.74446724812782
43.99375,42.46875,138.79178033260234,34.6824449584721,173.47422529107445
43.99375,42.48125,139.0101176829533,34.68208093023059,173.6921986131839
43.99375,42.49375,139.1399754909026,35.24621663721283,174.38619212811543
43.99375,42.50625,138.5262795142132,35.01566006783473,173.54193958204792
43.99375,42.51875,137.55420115325546,35.44457292299903,172.9987740762545
43.99375,42.53125,136.50694592133934,35.72822702426728,172.23517294560662
43.99375,42.54375,135.3360860160937,35.483926777931465,170.82001279402516
43.99375,42.55625,134.0221075736754,35.3378419243179,169.3599494979933
43.99375,42.56875,132.7610813867081,35.24155976700616,168.00264115371425
43.99375,42.58125,132.28059469448147,35.20940051775203,167.4899952122335
43.99375,42.59375,131.2033138311862,35.080636923493415,166.2839507546796
43.99375,42.60625,128.9767374614749,34.783090147184645,163.75982760865955
43.99375,42.61875,128.08129807927392,34.43090908738065,162.51220716665458
43.99375,42.63125,126.95800191625045,33.41716848825915,160.37517040450962
43.99375,42.64375,123.8029867832974,33.32049621496029,157.12348299825769
43.99375,42.65625,122.82638765991146,33.99197294000197,156.81836059991343
43.99375,42.66875,120.68124387938899,33.33630818064877,154.01755206003776
43.99375,42.68125,120.03392331421828,33.12454350511274,153.158466819331
43.99375,42.69375,118.55302247603008,33.625238566701825,152.1782610427319
43.99375,42.70625,115.8490549397256,33.37650380498588,149.2255587447115
43.99375,42.71875,111.6015331828659,33.01310016380876,144.61463334667465
43.99375,42.73125,103.93806326357803,31.38927908999813,135.32734235357617
43.99375,42.74375,99.90940506536386,32.025669713863074,131.93507477922694
43.99375,42.75625,101.16243223154407,31.599446378709096,132.76187861025318
43.99375,42.76875,94.54587373625236,30.432451075308578,124.97832481156094
43.99375,42.78125,87.06847282404581,28.289665656480913,115.35813848052672
43.99375,42.79375,75.89532063905645,28.93463504650732,104.82995568556377
43.99375,42.80625,84.31183084442844,31.213844122010816,115.52567496643925
43.99375,42.81875,90.37379057142171,32.36286376379528,122.736654335217
43.99375,42.83125,85.11526632551497,31.074280569758923,116.18954689527389
43.99375,42.84375,86.3579134064684,31.183492205255636,117.54140561172403
43.99375,42.85625,89.1697697803636,32.73030875502927,121.90007853539286
43.99375,42.86875,87.40779691559537,32.007261353436775,119.41505826903214
43.99375,42.88125,84.4254896740518,31.290255645426008,115.7157453194778
43.99375,42.89375,81.92644706853733,31.135592953566604,113.06204002210393
43.99375,42.90625,81.07478073573668,30.99310790394875,112.06788863968544
43.99375,42.91875,89.69609146365663,32.41354955502949,122.10964101868612
43.99375,42.93125,89.0668214773955,32.563496563748274,121.63031804114377
43.99375,42.94375,84.58151879603724,31.94563491318522,116.52715370922246
43.99375,42.95625,82.05270398931025,32.43495839360369,114.48766238291392
43.99375,42.96875,83.78106762100587,33.82390651467051,117.60497413567639
43.99375,42.98125,83.04293267286099,33.973922632850616,117.0168553057116
43.99375,42.99375,85.36140503485578,15.826334266831786,101.18773930168757
43.98125,42.00625,110.56174413054936,31.401730029293937,141.9634741598433
43.98125,42.01875,112.00039490617543,31.033794116217745,143.03418902239318
43.98125,42.03125,107.92963603899675,31.03408096126588,138.96371700026262
43.98125,42.04375,98.02597176030527,29.55021197480346,127.57618373510873
43.98125,42.05625,103.26870899444452,30.77888159168916,134.04759058613368
43.98125,42.06875,107.17177733947226,31.820964114162358,138.9927414536346
43.98125,42.08125,112.7409934227262,31.706259915268078,144.44725333799428
43.98125,42.09375,106.14850490988037,30.705809315620176,136.85431422550056
43.98125,42.10625,121.53006590834767,31.652354487868536,153.1824203962162
43.98125,42.11875,114.65409122158455,30.666219877982318,145.32031109956688
43.98125,42.13125,114.14152031805092,28.506219874365335,142.64774019241625
43.98125,42.14375,125.26600454494098,26.906814743130667,152.17281928807165
43.98125,42.15625,128.12205587456288,27.472607750858415,155.59466362542128
43.98125,42.16875,136.16675328205054,28.671419235565807,164.83817251761633
43.98125,42.18125,142.53377916986986,33.17944029055323,175.7132194604231
43.98125,42.19375,145.16334990046548,30.856288248143095,176.01963814860858
43.98125,42.20625,156.16247646324936,32.753803899294184,188.91628036254355
43.98125,42.21875,165.98535731483074,34.929547873368904,200.91490518819964
43.98125,42.23125,155.56679031615172,31.86956518517036,187.43635550132208
43.98125,42.24375,142.57699252261722,30.8590611059779,173.43605362859512
43.98125,42.25625,135.49277121231808,29.93589844803268,165.42866966035075
43.98125,42.26875,128.8839962130452,28.193376380253717,157.07737259329892
43.98125,42.28125,129.73620631914042,28.328989367265727,158.06519568640616
43.98125,42.29375,124.69285290732348,31.329796520322553,156.02264942764603
43.98125,42.30625,107.68258267270066,30.038013351941544,137.7205960246422
43.98125,42.31875,101.76741922666736,30.181812288353274,131.94923151502064
43.98125,42.33125,107.90895390602778,28.569391014532066,136.47834492055983
43.98125,42.34375,114.00087254649168,29.102089296981465,143.10296184347314
43.98125,42.35625,126.3076326876714,27.618324697051868,153.92595738472326
43.98125,42.36875,151.0474617423971,30.572048683454533,181.61951042585164
43.98125,42.38125,151.30238906522092,31.69082574621174,182.99321481143267
43.98125,42.39375,148.52453728120346,31.62443752596488,180.14897480716834
43.98125,42.40625,155.140687243892,33.73239020475208,188.87307744864407
43.98125,42.41875,155.12795046254956,33.95777680206296,189.08572726461253
43.98125,42.43125,150.65022118016853,33.79701345867091,184.44723463883943
43.98125,42.44375,150.53542661642146,34.23984057335796,184.7752671897794
43.98125,42.45625,149.55094206216748,34.14109756353194,183.6920396256994
43.98125,42.46875,148.88570382245265,35.02286759238296,183.90857141483562
43.98125,42.48125,145.9982778118198,34.64624402623808,180.64452183805787
43.98125,42.49375,146.39167717965228,32.90095282761607,179.29263000726834
43.98125,42.50625,138.05191581960474,29.856825692606566,167.90874151221132
43.98125,42.51875,139.10595155715703,31.80462888104551,170.91058043820254
43.98125,42.53125,141.13566932564197,32.63703822317824,173.77270754882022
43.98125,42.54375,138.94772191379545,32.71108134738445,171.6588032611799
43.98125,42.55625,138.39499417696518,32.6384495042511,171.03344368121628
43.98125,42.56875,140.02036553480417,33.55000968345854,173.5703752182627
43.98125,42.58125,138.87003215084778,33.48962100350105,172.35965315434882
43.98125,42.59375,137.7656360965534,32.952205827126484,170.71784192367988
43.98125,42.60625,136.78444972075147,32.79613848181922,169.58058820257068
43.98125,42.61875,134.75809954510183,33.06322330505306,167.8213228501549
43.98125,42.63125,132.85356026517042,32.96705688383031,165.82061714900073
43.98125,42.64375,131.2332059589897,32.97158450396485,164.20479046295458
43.98125,42.65625,131.6007570560464,34.18192340239177,165.78268045843816
43.98125,42.66875,130.4270670543058,34.537217215127086,164.96428426943288
43.98125,42.68125,127.57498189379976,34.35959411078238,161.93457600458214
43.98125,42.69375,124.253705863265,33.492191574734875,157.74589743799987
43.98125,42.70625,118.29738224400059,32.01260648193242,150.309988725933
43.98125,42.71875,115.41436908803787,31.75829786381119,147.17266695184907
43.98125,42.73125,109.23254843972569,30.865673364229014,140.09822180395471
43.98125,42.74375,112.35151970968688,31.975592328086343,144.32711203777322
43.98125,42.75625,108.74067626588186,30.30200780702608,139.04268407290795
43.98125,42.76875,103.53618400734197,29.91073288367075,133.44691689101273
43.98125,42.78125,93.03791046308953,29.308679661168778,122.34659012425831
43.98125,42.79375,76.51556985395203,30.045522670711613,106.56109252466365
43.98125,42.80625,85.10172790158641,29.26297803291772,114.36470593450413
43.98125,42.81875,90.12317833417637,30.1853639070956,120.30854224127197
43.98125,42.83125,96.42049190496479,31.421782042058624,127.84227394702341
43.98125,42.84375,94.30074230226708,30.908035365866485,125.20877766813356
43.98125,42.85625,96.85065948470823,31.63632785361814,128.48698733832637
43.98125,42.86875,95.19340763482995,31.116548340737545,126.3099559755675
43.98125,42.88125,91.92279409722457,30.342481512565087,122.26527560978965
43.98125,42.89375,95.50197469752179,31.365836649644976,126.86781134716676
43.98125,42.90625,93.27418653322606,31.496058686917173,124.77024522014324
43.98125,42.91875,90.02990683561273,31.142476750318373,121.1723835859311
43.98125,42.93125,89.05239847062985,32.09959676996158,121.15199524059143
43.98125,42.94375,86.64409092403322,32.27763303931019,118.92172396334341
43.98125,42.95625,84.221337491405,32.44164167617022,116.66297916757522
43.98125,42.96875,81.6649712258266,32.272480371928545,113.93745159775514
43.98125,42.98125,78.5500163801218,32.95264732555636,111.50266370567817
43.98125,42.99375,79.96266079895557,14.796321773540942,94.7589825724965
43.96875,42.00625,120.33927948809604,32.00775167532398,152.34703116342
43.96875,42.01875,118.8906636654044,31.36095536737719,150.2516190327816
43.96875,42.03125,118.57207754371316,31.498072453223685,150.07014999693683
43.96875,42.04375,102.48900234164724,29.41734508460109,131.90634742624832
43.96875,42.05625,116.38495992913566,31.142490408613728,147.5274503377494
43.96875,42.06875,112.83765445925307,30.380388130269317,143.21804258952238
43.96875,42.08125,119.19762628255546,31.96947284371642,151.1670991262719
43.96875,42.09375,120.87059365154222,31.537535780255016,152.40812943179725
43.96875,42.10625,115.75786999208468,31.405071310510504,147.1629413025952
43.96875,42.11875,123.9005439662129,32.29326396169338,156.19380792790628
43.96875,42.13125,114.98049417224297,31.564646396944795,146.54514056918777
43.96875,42.14375,115.21010160930916,30.933069634791742,146.1431712441009
43.96875,42.15625,126.37329036478046,30.965395886255152,157.3386862510356
43.96875,42.16875,135.7964853625337,30.349657494647857,166.14614285718156
43.96875,42.18125,149.0836273785448,32.91413542058891,181.9977627991337
43.96875,42.19375,151.8657334748855,30.73131795497402,182.59705142985953
43.96875,42.20625,151.71394476439133,31.46032865530052,183.17427341969184
43.96875,42.21875,153.89739701867097,29.881517848414248,183.77891486708523
43.96875,42.23125,161.95964146386478,32.619201424372775,194.57884288823755
43.96875,42.24375,149.11530803716374,30.673752882050426,179.78906091921417
43.96875,42.25625,138.70167668301542,31.785700568242667,170.4873772512581
43.96875,42.26875,126.01259754325224,30.88652890124698,156.89912644449922
43.96875,42.28125,122.23072904131328,31.79372469158124,154.02445373289453
43.96875,42.29375,109.80053455064058,30.98815480234007,140.78868935298064
43.96875,42.30625,104.43771578302972,30.83278605193999,135.2705018349697
43.96875,42.31875,109.02842788172202,31.228468874729053,140.25689675645108
43.96875,42.33125,120.47398988936436,28.788401345572865,149.26239123493724
43.96875,42.34375,133.4876471036844,29.83559403125808,163.32324113494246
43.96875,42.35625,134.0122813508234,27.990339806176685,162.00262115700008
43.96875,42.36875,148.23008861628855,29.508130224431437,177.73821884071998
43.96875,42.38125,162.006006410922,33.47226472916882,195.4782711400908
43.96875,42.39375,156.14878933968197,31.570448330481312,187.7192376701633
43.96875,42.40625,160.54406858448755,33.58864681816917,194.13271540265671
43.96875,42.41875,149.3821750777568,31.475040102230693,180.85721517998752
43.96875,42.43125,137.75795041310877,30.834256180998427,168.5922065941072
43.96875,42.44375,142.92247837608355,30.382598970068106,173.30507734615165
43.96875,42.45625,139.70769277108658,30.720667855633398,170.42836062671998
43.96875,42.46875,143.75327909347948,31.095880556594686,174.84915965007417
43.96875,42.48125,151.153910950125,33.14948802462503,184.30339897475005
43.96875,42.49375,151.15208774855637,32.02999232304439,183.18208007160075
43.96875,42.50625,133.6488755477245,28.488965918999288,162.13784146672378
43.96875,42.51875,117.9643599896068,29.350167678810678,147.3145276684175
43.96875,42.53125,118.55582099394745,29.285324638192233,147.84114563213967
43.96875,42.54375,118.62571639468267,28.744720614292124,147.3704370089748
43.96875,42.55625,116.41582969616958,28.5722674297201,144.98809712588968
43.96875,42.56875,116.35295519214174,28.633191181691956,144.9861463738337
43.96875,42.58125,115.37155801113663,28.71899157518915,144.09054958632578
43.96875,42.59375,115.59637370913036,29.06499677483741,144.66137048396777
43.96875,42.60625,116.43093565153235,28.907003750891963,145.33793940242433
43.96875,42.61875,118.88466731909033,28.713735259236,147.59840257832633
43.96875,42.63125,115.47152173744821,28.687621018330862,144.15914275577907
43.96875,42.64375,121.81890646099563,29.71795116107303,151.53685762206868
43.96875,42.65625,125.51117838538512,30.291480138858816,155.80265852424395
43.96875,42.66875,128.90334503974262,31.328968686336417,160.23231372607904
43.96875,42.68125,132.01561305078945,32.429414098900665,164.44502714969013
43.96875,42.69375,129.19779278867622,33.25199643381917,162.44978922249538
43.96875,42.70625,126.51574764908392,31.93243906821304,158.44818671729695
43.96875,42.71875,122.77008779460522,31.878311670953995,154.6483994655592
43.96875,42.73125,118.56625694432292,29.789460843096922,148.35571778741985
43.96875,42.74375,114.13512768321286,29.24594693335371,143.38107461656656
43.96875,42.75625,97.03749850689647,27.33637234250308,124.37387084939955
43.96875,42.76875,85.8629162058489,28.91510902598619,114.7780252318351
43.96875,42.78125,79.08405008461973,28.870816465973167,107.9548665505929
43.96875,42.79375,83.13043049783802,27.80435914749326,110.93478964533128
43.96875,42.80625,88.15112937466036,27.226135419154375,115.37726479381473
43.96875,42.81875,98.42368355368873,29.814516672113545,128.23820022580227
43.96875,42.83125,99.7445733166837,30.228520508872574,129.97309382555628
43.96875,42.84375,103.84115965123362,32.040965701558434,135.88212535279206
43.96875,42.85625,106.50559074843059,33.178095807205885,139.68368655563648
43.96875,42.86875,105.39720009758831,32.63457937259192,138.03177947018023
43.96875,42.88125,103.29000647691899,32.83964682166646,136.12965329858545
43.96875,42.89375,100.83991383974531,32.944543726276336,133.78445756602164
43.96875,42.90625,98.88092473030194,32.76215691575467,131.6430816460566
43.96875,42.91875,92.99254477832547,31.794649183770606,124.78719396209607
43.96875,42.93125,84.74193523774437,30.623234601621174,115.36516983936555
43.96875,42.94375,84.96342227649986,30.5346682258687,115.49809050236856
43.96875,42.95625,88.46110616957354,31.361262953986753,119.82236912356029
43.96875,42.96875,85.86352389255983,31.191610599734172,117.055134492294
43.96875,42.98125,84.31412098020621,32.05179220349283,116.36591318369904
43.96875,42.99375,89.09977409556144,15.573570399214244,104.67334449477569
43.95625,42.00625,128.1879079700821,32.47871879148591,160.666626761568
43.95625,42.01875,126.34424157773934,30.480705041474554,156.8249466192139
43.95625,42.03125,124.73070252029719,30.325467591898786,155.05617011219596
43.95625,42.04375,106.48803281242397,29.03919711559667,135.52722992802063
43.95625,42.05625,122.36715943551853,30.785887222357932,153.15304665787647
43.95625,42.06875,126.3307495950689,33.50617726854084,159.83692686360973
43.95625,42.08125,128.22938613237272,32.96814613969399,161.19753227206672
43.95625,42.09375,129.93798560948633,33.32807573189559,163.2660613413819
43.95625,42.10625,122.4378530035222,32.47134754564253,154.90920054916472
43.95625,42.11875,129.96575341488324,33.79770952456591,163.76346293944914
43.95625,42.13125,122.18499332151809,32.51131671885495,154.69631004037305
43.95625,42.14375,129.2446311691859,32.781224857914204,162.0258560271001
43.95625,42.15625,123.19638429249801,30.59881167767456,153.79519597017259
43.95625,42.16875,132.5958919282723,30.68321194145036,163.27910386972266
43.95625,42.18125,135.36054654601523,30.300912848105177,165.6614593941204
43.95625,42.19375,155.52486738867609,32.62344982843348,188.14831721710956
43.95625,42.20625,149.54665923169074,32.74867555481515,182.2953347865059
43.95625,42.21875,137.81524821107496,29.711571031880403,167.52681924295536
43.95625,42.23125,130.84571357894814,29.608582630652776,160.4542962096009
43.95625,42.24375,135.50969026590383,28.506024406942743,164.01571467284657
43.95625,42.25625,127.56745759833807,31.29585806313392,158.86331566147197
43.95625,42.26875,120.92453332828632,30.603115708919315,151.52764903720563
43.95625,42.28125,115.35399205043248,32.236073565912626,147.5900656163451
43.95625,42.29375,111.83784562238476,32.21097680303008,144.04882242541484
43.95625,42.30625,110.67252650595898,31.660910082040147,142.33343658799913
43.95625,42.31875,117.40197655204892,30.152973294617624,147.55494984666655
43.95625,42.33125,120.82942959838444,29.925374136440965,150.7548037348254
43.95625,42.34375,130.06630118541443,29.364217898974942,159.43051908438937
43.95625,42.35625,147.70259162083113,30.922608915892646,178.62520053672378
43.95625,42.36875,149.17099628086135,32.118197816564226,181.28919409742556
43.95625,42.38125,139.48033804224966,31.201974272955063,170.6823123152047
43.95625,42.39375,137.62181239235875,30.76405337690258,168.38586576926133
43.95625,42.40625,133.8348186348406,30.04535900118707,163.88017763602767
43.95625,42.41875,141.21867844637524,29.7621113317403,170.98078977811554
43.95625,42.43125,140.29157439182754,29.33511626412914,169.62669065595668
43.95625,42.44375,134.56391219495626,32.74614233804217,167.31005453299844
43.95625,42.45625,124.02459986521076,29.618632754349854,153.64323261956062
43.95625,42.46875,124.66796795917867,29.42385332921064,154.0918212883893
43.95625,42.48125,121.19286421700829,28.299569901712022,149.49243411872033
43.95625,42.49375,119.36027815373741,28.100714955814365,147.46099310955177
43.95625,42.50625,111.7937189046967,27.33096432328074,139.12468322797744
43.95625,42.51875,105.57546269494185,30.043877121570958,135.61933981651282
43.95625,42.53125,103.59682493282966,32.857103666865164,136.45392859969482
43.95625,42.54375,102.21476532536653,32.61281059410497,134.82757591947149
43.95625,42.55625,100.69336156880159,31.923549570220054,132.61691113902165
43.95625,42.56875,99.37131821350215,32.08950553084456,131.46082374434673
43.95625,42.58125,98.98674789058418,31.41042402895268,130.39717191953687
43.95625,42.59375,99.67477090761709,31.397140620064526,131.0719115276816
43.95625,42.60625,98.5030447714643,30.756191099032474,129.25923587049678
43.95625,42.61875,98.13377704768331,30.672815750706437,128.80659279838974
43.95625,42.63125,98.72797817801282,28.513422885832465,127.24140106384529
43.95625,42.64375,100.06227880975638,28.254307051390548,128.31658586114693
43.95625,42.65625,101.8711657847377,28.338418801720508,130.20958458645822
43.95625,42.66875,106.21969262398255,27.61498521558049,133.83467783956303
43.95625,42.68125,114.16539336160233,28.76589679594527,142.9312901575476
43.95625,42.69375,130.29345836891972,30.64166775338953,160.93512612230924
43.95625,42.70625,129.06211425409975,28.981969691281527,158.0440839453813
43.95625,42.71875,109.67984936362964,24.948397673568262,134.6282470371979
43.95625,42.73125,106.10289223884905,27.708506370436876,133.81139860928593
43.95625,42.74375,93.74504104674057,27.292147338015244,121.03718838475581
43.95625,42.75625,84.42606162323023,27.13524048018567,111.5613021034159
43.95625,42.76875,80.62789840270922,28.27976626344509,108.90766466615432
43.95625,42.78125,86.49971774895265,28.84374732543365,115.3434650743863
43.95625,42.79375,102.28333440500205,26.839003118377406,129.12233752337946
43.95625,42.80625,108.33724431997759,28.237279513887312,136.5745238338649
43.95625,42.81875,107.41904287096368,28.99584262266399,136.41488549362768
43.95625,42.83125,111.66690771773429,31.14292246846533,142.80983018619963
43.95625,42.84375,109.36720701152554,31.93460854172107,141.3018155532466
43.95625,42.85625,108.87806425016728,33.160665881476284,142.03873013164358
43.95625,42.86875,106.31673939351941,32.84099025827395,139.15772965179337
43.95625,42.88125,96.79444186885074,31.46416857351282,128.25861044236356
43.95625,42.89375,95.4042658073406,31.494861227132017,126.89912703447261
43.95625,42.90625,97.05866911624403,31.347842092522967,128.406511208767
43.95625,42.91875,98.16288426542565,31.410965247399997,129.57384951282563
43.95625,42.93125,97.96828637382508,31.933053480307073,129.90133985413215
43.95625,42.94375,96.1973364550994,32.50509712428002,128.70243357937943
43.95625,42.95625,95.25803124602146,33.13081343868449,128.38884468470596
43.95625,42.96875,92.75202537277444,33.323114181654354,126.0751395544288
43.95625,42.98125,89.90211808492766,33.79302245927643,123.6951405442041
43.95625,42.99375,88.73458535319399,16.452929415626606,105.18751476882059
43.94375,42.00625,136.69369078864764,32.20472839218603,168.89841918083368
43.94375,42.01875,137.23300660178154,32.17377779367438,169.40678439545593
43.94375,42.03125,123.52041049961278,28.16962608927787,151.69003658889065
43.94375,42.04375,112.02940803211074,27.967442815086383,139.99685084719712
43.94375,42.05625,116.37799539122747,28.291919497107912,144.66991488833537
43.94375,42.06875,132.96291672502318,33.50929450552407,166.47221123054726
43.94375,42.08125,132.33858608735642,32.747339629667806,165.08592571702422
43.94375,42.09375,133.32442540419694,32.69987194412649,166.02429734832344
43.94375,42.10625,134.96051758616468,33.107696217534794,168.06821380369948
43.94375,42.11875,132.6030736718022,32.965194416561495,165.5682680883637
43.94375,42.13125,128.55589689091613,32.089784213109105,160.64568110402524
43.94375,42.14375,132.71066279471447,32.704419475066864,165.41508226978132
43.94375,42.15625,137.98507659142604,32.123094285272586,170.10817087669864
43.94375,42.16875,141.25399170142617,31.478480611458217,172.7324723128844
43.94375,42.18125,146.48919708129094,32.40733883910446,178.8965359203954
43.94375,42.19375,150.22559533633643,33.96143177824215,184.18702711457857
43.94375,42.20625,149.12010427726926,33.66959522870995,182.78969950597923
43.94375,42.21875,139.3067701343401,33.306924841785026,172.61369497612512
43.94375,42.23125,130.68143641260122,32.938075568167484,163.6195119807687
43.94375,42.24375,126.36717405371326,33.32499706426026,159.69217111797352
43.94375,42.25625,121.16147717840838,31.68707659852361,152.848553776932
43.94375,42.26875,120.6552822623254,32.19742316806972,152.85270543039513
43.94375,42.28125,114.25597776095003,30.8909117731761,145.14688953412613
43.94375,42.29375,122.04539898012838,31.56031124119891,153.60571022132729
43.94375,42.30625,119.89076241250345,31.8871351703579,151.77789758286136
43.94375,42.31875,124.19245145893505,31.52622717956921,155.71867863850426
43.94375,42.33125,127.51052812515555,30.864078254675515,158.37460637983105
43.94375,42.34375,130.1612512150955,30.789611791696153,160.95086300679165
43.94375,42.35625,144.20427278692395,32.049530156505696,176.25380294342966
43.94375,42.36875,154.1565514695846,35.66124585160304,189.81779732118764
43.94375,42.38125,146.1793186889052,33.442606790593835,179.62192547949903
43.94375,42.39375,135.08354849135546,32.31955591942541,167.40310441078088
43.94375,42.40625,134.10488365403828,32.55486482095232,166.65974847499058
43.94375,42.41875,130.78910325339538,32.89492367229137,163.68402692568674
43.94375,42.43125,122.22468323560435,31.296298257646274,153.52098149325062
43.94375,42.44375,121.58068746502823,31.690953149296828,153.27164061432507
43.94375,42.45625,119.70529743791448,32.75656534144771,152.4618627793622
43.94375,42.46875,117.84851502858454,34.548819616715804,152.39733464530036
43.94375,42.48125,112.28459210377792,33.504970325241416,145.78956242901933
43.94375,42.49375,108.71835755032895,33.719427710500796,142.43778526082974
43.94375,42.50625,107.5828764666288,33.2477620259496,140.8306384925784
43.94375,42.51875,106.6925000810837,34.643513430129346,141.33601351121303
43.94375,42.53125,108.78367593701128,32.02918428868644,140.8128602256977
43.94375,42.54375,109.57636226445626,31.977957633830112,141.55431989828637
43.94375,42.55625,103.64062249507052,32.90821218407253,136.54883467914306
43.94375,42.56875,100.91987544928743,33.333731114477814,134.25360656376523
43.94375,42.58125,101.30990233169537,32.99264368166615,134.3025460133615
43.94375,42.59375,99.74788818748682,32.9612722324691,132.70916041995594
43.94375,42.60625,97.29142382462172,32.6349356309541,129.9263594555758
43.94375,42.61875,95.86458622645273,32.482305364804525,128.34689159125725
43.94375,42.63125,92.530544372972,32.17613637995268,124.70668075292468
43.94375,42.64375,91.64403654629909,32.290034310468556,123.93407085676765
43.94375,42.65625,90.7133918384214,31.838404266423467,122.55179610484487
43.94375,42.66875,93.4242168977299,30.099703255628942,123.52392015335884
43.94375,42.68125,94.68928610979563,26.17734220427214,120.86662831406777
43.94375,42.69375,100.40682117502428,26.112556469560573,126.51937764458485
43.94375,42.70625,95.5958401529731,24.633323344637585,120.22916349761068
43.94375,42.71875,87.48706576807064,25.432809417789613,112.91987518586025
43.94375,42.73125,83.92999462552986,28.127265121325518,112.05725974685538
43.94375,42.74375,82.31525628290748,28.112026225314327,110.42728250822181
43.94375,42.75625,89.49363385708912,27.84743987036768,117.3410737274568
43.94375,42.76875,101.10383594225833,24.3317859028915,125.43562184514983
43.94375,42.78125,104.46068292240388,24.985777072638747,129.44645999504263
43.94375,42.79375,108.44697928196584,24.52175303749317,132.968732319459
43.94375,42.80625,120.5954600724905,29.507877112509746,150.10333718500024
43.94375,42.81875,119.70334143738015,32.58606685224451,152.28940828962465
43.94375,42.83125,113.1679544763603,31.634087532912268,144.80204200927255
43.94375,42.84375,113.37778663649266,32.24632221604466,145.62410885253732
43.94375,42.85625,103.44336822851152,30.164436579524,133.60780480803552
43.94375,42.86875,108.22970583578302,31.745242128574898,139.9749479643579
43.94375,42.88125,106.16295672904275,31.585812976352635,137.74876970539538
43.94375,42.89375,105.39944742190043,31.636094536962304,137.03554195886272
43.94375,42.90625,104.88179095142802,32.36718879198571,137.2489797434137
43.94375,42.91875,103.17295897172515,32.48594403414149,135.65890300586665
43.94375,42.93125,94.22284979183671,31.183173130433943,125.40602292227065
43.94375,42.94375,93.05706328767766,31.568186378330292,124.62524966600796
43.94375,42.95625,88.9405563846354,32.08339506372458,121.02395144835998
43.94375,42.96875,86.62927620046985,32.7347336563198,119.36400985678964
43.94375,42.98125,85.68337759119322,32.47610671923676,118.15948431042997
43.94375,42.99375,89.60478992008639,16.422163471093093,106.02695339117949
43.93125,42.00625,139.88821157477918,31.001261913339388,170.88947348811857
43.93125,42.01875,135.69961289614736,30.03836246128853,165.7379753574359
43.93125,42.03125,126.76566261315017,27.947152331307805,154.712814944458
43.93125,42.04375,135.70333118347926,30.049771125127364,165.75310230860663
43.93125,42.05625,130.18734471821188,28.82768317329281,159.0150278915047
43.93125,42.06875,133.40553496044183,29.485930206997782,162.8914651674396
43.93125,42.08125,132.246516596518,30.712995168178292,162.9595117646963
43.93125,42.09375,133.3518831358801,30.769378685332615,164.1212618212127
43.93125,42.10625,141.8949586483215,33.099425608000026,174.99438425632152
43.93125,42.11875,145.046027134684,33.779872488243804,178.8258996229278
43.93125,42.13125,144.62672397168922,33.13085853240733,177.75758250409655
43.93125,42.14375,143.50714342211677,33.06193185463956,176.56907527675634
43.93125,42.15625,146.36451288388375,34.36433543427809,180.72884831816185
43.93125,42.16875,146.41022991354876,34.7162295221306,181.12645943567935
43.93125,42.18125,145.9657081406648,35.4370022776016,181.4027104182664
43.93125,42.19375,142.4850990853701,35.146205561203054,177.63130464657317
43.93125,42.20625,144.90791443985492,35.36881291236313,180.27672735221805
43.93125,42.21875,146.49158356162246,35.341403103827744,181.83298666545022
43.93125,42.23125,139.365400709373,33.679620369583944,173.04502107895695
43.93125,42.24375,137.81935320559793,32.40969731016614,170.22905051576407
43.93125,42.25625,133.6898405303463,32.78746255467907,166.47730308502537
43.93125,42.26875,123.99884262089645,29.65642757572203,153.6552701966185
43.93125,42.28125,130.43354555362038,31.93732318442708,162.37086873804745
43.93125,42.29375,132.44901375469865,32.34111254551623,164.7901263002149
43.93125,42.30625,128.48231362580782,30.847558289774888,159.32987191558271
43.93125,42.31875,127.76401002591356,32.46151647341979,160.22552649933334
43.93125,42.33125,130.45779152598476,32.7746550651145,163.23244659109926
43.93125,42.34375,138.10861288965157,32.66516029274463,170.7737731823962
43.93125,42.35625,141.39989851000425,32.3387617255663,173.73866023557053
43.93125,42.36875,139.66226915372374,33.19517566966152,172.85744482338526
43.93125,42.38125,141.0400845504046,33.02812504939196,174.06820959979655
43.93125,42.39375,133.9301640293836,33.2213576415458,167.1515216709294
43.93125,42.40625,130.39122699689304,34.89570616725334,165.28693316414638
43.93125,42.41875,125.51341639379845,34.57864454842014,160.09206094221858
43.93125,42.43125,120.06600011511945,34.261762150677185,154.32776226579665
43.93125,42.44375,116.47290886408639,33.859563269290355,150.33247213337674
43.93125,42.45625,115.62570228929046,32.88478899817817,148.51049128746862
43.93125,42.46875,114.74320425410608,32.694979122124714,147.4381833762308
43.93125,42.48125,115.38277029459456,33.134230007006316,148.5170003016009
43.93125,42.49375,118.62150291443304,34.10689252515357,152.72839543958662
43.93125,42.50625,110.57118756093963,33.91674509209155,144.48793265303118
43.93125,42.51875,111.32082629678389,33.61912453613225,144.93995083291614
43.93125,42.53125,112.72360456486147,33.47038560948584,146.1939901743473
43.93125,42.54375,113.46424152718188,33.12029549657922,146.5845370237611
43.93125,42.55625,108.01472781936751,33.41455237035281,141.42928018972032
43.93125,42.56875,107.09637566809555,32.862607305311506,139.95898297340705
43.93125,42.58125,108.24475057437104,31.629535000507932,139.87428557487897
43.93125,42.59375,103.3323825351441,31.223857537245784,134.5562400723899
43.93125,42.60625,105.30649570916995,30.414124506591133,135.72062021576107
43.93125,42.61875,103.16686302689077,29.829201498164842,132.9960645250556
43.93125,42.63125,102.90755652945595,30.510842499053282,133.4183990285092
43.93125,42.64375,101.58416482732596,32.182411350216746,133.7665761775427
43.93125,42.65625,95.40400811140249,32.47673423004677,127.88074234144926
43.93125,42.66875,89.99763363960541,32.301420084452,122.29905372405742
43.93125,42.68125,87.65870931613875,32.398677791017,120.05738710715576
43.93125,42.69375,86.50473168285332,31.80359938898372,118.30833107183705
43.93125,42.70625,86.00042056882153,31.315040189164563,117.31546075798609
43.93125,42.71875,87.97291547805432,31.71807901159221,119.69099448964653
43.93125,42.73125,89.21434800993828,31.787950193891536,121.00229820382981
43.93125,42.74375,93.36130647628931,27.448562543433663,120.80986901972298
43.93125,42.75625,111.0209598563663,25.120021139746058,136.14098099611238
43.93125,42.76875,117.75209531804369,26.477443582040316,144.229538900084
43.93125,42.78125,134.86203418715752,30.21671063951733,165.07874482667484
43.93125,42.79375,134.2968491661519,30.654010336536196,164.9508595026881
43.93125,42.80625,127.55117579979486,30.818958672538635,158.3701344723335
43.93125,42.81875,124.68285756347322,31.644749595391865,156.32760715886508
43.93125,42.83125,119.62458235582069,31.47718315325249,151.10176550907318
43.93125,42.84375,120.81205047479564,30.873495051347057,151.6855455261427
43.93125,42.85625,113.19602756222156,30.741882723058588,143.93791028528014
43.93125,42.86875,117.14957018840441,32.83101484279644,149.98058503120086
43.93125,42.88125,115.36588719722013,33.47578413705024,148.84167133427036
43.93125,42.89375,111.55355794915253,33.024509672375,144.57806762152754
43.93125,42.90625,107.32447292593771,32.195660894059294,139.520133819997
43.93125,42.91875,106.8052366372088,31.879519885604648,138.68475652281344
43.93125,42.93125,103.16657303336166,32.07201539551958,135.23858842888123
43.93125,42.94375,99.44568590817572,31.89968573229158,131.3453716404673
43.93125,42.95625,95.31803412709343,31.935426409608343,127.25346053670177
43.93125,42.96875,89.83196199081695,27.51532280522524,117.34728479604219
43.93125,42.98125,96.04612477984726,26.59445074964299,122.64057552949025
43.93125,42.99375,101.35932786078182,16.173889718193458,117.53321757897527
43.91875,42.00625,154.64812467777088,33.31914894449343,187.96727362226432
43.91875,42.01875,143.17287795084513,29.775005073919193,172.94788302476434
43.91875,42.03125,131.14459380523945,29.294206189955368,160.4387999951948
43.91875,42.04375,144.48816809515915,28.50814786109544,172.9963159562546
43.91875,42.05625,143.47595356700182,29.316477976248997,172.7924315432508
43.91875,42.06875,130.80382025934995,27.64499855577817,158.4488188151281
43.91875,42.08125,152.30662728576826,33.545003809680836,185.85163109544908
43.91875,42.09375,151.56410670187623,32.23699788881875,183.801104590695
43.91875,42.10625,153.8435284892841,33.18589984084491,187.029428330129
43.91875,42.11875,153.03610746418613,33.23624635258342,186.27235381676957
43.91875,42.13125,152.11778786145004,34.080155406705515,186.19794326815554
43.91875,42.14375,153.9308281289912,34.70545799148,188.6362861204712
43.91875,42.15625,150.45705159026207,34.42774304621583,184.8847946364779
43.91875,42.16875,151.95693228107098,34.901882828804645,186.85881510987562
43.91875,42.18125,150.66131916982505,35.063978487954444,185.7252976577795
43.91875,42.19375,148.20358898877248,34.23950540459387,182.44309439336635
43.91875,42.20625,137.77852859776385,32.151373909466486,169.92990250723034
43.91875,42.21875,146.024779386916,33.9566692293099,179.98144861622592
43.91875,42.23125,148.38000628970386,33.84206020858411,182.22206649828797
43.91875,42.24375,143.0628368265185,33.105608594870255,176.16844542138875
43.91875,42.25625,127.4935913593192,28.60177848183559,156.0953698411548
43.91875,42.26875,131.61411834380644,29.497158332041636,161.11127667584807
43.91875,42.28125,142.1761758233675,33.51031971310343,175.68649553647091
43.91875,42.29375,138.34331693230388,31.555413078653668,169.89873001095754
43.91875,42.30625,140.88108138587347,32.992793562908744,173.8738749487822
43.91875,42.31875,143.7838465689461,33.909103744587675,177.69295031353377
43.91875,42.33125,144.9295083361327,34.218273947864894,179.1477822839976
43.91875,42.34375,146.08792546232422,34.24039852673333,180.32832398905754
43.91875,42.35625,139.32374165995628,34.6139381147328,173.9376797746891
43.91875,42.36875,136.39261125741783,33.85098986704533,170.24360112446317
43.91875,42.38125,133.0847880819124,32.85374825772409,165.93853633963647
43.91875,42.39375,130.48434099286564,33.11184844681577,163.5961894396814
43.91875,42.40625,125.21313381758581,31.985376242669947,157.19851006025576
43.91875,42.41875,127.52666991486396,32.89485555589494,160.4215254707589
43.91875,42.43125,129.8650693568537,33.06558250956019,162.93065186641388
43.91875,42.44375,128.36712122567508,32.863165212252476,161.23028643792756
43.91875,42.45625,130.49978590771585,32.98892988628391,163.48871579399975
43.91875,42.46875,127.35419539373436,32.85501226386037,160.20920765759473
43.91875,42.48125,124.29034330035788,32.83161231591449,157.12195561627237
43.91875,42.49375,117.84006216628798,32.602405218863396,150.44246738515136
43.91875,42.50625,119.8085960740266,33.07843248446861,152.88702855849522
43.91875,42.51875,121.01785080264708,33.52854643297908,154.54639723562616
43.91875,42.53125,117.70617640855997,33.405947993791834,151.1121244023518
43.91875,42.54375,116.1032458551515,32.439355282392086,148.54260113754358
43.91875,42.55625,112.410530089054,32.55952075405671,144.97005084311073
43.91875,42.56875,110.48275956622507,32.08274258051694,142.565502146742
43.91875,42.58125,115.63116029927868,31.42363912574986,147.05479942502853
43.91875,42.59375,118.71718486068367,31.557993728920348,150.27517858960402
43.91875,42.60625,120.99243736881166,32.41337210867965,153.40580947749132
43.91875,42.61875,116.24773006117859,32.17474589904571,148.4224759602243
43.91875,42.63125,106.95023116242474,31.64252345908401,138.59275462150876
43.91875,42.64375,102.44260327438407,30.27906668652199,132.72166996090607
43.91875,42.65625,98.94364799387095,30.173266710847393,129.11691470471834
43.91875,42.66875,97.98858552502543,31.756139096647164,129.7447246216726
43.91875,42.68125,95.72773520908378,31.63767885155844,127.36541406064222
43.91875,42.69375,90.23693862891788,32.26957124533282,122.5065098742507
43.91875,42.70625,92.83728806791632,32.54263629258016,125.37992436049649
43.91875,42.71875,89.08839447981404,32.515118886787874,121.60351336660192
43.91875,42.73125,93.07084884185146,32.15262188311177,125.22347072496322
43.91875,42.74375,98.85405463342138,29.519677076929696,128.37373171035108
43.91875,42.75625,111.07644890326407,26.74386511200603,137.8203140152701
43.91875,42.76875,122.93740529866008,27.39393440576744,150.33133970442753
43.91875,42.78125,139.8073472510892,31.91751292297421,171.7248601740634
43.91875,42.79375,137.10562760714697,32.54673668495203,169.652364292099
43.91875,42.80625,136.9277721548128,33.2603795830505,170.1881517378633
43.91875,42.81875,134.49151904074793,32.24075607371762,166.73227511446555
43.91875,42.83125,133.45054802922,33.564729030568614,167.01527705978862
43.91875,42.84375,124.9279974741203,31.19031293610116,156.11831041022145
43.91875,42.85625,112.80191093471353,30.584306677598356,143.3862176123119
43.91875,42.86875,121.67964666498857,32.69510846858496,154.37475513357353
43.91875,42.88125,120.06854532597023,33.42921800560453,153.49776333157476
43.91875,42.89375,110.92975155133372,30.795046304515495,141.7247978558492
43.91875,42.90625,114.77706998008459,31.851778782965184,146.62884876304977
43.91875,42.91875,112.52937410814256,32.95743620770534,145.4868103158479
43.91875,42.93125,105.73754107178436,31.557464492189162,137.29500556397352
43.91875,42.94375,98.07155315258463,30.46141735522117,128.5329705078058
43.91875,42.95625,97.28668674100763,31.04690122563224,128.33358796663987
43.91875,42.96875,95.76904286423543,28.59998973578272,124.36903260001816
43.91875,42.98125,119.87514570878959,28.818527697568737,148.69367340635833
43.91875,42.99375,107.47008373576125,18.346318614931576,125.81640235069283
43.90625,42.00625,152.06599511341767,32.13601412281283,184.2020092362305
43.90625,42.01875,132.11888529518765,30.631937662777883,162.75082295796554
43.90625,42.03125,136.90639647494413,29.059409194888033,165.96580566983215
43.90625,42.04375,158.19668454939088,30.494410349608703,188.69109489899958
43.90625,42.05625,160.7716818714472,29.699036225957897,190.4707180974051
43.90625,42.06875,152.98370547372213,29.40404451340119,182.3877499871233
43.90625,42.08125,146.01653552324154,28.30977656957016,174.3263120928117
43.90625,42.09375,147.1373747256088,31.299328198459207,178.43670292406802
43.90625,42.10625,163.04068143579784,33.83097641668214,196.87165785247998
43.90625,42.11875,162.69861619900507,34.794213806786225,197.4928300057913
43.90625,42.13125,162.25823157460152,34.23924871799433,196.49748029259587
43.90625,42.14375,163.66113062549815,35.57136474306504,199.23249536856318
43.90625,42.15625,162.36718643037096,35.67271353979224,198.03989997016322
43.90625,42.16875,160.4501451190904,34.92531679885901,195.3754619179494
43.90625,42.18125,158.64676730328412,34.138448943612694,192.78521624689682
43.90625,42.19375,155.34932771092096,32.361608263840814,187.71093597476178
43.90625,42.20625,153.3851778249518,31.644324097025738,185.02950192197753
43.90625,42.21875,139.44936110405743,29.60831133127571,169.05767243533313
43.90625,42.23125,135.26121879199292,28.13346063903665,163.39467943102957
43.90625,42.24375,140.51195851275125,29.508963165731778,170.02092167848303
43.90625,42.25625,138.07015598984734,28.93463092998843,167.00478691983577
43.90625,42.26875,150.6891913238014,32.2028513795888,182.8920427033902
43.90625,42.28125,148.5543014862133,30.96797544564215,179.52227693185543
43.90625,42.29375,151.43921466395403,33.60247494718369,185.0416896111377
43.90625,42.30625,151.53572948464898,33.16328746321782,184.6990169478668
43.90625,42.31875,148.9229459637496,34.32880576549147,183.25175172924108
43.90625,42.33125,151.9804797240586,35.336772043005,187.3172517670636
43.90625,42.34375,148.11060898823854,33.69268164271918,181.80329063095772
43.90625,42.35625,150.96804460022622,35.15804148428895,186.12608608451518
43.90625,42.36875,149.04949999295255,34.38233378845209,183.43183378140463
43.90625,42.38125,144.89130050422565,33.488953981673,178.38025448589866
43.90625,42.39375,128.95308980138418,30.533688839235666,159.48677864061983
43.90625,42.40625,139.9788264922071,33.2049244032108,173.18375089541792
43.90625,42.41875,139.33668888173793,32.75694649414726,172.09363537588519
43.90625,42.43125,141.1454436594301,33.42999936897872,174.5754430284088
43.90625,42.44375,139.4671434475153,32.89060604158519,172.35774948910048
43.90625,42.45625,140.24052894602264,33.56190202903127,173.8024309750539
43.90625,42.46875,134.83929330644227,32.0476411668752,166.88693447331747
43.90625,42.48125,125.88913766295424,30.86083435095883,156.74997201391307
43.90625,42.49375,130.53479456365582,32.76142054400081,163.29621510765662
43.90625,42.50625,125.451799029535,31.282520913131858,156.73431994266684
43.90625,42.51875,127.84897369387065,33.30027952109106,161.1492532149617
43.90625,42.53125,128.89363905595968,33.51879678112943,162.4124358370891
43.90625,42.54375,120.332599618436,30.708426016481546,151.04102563491756
43.90625,42.55625,120.08524272242387,30.962243691246726,151.04748641367058
43.90625,42.56875,123.51094943139047,31.499539144643443,155.0104885760339
43.90625,42.58125,121.79809934098573,31.718041725050494,153.51614106603623
43.90625,42.59375,127.55258341558843,34.14520926473331,161.69779268032175
43.90625,42.60625,124.70838053401215,33.93797395258325,158.64635448659538
43.90625,42.61875,120.42058556620995,33.18945604324413,153.61004160945407
43.90625,42.63125,119.52788315077918,33.31544776433772,152.8433309151169
43.90625,42.64375,115.52078922461962,32.88258049562372,148.40336972024335
43.90625,42.65625,105.11979747628338,31.114446583751924,136.2342440600353
43.90625,42.66875,103.60906402788243,31.884811974672587,135.493876002555
43.90625,42.68125,94.18117939507337,30.646626822054237,124.8278062171276
43.90625,42.69375,99.2350072263854,31.00822711821973,130.24323434460513
43.90625,42.70625,96.97172350980102,31.03136564047302,128.00308915027404
43.90625,42.71875,92.7316688083346,31.58000668604305,124.31167549437765
43.90625,42.73125,97.94115222099632,30.72023933918166,128.66139156017798
43.90625,42.74375,101.34532352083778,28.47137595976803,129.81669948060582
43.90625,42.75625,119.91768810728375,29.256796954080095,149.17448506136384
43.90625,42.76875,124.59299792489904,27.952501887877695,152.54549981277674
43.90625,42.78125,144.26487031403576,31.09773357321221,175.36260388724799
43.90625,42.79375,145.90556348042796,33.39820853515808,179.30377201558605
43.90625,42.80625,138.83997880012495,32.043182746656775,170.88316154678174
43.90625,42.81875,132.04259662677936,31.263573748670353,163.3061703754497
43.90625,42.83125,126.19948623382159,31.941339931503265,158.14082616532485
43.90625,42.84375,122.80973873921772,31.38280486465931,154.19254360387703
43.90625,42.85625,130.52786738515863,32.61219262746312,163.14006001262175
43.90625,42.86875,127.4975492834697,32.023480177444085,159.52102946091378
43.90625,42.88125,121.64924258735583,32.03291885096096,153.6821614383168
43.90625,42.89375,124.91070107298013,34.139095628544666,159.0497967015248
43.90625,42.90625,116.19206939759418,31.75896838390685,147.95103778150104
43.90625,42.91875,110.15100043910653,30.994262858452142,141.14526329755867
43.90625,42.93125,114.38319826143164,31.733063267716616,146.11626152914826
43.90625,42.94375,107.1994145836118,30.77858019758787,137.97799478119967
43.90625,42.95625,104.70709006183976,30.23569411699219,134.94278417883194
43.90625,42.96875,108.68974345192726,31.350250660798043,140.0399941127253
43.90625,42.98125,104.16765757444445,29.79545494361208,133.96311251805653
43.90625,42.99375,108.92736455203745,19.536134147272527,128.46349869930998
43.89375,42.00625,144.53602471854722,31.984747740414605,176.52077245896183
43.89375,42.01875,147.92874356290756,33.48813609721545,181.41687966012302
43.89375,42.03125,151.23638940786765,30.28801935148475,181.5244087593524
43.89375,42.04375,160.53066736696803,29.637177583272123,190.16784495024015
43.89375,42.05625,175.51110174269746,34.41374173864948,209.92484348134695
43.89375,42.06875,167.56021231790453,30.375118524721206,197.93533084262575
43.89375,42.08125,156.11462922163835,28.922308850220823,185.03693807185917
43.89375,42.09375,167.382863164601,31.549172869437832,198.93203603403882
43.89375,42.10625,162.748414784608,31.27400084721647,194.02241563182446
43.89375,42.11875,175.23806316707842,35.824258146568255,211.0623213136467
43.89375,42.13125,171.36953847766964,36.21887051841986,207.5884089960895
43.89375,42.14375,164.29878963160104,34.01974465728714,198.31853428888817
43.89375,42.15625,170.77487827706435,34.44466175668576,205.2195400337501
43.89375,42.16875,171.35387704449852,34.890443412299305,206.24432045679782
43.89375,42.18125,167.5103949412906,33.95634388105867,201.46673882234927
43.89375,42.19375,168.20112395752358,34.777987035417105,202.9791109929407
43.89375,42.20625,164.17483266695982,33.15250124169452,197.32733390865434
43.89375,42.21875,133.33972617553533,27.50236337838013,160.84208955391546
43.89375,42.23125,152.04347589763853,30.173688615090093,182.21716451272863
43.89375,42.24375,157.70703222231467,29.58278070198738,187.28981292430205
43.89375,42.25625,148.972949191485,30.456495669930707,179.4294448614157
43.89375,42.26875,158.70670775664829,31.012355372903116,189.7190631295514
43.89375,42.28125,162.4430115198331,33.66837249255415,196.11138401238725
43.89375,42.29375,154.3503116085309,31.00080109494239,185.3511127034733
43.89375,42.30625,163.3626073007255,34.26989663908028,197.6325039398058
43.89375,42.31875,162.06521536075948,34.64789420180431,196.7131095625638
43.89375,42.33125,160.6167567866269,35.0296427245965,195.6463995112234
43.89375,42.34375,158.08375935984077,35.05855983498532,193.1423191948261
43.89375,42.35625,156.41221736737808,32.443773247612086,188.85599061499016
43.89375,42.36875,154.36659439892563,32.66142215359302,187.02801655251864
43.89375,42.38125,132.5787669897611,30.156570991109305,162.7353379808704
43.89375,42.39375,151.4800622242281,32.862628606303524,184.34269083053164
43.89375,42.40625,149.7305146321786,30.96068102277269,180.6911956549513
43.89375,42.41875,152.40631672073607,33.84623219706608,186.25254891780216
43.89375,42.43125,150.81439411894996,33.839249840596175,184.65364395954614
43.89375,42.44375,149.6537591677139,34.153023080423715,183.8067822481376
43.89375,42.45625,145.77533537989655,30.029504134313235,175.8048395142098
43.89375,42.46875,141.41462536194783,30.457318035560863,171.8719433975087
43.89375,42.48125,125.5218070197028,28.66675925024389,154.1885662699467
43.89375,42.49375,140.95606087761985,31.624992967816446,172.5810538454363
43.89375,42.50625,134.18149805842154,31.56702269332048,165.74852075174203
43.89375,42.51875,138.02163058394132,32.438433918713464,170.46006450265477
43.89375,42.53125,137.7865335960516,32.485748338259214,170.27228193431083
43.89375,42.54375,139.18740943329092,32.65050142603484,171.83791085932577
43.89375,42.55625,139.65668251574968,33.85264269082442,173.5093252065741
43.89375,42.56875,136.10225601158143,33.72584012019086,169.8280961317723
43.89375,42.58125,131.93436476147525,32.26023737826726,164.19460213974253
43.89375,42.59375,128.3366867945204,32.9241013781229,161.2607881726433
43.89375,42.60625,122.60793960900129,30.41769218186872,153.02563179087002
43.89375,42.61875,114.62128083448458,28.590938317317477,143.21221915180206
43.89375,42.63125,116.62620724456876,28.875591984901376,145.50179922947012
43.89375,42.64375,106.34794186027092,28.98061104654213,135.32855290681306
43.89375,42.65625,106.48952759172523,28.884147836299256,135.37367542802448
43.89375,42.66875,110.15054139374078,29.726447672524788,139.87698906626557
43.89375,42.68125,106.49075571479912,29.02909420410358,135.5198499189027
43.89375,42.69375,107.63319126188553,30.027548054549552,137.66073931643507
43.89375,42.70625,101.9269767304769,30.347209569483432,132.27418629996032
43.89375,42.71875,96.64655857306808,30.46341184146371,127.10997041453179
43.89375,42.73125,101.52454982350922,32.06713496974625,133.59168479325547
43.89375,42.74375,107.53948357929212,29.876025998300378,137.4155095775925
43.89375,42.75625,114.1317116161738,25.82195210793765,139.95366372411146
43.89375,42.76875,129.6900436258623,27.87110602573417,157.56114965159648
43.89375,42.78125,136.2907515575046,29.931452896836262,166.22220445434084
43.89375,42.79375,149.10213796969882,33.91158268993132,183.01372065963014
43.89375,42.80625,138.19080471901026,32.24550804022557,170.43631275923582
43.89375,42.81875,129.2301746567675,32.03193386092309,161.2621085176906
43.89375,42.83125,124.69029355746343,30.31801734526323,155.00831090272666
43.89375,42.84375,135.28203376058016,31.1292209371711,166.41125469775127
43.89375,42.85625,136.50336704256833,31.869483525390663,168.372850567959
43.89375,42.86875,128.33533351047282,31.562096380913687,159.8974298913865
43.89375,42.88125,126.7616444583443,32.27698840539531,159.03863286373962
43.89375,42.89375,125.0944372793772,32.011158854981936,157.10559613435913
43.89375,42.90625,125.24647361808194,31.91470329049684,157.16117690857877
43.89375,42.91875,119.04663850412737,31.11733590286377,150.16397440699114
43.89375,42.93125,119.38835684195284,32.211248115622446,151.59960495757528
43.89375,42.94375,121.32417806677412,32.24397748739723,153.56815555417137
43.89375,42.95625,117.02150412910291,33.03186640040866,150.05337052951157
43.89375,42.96875,112.52622085523916,33.23333085829796,145.75955171353712
43.89375,42.98125,108.06985503451732,33.1569685416931,141.22682357621042
43.89375,42.99375,109.17489317742755,20.187498614970814,129.36239179239837
43.88125,42.00625,156.5280633655382,27.982264005710675,184.51032737124888
43.88125,42.01875,162.54860989538568,29.495930051157654,192.04453994654332
43.88125,42.03125,158.53531735606322,29.001601706228335,187.53691906229156
43.88125,42.04375,166.54092935973333,30.38307450504357,196.9240038647769
43.88125,42.05625,166.1983187150047,29.03483902483572,195.2331577398404
43.88125,42.06875,178.64248928968885,31.095767015340353,209.7382563050292
43.88125,42.08125,184.8569052184718,32.6604621524133,217.5173673708851
43.88125,42.09375,181.21537759996897,32.05035100229948,213.26572860226844
43.88125,42.10625,185.2445073506314,35.157749721783745,220.40225707241515
43.88125,42.11875,182.62622576573781,35.96452946735724,218.59075523309505
43.88125,42.13125,178.34289588981952,35.51682862667563,213.85972451649513
43.88125,42.14375,175.87375871634038,34.83551930268972,210.70927801903008
43.88125,42.15625,155.1301543639605,31.215054797304933,186.34520916126542
43.88125,42.16875,152.58417513560124,32.02809917122126,184.61227430682248
43.88125,42.18125,143.63533275994598,31.507021902403743,175.14235466234973
43.88125,42.19375,147.95260878339133,30.72238834203586,178.67499712542718
43.88125,42.20625,142.79542596321463,27.555286718826746,170.35071268204138
43.88125,42.21875,161.86209588443495,29.4484970627591,191.31059294719404
43.88125,42.23125,170.8895038837389,29.329469731908127,200.21897361564703
43.88125,42.24375,165.98488160182396,31.74426083319132,197.72914243501526
43.88125,42.25625,163.7504831981807,31.590106121202723,195.3405893193834
43.88125,42.26875,170.11206937223753,31.85252037006643,201.96458974230396
43.88125,42.28125,173.0564955330804,33.417609004357665,206.47410453743808
43.88125,42.29375,171.2723186276506,32.937572669121785,204.20989129677238
43.88125,42.30625,173.3108235202765,34.51272118690189,207.8235447071784
43.88125,42.31875,172.38715162569784,36.13719700884292,208.52434863454076
43.88125,42.33125,168.4571869264437,35.9330139779434,204.39020090438711
43.88125,42.34375,167.08945082685,31.926968696443105,199.0164195232931
43.88125,42.35625,150.39784954400216,29.991775338648136,180.38962488265028
43.88125,42.36875,143.50742614778892,29.140415637358647,172.64784178514756
43.88125,42.38125,162.75520266727713,32.69090386869948,195.4461065359766
43.88125,42.39375,146.43965199222592,28.918555367069477,175.3582073592954
43.88125,42.40625,161.22427597232337,33.43447264346036,194.65874861578374
43.88125,42.41875,165.24732090524435,34.822913535987794,200.07023444123215
43.88125,42.43125,160.78762540220006,33.63157293861826,194.41919834081833
43.88125,42.44375,160.79235520420778,32.051079513023176,192.84343471723096
43.88125,42.45625,153.37781814329253,31.212896861508085,184.59071500480061
43.88125,42.46875,125.31770325247398,28.940973705572034,154.258676958046
43.88125,42.48125,152.89560431637054,32.042496066049104,184.93810038241963
43.88125,42.49375,152.55188468786844,31.700121936106292,184.25200662397472
43.88125,42.50625,149.15603479985938,32.97678146493277,182.13281626479215
43.88125,42.51875,145.20209375285643,32.95663926655958,178.158733019416
43.88125,42.53125,149.60418594064146,33.58763669874177,183.19182263938322
43.88125,42.54375,144.81619339325343,31.988730020951326,176.80492341420475
43.88125,42.55625,139.41449412223565,31.380539658987743,170.7950337812234
43.88125,42.56875,141.24902177585818,32.26011580321778,173.50913757907597
43.88125,42.58125,124.21820010347483,28.95329503356283,153.17149513703765
43.88125,42.59375,135.21963068896326,30.065347339198475,165.28497802816173
43.88125,42.60625,126.34940497583378,28.488107892302207,154.83751286813597
43.88125,42.61875,137.8083669607117,31.336165117095277,169.14453207780699
43.88125,42.63125,123.85055524522325,30.201356702644837,154.0519119478681
43.88125,42.64375,127.20274760816342,29.721197363452504,156.92394497161592
43.88125,42.65625,116.66011385431669,29.170395336147454,145.83050919046414
43.88125,42.66875,119.94367682172565,28.487562064066225,148.43123888579186
43.88125,42.68125,116.82651140603392,30.974449757759665,147.80096116379357
43.88125,42.69375,105.3563926697474,28.19868028786444,133.55507295761183
43.88125,42.70625,112.91416689650765,29.839954599656494,142.75412149616415
43.88125,42.71875,108.29021922047059,30.433926468872155,138.72414568934275
43.88125,42.73125,107.48456917408203,30.45962967893148,137.94419885301352
43.88125,42.74375,109.07695872310877,31.52967573764934,140.60663446075813
43.88125,42.75625,115.97236889960706,28.652778473591095,144.62514737319816
43.88125,42.76875,125.56500333164371,28.073039834685762,153.63804316632948
43.88125,42.78125,147.5533437226499,31.543560872252712,179.09690459490264
43.88125,42.79375,143.03602461760724,31.505319523356704,174.54134414096393
43.88125,42.80625,134.19037555453363,32.03061518996699,166.22099074450063
43.88125,42.81875,140.54217048525686,33.483699474377794,174.02586995963466
43.88125,42.83125,131.38598076722732,31.721837408195192,163.10781817542252
43.88125,42.84375,149.20509893710016,33.4689888322971,182.67408776939726
43.88125,42.85625,137.50760856135014,31.465833171465874,168.973441732816
43.88125,42.86875,140.58315805493788,32.746460380659094,173.32961843559698
43.88125,42.88125,131.66927022135118,32.20816938355982,163.877439604911
43.88125,42.89375,135.96553513539686,33.57037552309225,169.53591065848912
43.88125,42.90625,125.91160733253912,31.17057896035933,157.08218629289846
43.88125,42.91875,127.80206614702719,31.21686683388023,159.0189329809074
43.88125,42.93125,127.32784564659204,33.0345038120891,160.36234945868114
43.88125,42.94375,118.26131327982836,31.861781167675996,150.12309444750434
43.88125,42.95625,118.21911310692424,32.55302172285244,150.7721348297767
43.88125,42.96875,120.45128094601564,33.29730339406366,153.7485843400793
43.88125,42.98125,117.38577052977065,33.33427162885924,150.7200421586299
43.88125,42.99375,116.18147447691831,20.84368842585981,137.0251629027781
43.86875,42.00625,169.9256306300994,30.13749296521302,200.06312359531242
43.86875,42.01875,194.36437429019023,32.48506195044595,226.84943624063618
43.86875,42.03125,185.8991947127317,30.645403230434002,216.5445979431657
43.86875,42.04375,187.90790452218636,31.933265095470535,219.8411696176569
43.86875,42.05625,188.8869621232464,32.56487829384499,221.4518404170914
43.86875,42.06875,193.1687253282069,34.2415030725007,227.4102284007076
43.86875,42.08125,195.00343165997324,36.12690859609266,231.1303402560659
43.86875,42.09375,194.36835137442463,36.58259556013763,230.95094693456227
43.86875,42.10625,170.46261610223496,31.98262142842096,202.44523753065593
43.86875,42.11875,171.89885873903057,32.93245809140903,204.83131683043962
43.86875,42.13125,176.2566905175413,32.10022107814287,208.35691159568418
43.86875,42.14375,176.52284178197058,31.002684833417764,207.52552661538834
43.86875,42.15625,176.2331114595703,33.48269249369622,209.71580395326652
43.86875,42.16875,159.83507111897597,31.78087265706826,191.61594377604425
43.86875,42.18125,162.19112722813276,29.2769393458132,191.46806657394595
43.86875,42.19375,166.60670678090287,27.851589843078997,194.45829662398188
43.86875,42.20625,168.1417441475116,27.606307035000253,195.74805118251183
43.86875,42.21875,180.32499519777272,29.961429386582083,210.2864245843548
43.86875,42.23125,183.695696621776,32.506983109831765,216.20267973160776
43.86875,42.24375,187.41861156300862,35.156480489420005,222.57509205242863
43.86875,42.25625,186.30588787348518,34.4671045658148,220.77299243929997
43.86875,42.26875,184.7551856129952,34.86563853360641,219.62082414660162
43.86875,42.28125,182.92625573566463,34.75856719204074,217.68482292770537
43.86875,42.29375,177.3060356310177,33.6833555380081,210.9893911690258
43.86875,42.30625,164.56029126229896,31.963537825919154,196.52382908821812
43.86875,42.31875,170.5979230424027,31.736812448006177,202.3347354904089
43.86875,42.33125,177.67289999153692,34.0948031060741,211.76770309761102
43.86875,42.34375,162.96796903931343,31.690119759287665,194.65808879860109
43.86875,42.35625,146.8009247196683,26.954891211890516,173.75581593155883
43.86875,42.36875,169.741600103717,30.09397994310037,199.83558004681737
43.86875,42.38125,173.81228869218774,32.73476270798072,206.54705140016847
43.86875,42.39375,162.58117761006204,29.594792637314658,192.1759702473767
43.86875,42.40625,173.3338129529773,32.20055105625826,205.53436400923556
43.86875,42.41875,173.83458662253275,34.708145849294006,208.54273247182675
43.86875,42.43125,168.84903947831128,32.16046027108538,201.00949974939667
43.86875,42.44375,148.15054316193098,28.6678022457283,176.81834540765928
43.86875,42.45625,132.48554267618564,29.139256794657943,161.62479947084358
43.86875,42.46875,150.41970383201246,28.67574093319318,179.09544476520563
43.86875,42.48125,160.86434560889853,29.32465035202194,190.18899596092047
43.86875,42.49375,159.16038129053982,32.598987590009564,191.75936888054937
43.86875,42.50625,158.95251385289092,33.6537996251069,192.60631347799782
43.86875,42.51875,162.22210768010083,34.145142479707914,196.36725015980875
43.86875,42.53125,156.7392802177571,31.89200514265714,188.63128536041427
43.86875,42.54375,152.18627814068154,31.127388391557403,183.31366653223893
43.86875,42.55625,131.81164316193994,28.91881738764333,160.73046054958326
43.86875,42.56875,135.8353957030155,28.94346260142141,164.7788583044369
43.86875,42.58125,149.70951269654392,31.84842693773254,181.55793963427647
43.86875,42.59375,143.931681302036,31.525220922265863,175.45690222430187
43.86875,42.60625,141.56473700122612,30.267864919434906,171.83260192066103
43.86875,42.61875,139.78685745578156,30.88995364271403,170.6768110984956
43.86875,42.63125,134.64427368956757,29.24503806046823,163.8893117500358
43.86875,42.64375,136.76509683762833,30.349763924127114,167.11486076175544
43.86875,42.65625,135.77420707487897,31.688669904016436,167.4628769788954
43.86875,42.66875,118.69807646432575,27.533923911643427,146.23200037596916
43.86875,42.68125,127.13714955586339,29.670622118436313,156.80777167429972
43.86875,42.69375,128.35179444501765,31.145968730802263,159.4977631758199
43.86875,42.70625,116.76647182704383,29.36733039681738,146.1338022238612
43.86875,42.71875,119.34900185279703,30.868272892516256,150.2172747453133
43.86875,42.73125,117.50520206885247,29.806363316967463,147.31156538581993
43.86875,42.74375,114.72797901903532,31.42038164393174,146.14836066296706
43.86875,42.75625,118.79107120065342,32.22934791132767,151.02041911198108
43.86875,42.76875,119.22257403183818,28.806497974755867,148.02907200659405
43.86875,42.78125,125.02985562139362,30.680690690728312,155.71054631212195
43.86875,42.79375,143.68604053592892,32.16972003450954,175.85576057043846
43.86875,42.80625,143.45927566462225,30.359911592150475,173.81918725677272
43.86875,42.81875,148.50847070247568,32.07318891084463,180.5816596133203
43.86875,42.83125,145.89940020410194,31.64231048255824,177.54171068666017
43.86875,42.84375,146.24006697123724,30.83105327196587,177.0711202432031
43.86875,42.85625,149.481670624128,32.23077410409939,181.71244472822738
43.86875,42.86875,143.75994769239458,32.66067746960234,176.42062516199692
43.86875,42.88125,141.0623135360784,32.21071591692593,173.2730294530043
43.86875,42.89375,140.4343737631384,31.44828144255321,171.8826552056916
43.86875,42.90625,139.970257304738,31.693695287882008,171.66395259262
43.86875,42.91875,133.54790968154933,33.03567316519883,166.58358284674816
43.86875,42.93125,125.45579682461307,31.148049907243937,156.603846731857
43.86875,42.94375,131.41548983274288,33.42480146196875,164.84029129471162
43.86875,42.95625,126.15508803276859,32.71427817262763,158.8693662053962
43.86875,42.96875,126.46003007784401,34.38070587422513,160.84073595206914
43.86875,42.98125,119.58638510667178,33.41051051098967,152.99689561766144
43.86875,42.99375,115.68912338851385,20.07014934970426,135.7592727382181
43.85625,42.00625,191.09747012678343,32.746761277819765,223.8442314046032
43.85625,42.01875,201.79493902566745,34.289481542132975,236.0844205678004
43.85625,42.03125,207.01788200607237,37.30636121786334,244.3242432239357
43.85625,42.04375,200.90751980292,37.309781457436586,238.21730126035658
43.85625,42.05625,199.92129145579946,35.83748402741223,235.7587754832117
43.85625,42.06875,193.00033475215713,33.421363780559176,226.4216985327163
43.85625,42.08125,181.15422113081033,31.762489788799016,212.91671091960933
43.85625,42.09375,176.2366114672497,32.65863558792986,208.89524705517957
43.85625,42.10625,181.99473388854582,32.56323125714715,214.55796514569298
43.85625,42.11875,187.9764392122732,33.001746987941644,220.97818620021485
43.85625,42.13125,196.75777721023252,33.66391712000392,230.42169433023645
43.85625,42.14375,184.89510619283143,32.19738543491435,217.0924916277458
43.85625,42.15625,180.21276200715994,32.616045541924,212.82880754908393
43.85625,42.16875,172.6407978606089,31.861336811004804,204.5021346716137
43.85625,42.18125,182.34308462944622,31.568876848553053,213.91196147799928
43.85625,42.19375,193.45387559779573,32.18190192873788,225.63577752653362
43.85625,42.20625,192.74652710828022,31.677100045808707,224.42362715408893
43.85625,42.21875,180.6397232693529,28.752550255431995,209.3922735247849
43.85625,42.23125,196.09903568022457,35.67355394378531,231.77258962400987
43.85625,42.24375,196.4666495240798,35.01210881515982,231.47875833923962
43.85625,42.25625,193.20876066520478,35.1776940863202,228.38645475152498
43.85625,42.26875,176.13134721133292,30.401179026034086,206.532526237367
43.85625,42.28125,177.9343926589967,29.808694362396352,207.74308702139305
43.85625,42.29375,181.77465029122126,30.790841480296667,212.56549177151794
43.85625,42.30625,177.48306850696605,30.062769851517288,207.54583835848334
43.85625,42.31875,175.81673370595132,30.957974858155538,206.77470856410685
43.85625,42.33125,168.34245111482335,31.996956589892957,200.3394077047163
43.85625,42.34375,151.26042326998072,26.925044923113294,178.185468193094
43.85625,42.35625,174.24204227536137,29.676256992638244,203.9182992679996
43.85625,42.36875,178.37837321892232,28.72859711640607,207.10697033532838
43.85625,42.38125,184.39757258928077,33.99184992068814,218.3894225099689
43.85625,42.39375,184.59432189249404,34.01813087519102,218.61245276768506
43.85625,42.40625,183.03706478861912,32.68613083634926,215.72319562496838
43.85625,42.41875,181.4307023074896,32.37416260641956,213.80486491390917
43.85625,42.43125,166.6495263884039,29.40481645483474,196.05434284323863
43.85625,42.44375,143.2826123468333,26.81217863221935,170.09479097905265
43.85625,42.45625,145.96783774972445,27.472003696164137,173.4398414458886
43.85625,42.46875,151.86226623172922,27.24667375665733,179.10893998838657
43.85625,42.48125,163.9998448370236,30.23063856074606,194.23048339776966
43.85625,42.49375,170.98251501759924,35.64321913995651,206.62573415755574
43.85625,42.50625,174.70231372961717,35.632394520427226,210.3347082500444
43.85625,42.51875,172.4414434726715,33.20311268595626,205.64455615862775
43.85625,42.53125,160.49254075020778,30.76910496478607,191.26164571499385
43.85625,42.54375,140.87161800474883,28.41720234788229,169.28882035263112
43.85625,42.55625,159.67603039721251,30.737906926129153,190.41393732334166
43.85625,42.56875,157.73425985738464,30.443055499899152,188.1773153572838
43.85625,42.58125,151.28114900667944,30.246363301025347,181.5275123077048
43.85625,42.59375,155.69854907045348,32.305382258828345,188.00393132928184
43.85625,42.60625,151.63553659429135,31.448324850661233,183.0838614449526
43.85625,42.61875,155.3056875918455,32.43754586649006,187.74323345833557
43.85625,42.63125,148.32786502984501,31.132109837928493,179.4599748677735
43.85625,42.64375,145.19885596860823,30.792629452915083,175.99148542152332
43.85625,42.65625,120.04597874848372,28.18206472628872,148.22804347477245
43.85625,42.66875,138.98558227078394,29.85115223601778,168.83673450680172
43.85625,42.68125,136.11005259462402,29.081792251940865,165.1918448465649
43.85625,42.69375,136.1986530159265,30.842177499223713,167.04083051515022
43.85625,42.70625,128.3517295363861,29.952411943226632,158.30414147961272
43.85625,42.71875,131.73929956112883,31.042441344461693,162.78174090559054
43.85625,42.73125,123.73860481654914,28.74508076461608,152.48368558116522
43.85625,42.74375,123.01837875527818,30.274885020377702,153.29326377565587
43.85625,42.75625,122.22308899719275,30.412571665049782,152.63566066224251
43.85625,42.76875,117.95480777437544,30.40543837405429,148.36024614842972
43.85625,42.78125,122.3089977679091,30.371042855988932,152.68004062389804
43.85625,42.79375,128.57231426397252,30.463944433864455,159.03625869783696
43.85625,42.80625,144.52016966697173,29.514914950346977,174.03508461731872
43.85625,42.81875,162.1615040682038,33.891454765630485,196.05295883383428
43.85625,42.83125,153.07208518943492,32.88629932148461,185.95838451091953
43.85625,42.84375,145.68022610753866,30.79655834753175,176.4767844550704
43.85625,42.85625,155.29915330732078,31.72370871568193,187.02286202300272
43.85625,42.86875,148.05449930406132,31.16250468077723,179.21700398483856
43.85625,42.88125,152.84590820619803,33.23439134948714,186.08029955568517
43.85625,42.89375,149.37628686976052,32.28254606718474,181.65883293694526
43.85625,42.90625,138.7009067250704,31.169181605918006,169.8700883309884
43.85625,42.91875,141.30416264409126,32.55595778305468,173.86012042714594
43.85625,42.93125,135.12011559202972,31.387849503583002,166.50796509561272
43.85625,42.94375,138.09846496145806,33.50285470467441,171.60131966613247
43.85625,42.95625,129.9998407169452,32.413594494425034,162.41343521137023
43.85625,42.96875,127.03310202039964,31.916986622103703,158.95008864250335
43.85625,42.98125,125.43575121490508,32.28901470600228,157.72476592090737
43.85625,42.99375,125.20162902807317,21.82520031154096,147.02682933961412
43.84375,42.00625,181.36141250349593,32.01421691702165,213.37562942051758
43.84375,42.01875,202.84290298070405,32.77639643318115,235.6192994138852
43.84375,42.03125,203.36783918359276,33.155371762678286,236.52321094627104
43.84375,42.04375,204.30660088374995,35.0011691730288,239.30777005677874
43.84375,42.05625,207.45350701030972,35.95725509189319,243.4107621022029
43.84375,42.06875,206.61282691717415,35.59657849530294,242.20940541247708
43.84375,42.08125,205.39424227747506,36.20985374058848,241.60409601806353
43.84375,42.09375,189.8895971330241,32.4484341348199,222.338031267844
43.84375,42.10625,193.48022220801568,31.773785491226953,225.25400769924263
43.84375,42.11875,207.85550213991954,35.46588289195593,243.32138503187548
43.84375,42.13125,200.75680567428844,34.15986182485404,234.91666749914248
43.84375,42.14375,185.01777147852405,34.60171105370843,219.6194825322325
43.84375,42.15625,186.4304120710702,31.933247337798846,218.36365940886907
43.84375,42.16875,200.48184811973192,33.549133406064506,234.03098152579642
43.84375,42.18125,201.853274305577,32.44696128020578,234.3002355857828
43.84375,42.19375,204.8915443403005,34.59543771398792,239.48698205428843
43.84375,42.20625,205.64287338939712,34.34016990131832,239.98304329071544
43.84375,42.21875,202.91032378324084,33.75733246928406,236.6676562525249
43.84375,42.23125,204.6332016000682,35.28551888388403,239.91872048395223
43.84375,42.24375,196.57909325707584,32.95395226735992,229.53304552443575
43.84375,42.25625,174.21336778320577,29.82866058648865,204.0420283696944
43.84375,42.26875,193.56192115404298,32.65198539502329,226.21390654906628
43.84375,42.28125,202.99829652034927,33.067534274702595,236.06583079505185
43.84375,42.29375,205.0920028221094,35.63898841404984,240.73099123615924
43.84375,42.30625,197.058648212007,32.70094860499577,229.75959681700277
43.84375,42.31875,161.81726790365857,28.11377829270524,189.9310461963638
43.84375,42.33125,165.78886454940192,27.113991679571818,192.90285622897375
43.84375,42.34375,170.92222445508276,26.807689371324123,197.7299138264069
43.84375,42.35625,194.64397841902627,29.318367155168605,223.96234557419487
43.84375,42.36875,197.58107597198844,35.365508937709,232.94658490969744
43.84375,42.38125,195.6529491300097,35.41792748718636,231.07087661719606
43.84375,42.39375,183.70080872485156,29.909824666867582,213.61063339171915
43.84375,42.40625,165.2798576582839,26.67770211726282,191.9575597755467
43.84375,42.41875,154.82280160964478,27.20276628748125,182.02556789712602
43.84375,42.43125,142.92419505470173,27.714088775576965,170.63828383027868
43.84375,42.44375,165.6807939781656,28.738670590133527,194.41946456829913
43.84375,42.45625,175.6748401005669,28.916018817255356,204.59085891782226
43.84375,42.46875,182.2099270525636,32.47380222492144,214.68372927748504
43.84375,42.48125,182.19159573611634,32.35118748722331,214.54278322333965
43.84375,42.49375,180.62591880445666,33.941838947617505,214.56775775207416
43.84375,42.50625,179.84755641202594,33.97533028249587,213.8228866945218
43.84375,42.51875,157.15010773024025,29.386507527407552,186.5366152576478
43.84375,42.53125,161.39031795623094,29.704401234589362,191.0947191908203
43.84375,42.54375,173.7103014740864,32.9059359677056,206.616237441792
43.84375,42.55625,160.4131817536948,28.909311902017254,189.32249365571207
43.84375,42.56875,171.70851030679742,34.18491894652558,205.893429253323
43.84375,42.58125,169.8605602683603,33.74866933542646,203.60922960378676
43.84375,42.59375,169.35290578133606,34.15850746723467,203.51141324857073
43.84375,42.60625,161.81702975865883,31.703723047546664,193.5207528062055
43.84375,42.61875,150.00418911309603,29.472189728450616,179.47637884154665
43.84375,42.63125,132.4130553989459,27.383306793999644,159.79636219294554
43.84375,42.64375,134.91607106330073,26.43391145717064,161.34998252047137
43.84375,42.65625,144.04316073209728,29.152110170499448,173.19527090259672
43.84375,42.66875,146.22815472021588,28.789583985432728,175.0177387056486
43.84375,42.68125,152.17882073792646,33.70635140135805,185.88517213928452
43.84375,42.69375,142.0525641860238,30.799749434021837,172.85231362004563
43.84375,42.70625,141.01975583863282,30.782804581822237,171.80256042045505
43.84375,42.71875,143.02784880184416,31.67830416110906,174.7061529629532
43.84375,42.73125,134.20464530807752,30.527416298652774,164.7320616067303
43.84375,42.74375,130.42347599573569,29.53939526866944,159.96287126440512
43.84375,42.75625,139.91288949460233,30.700834414603623,170.61372390920596
43.84375,42.76875,133.91788609604777,30.180186433970718,164.0980725300185
43.84375,42.78125,126.01654759817114,29.76034911431768,155.77689671248882
43.84375,42.79375,131.8928282056081,31.61045872990892,163.50328693551702
43.84375,42.80625,142.8539276745022,30.46056923691031,173.3144969114125
43.84375,42.81875,151.59478494228574,30.532099264456274,182.126884206742
43.84375,42.83125,157.99381956403988,34.52290694446751,192.5167265085074
43.84375,42.84375,159.12362726189133,33.2984817157178,192.42210897760913
43.84375,42.85625,168.68089512920793,34.673645224278346,203.35454035348627
43.84375,42.86875,160.51819710903956,33.639276352998685,194.15747346203824
43.84375,42.88125,159.41923205486205,33.968137144313225,193.38736919917528
43.84375,42.89375,151.2355390382358,32.74088737779649,183.9764264160323
43.84375,42.90625,149.9348999318177,32.32365120999693,182.25855114181465
43.84375,42.91875,151.97529911721918,33.47101318188062,185.44631229909982
43.84375,42.93125,147.98187984059635,33.40321969394133,181.3850995345377
43.84375,42.94375,136.13747898887632,30.99091683286126,167.12839582173757
43.84375,42.95625,131.17313035954106,32.129069825949024,163.30220018549008
43.84375,42.96875,139.7506190571104,33.58318512080262,173.33380417791304
43.84375,42.98125,129.63862788475078,31.981649404140946,161.6202772888917
43.84375,42.99375,127.57175216343042,21.59449639713305,149.16624856056347
43.83125,42.00625,169.97502991380432,28.638294378003575,198.61332429180788
43.83125,42.01875,177.62537462898072,26.86664119045056,204.4920158194313
43.83125,42.03125,192.19038219914884,28.858827998178583,221.04921019732743
43.83125,42.04375,208.09416513963646,30.293410004364276,238.38757514400072
43.83125,42.05625,210.70078902412013,33.09446558695081,243.79525461107093
43.83125,42.06875,210.29550263620135,35.99845928850877,246.29396192471012
43.83125,42.08125,207.02543776754274,33.75018813859888,240.7756259061416
43.83125,42.09375,199.80589124662146,33.89200609043075,233.6978973370522
43.83125,42.10625,215.39288345106107,34.7528006890323,250.14568414009335
43.83125,42.11875,211.584196325887,35.11311964098843,246.69731596687544
43.83125,42.13125,206.84210372080148,34.24083025703707,241.08293397783854
43.83125,42.14375,194.98004716496973,35.09911244053255,230.0791596055023
43.83125,42.15625,198.806942853912,32.74775281349475,231.55469566740675
43.83125,42.16875,220.53108227103309,35.58808244979296,256.11916472082606
43.83125,42.18125,218.49781066372157,36.549922478910844,255.0477331426324
43.83125,42.19375,216.84843143793105,37.07219114062594,253.920622578557
43.83125,42.20625,209.82039113073455,36.47404652893251,246.29443765966707
43.83125,42.21875,215.03243228188498,37.9997833944542,253.03221567633918
43.83125,42.23125,210.72527887775453,37.252393891538205,247.97767276929272
43.83125,42.24375,190.4979397974037,31.58118305884991,222.0791228562536
43.83125,42.25625,188.1559298107622,30.886626895694192,219.04255670645637
43.83125,42.26875,211.62733965190742,33.5965407761124,245.2238804280198
43.83125,42.28125,210.88989656677134,34.85083526294264,245.74073182971398
43.83125,42.29375,199.77334822424115,28.91507012705036,228.68841835129152
43.83125,42.30625,179.74777685232476,29.366919580970574,209.11469643329534
43.83125,42.31875,165.72454015819136,28.303779015650733,194.02831917384208
43.83125,42.33125,189.80713217610085,27.564656163525243,217.3717883396261
43.83125,42.34375,202.37581518927902,31.002328422743332,233.37814361202237
43.83125,42.35625,207.8966228900695,32.23508683446438,240.1317097245339
43.83125,42.36875,206.44038740204488,35.10259288091378,241.54298028295867
43.83125,42.38125,205.4374245590795,31.54469222678015,236.98211678585963
43.83125,42.39375,199.66942537465684,31.939132649309798,231.60855802396662
43.83125,42.40625,188.1354598691041,30.60748541509325,218.74294528419733
43.83125,42.41875,175.47435891106502,30.293316219617573,205.7676751306826
43.83125,42.43125,154.9681021089994,28.632190736317195,183.6002928453166
43.83125,42.44375,159.11101960144524,27.541260200584176,186.6522798020294
43.83125,42.45625,171.84680945775838,30.63499358438469,202.48180304214307
43.83125,42.46875,192.97589629422217,33.71083814320653,226.6867344374287
43.83125,42.48125,193.2316078380571,36.54977668613912,229.78138452419623
43.83125,42.49375,191.40562228657674,36.345777197231314,227.75139948380806
43.83125,42.50625,176.7729418869511,30.35957903616551,207.1325209231166
43.83125,42.51875,179.22460031601435,30.791047029376596,210.01564734539093
43.83125,42.53125,184.24745115096718,32.20660957502233,216.4540607259895
43.83125,42.54375,184.34635601440195,32.331062459974646,216.6774184743766
43.83125,42.55625,174.82227180242714,30.234528954884894,205.05680075731203
43.83125,42.56875,182.26062357577183,35.10745749282041,217.36808106859223
43.83125,42.58125,166.075251844951,30.88988889195713,196.96514073690813
43.83125,42.59375,168.09568696393228,29.582261165208145,197.67794812914042
43.83125,42.60625,157.39311601322572,29.317763338065774,186.7108793512915
43.83125,42.61875,156.20318604582545,28.72591226042354,184.929098306249
43.83125,42.63125,167.65418125568084,30.598128865962543,198.25231012164338
43.83125,42.64375,158.51802690852213,28.02288528540924,186.54091219393138
43.83125,42.65625,158.10567692039794,29.57103150048405,187.676708420882
43.83125,42.66875,157.42007340517918,32.27016617380674,189.69023957898594
43.83125,42.68125,158.9036026104485,32.58012841005896,191.48373102050746
43.83125,42.69375,154.44036777739592,31.45234157506959,185.89270935246552
43.83125,42.70625,152.485009477525,32.495526074502735,184.98053555202773
43.83125,42.71875,153.6760181102224,32.11228465955308,185.7883027697755
43.83125,42.73125,152.60105739464146,32.522126146747524,185.12318354138898
43.83125,42.74375,151.7248549581143,32.75061379882636,184.47546875694064
43.83125,42.75625,145.66840747389566,31.27858652806581,176.94699400196146
43.83125,42.76875,146.00564387021214,30.284105560597283,176.28974943080942
43.83125,42.78125,149.65830105835235,31.730133791703473,181.38843485005583
43.83125,42.79375,146.295823594659,32.13239524928668,178.42821884394567
43.83125,42.80625,143.54329582998056,32.1696981075826,175.71299393756317
43.83125,42.81875,148.05384964399968,34.64729221568222,182.7011418596819
43.83125,42.83125,148.54664460685703,32.72117182555533,181.26781643241236
43.83125,42.84375,148.13768563933024,32.17528041425116,180.31296605358142
43.83125,42.85625,147.46717874391456,30.589588797215036,178.0567675411296
43.83125,42.86875,141.78986739716726,30.12081473695397,171.91068213412123
43.83125,42.88125,142.19715434401107,31.320016309642778,173.51717065365384
43.83125,42.89375,154.8220213754223,32.82067206347147,187.6426934388938
43.83125,42.90625,160.64061195355686,33.336922993470665,193.97753494702752
43.83125,42.91875,157.57509176727163,32.58514951815712,190.16024128542875
43.83125,42.93125,152.88722562902421,32.688033194961776,185.575258823986
43.83125,42.94375,144.95785234766257,31.7642756350047,176.72212798266727
43.83125,42.95625,146.95078063080354,32.83207192416186,179.7828525549654
43.83125,42.96875,142.23912985969315,33.16970337415625,175.4088332338494
43.83125,42.98125,137.23760001666224,32.96472747479066,170.2023274914529
43.83125,42.99375,129.08017562919088,22.272996195343744,151.35317182453463
43.81875,42.00625,152.34969991687964,30.275868927522854,182.6255688444025
43.81875,42.01875,154.9297490665385,28.09242698239521,183.02217604893372
43.81875,42.03125,164.9741364469124,25.77282365270934,190.74696009962176
43.81875,42.04375,178.04464917589283,28.8889175161743,206.93356669206713
43.81875,42.05625,195.75752050436236,29.105832272254524,224.8633527766169
43.81875,42.06875,202.03401294006665,29.679120656539055,231.7131335966057
43.81875,42.08125,202.4811156173159,31.417592047842184,233.8987076651581
43.81875,42.09375,197.5765201841339,29.81985818598317,227.39637837011708
43.81875,42.10625,216.8668896547155,31.720194701239535,248.58708435595503
43.81875,42.11875,224.49059911391214,38.02470548129175,262.5153045952039
43.81875,42.13125,210.28548914575921,35.368070889744196,245.6535600355034
43.81875,42.14375,202.27901951072172,36.258788478538214,238.53780798925993
43.81875,42.15625,216.99488641504905,35.59253240303019,252.58741881807924
43.81875,42.16875,227.14191768698757,36.983260446752745,264.1251781337403
43.81875,42.18125,224.4847655009158,38.800725796932426,263.28549129784824
43.81875,42.19375,221.9323852477958,37.37947130279624,259.31185655059204
43.81875,42.20625,219.51249100931915,36.549931067981476,256.06242207730065
43.81875,42.21875,216.82922311947542,35.66525577755927,252.4944788970347
43.81875,42.23125,214.87552217419676,34.535778255010015,249.4113004292068
43.81875,42.24375,205.95829428043186,35.15108123900107,241.10937551943294
43.81875,42.25625,211.8387889090487,34.58954003429943,246.42832894334813
43.81875,42.26875,220.86014268573612,34.479446369574525,255.33958905531065
43.81875,42.28125,218.04588737138207,34.12346651743076,252.16935388881282
43.81875,42.29375,203.21838532314183,31.28868667616042,234.50707199930224
43.81875,42.30625,164.41501003536928,28.489130434864947,192.9041404702342
43.81875,42.31875,191.19685467907527,29.438264555380613,220.63511923445589
43.81875,42.33125,193.48044018517513,27.070286862785203,220.55072704796032
43.81875,42.34375,218.23115954925976,33.737431290761165,251.9685908400209
43.81875,42.35625,216.52621318604702,36.55853374378437,253.0847469298314
43.81875,42.36875,216.74747731968844,34.958728939125756,251.7062062588142
43.81875,42.38125,186.47096543596368,26.58711145368865,213.05807688965234
43.81875,42.39375,167.56636601085125,28.268829763255038,195.8351957741063
43.81875,42.40625,176.02137496563068,29.84877086260695,205.87014582823764
43.81875,42.41875,153.45722835978316,29.413994542936432,182.87122290271958
43.81875,42.43125,168.7989557833702,28.864694213381494,197.66364999675167
43.81875,42.44375,183.06455311791873,27.888735289685172,210.9532884076039
43.81875,42.45625,190.0461833188265,29.81218594385206,219.85836926267856
43.81875,42.46875,178.13808897338143,28.31756074845451,206.45564972183593
43.81875,42.48125,202.25667927275163,34.96357201650845,237.2202512892601
43.81875,42.49375,202.01831009691796,34.70231439260065,236.7206244895186
43.81875,42.50625,199.34941335937978,34.15236215093329,233.50177551031308
43.81875,42.51875,188.63346803898276,32.078577623970965,220.71204566295373
43.81875,42.53125,198.50660508926927,36.69648279136785,235.20308788063713
43.81875,42.54375,195.60349580200148,34.13081387320119,229.73430967520267
43.81875,42.55625,191.49859357942486,34.04545589438814,225.544049473813
43.81875,42.56875,191.3052873344276,33.417220616613996,224.7225079510416
43.81875,42.58125,188.5167695196617,34.119273619618184,222.63604313927988
43.81875,42.59375,187.1806634684991,33.183766605788605,220.3644300742877
43.81875,42.60625,170.12951275181416,28.483906906851082,198.61341965866524
43.81875,42.61875,183.53375302365654,31.422314850637594,214.95606787429415
43.81875,42.63125,175.31094228235918,31.369790928595783,206.68073321095497
43.81875,42.64375,177.0899409182556,33.606114853469464,210.69605577172507
43.81875,42.65625,173.03817633743222,33.47462004391984,206.51279638135208
43.81875,42.66875,176.36143041755602,35.923715293926634,212.28514571148264
43.81875,42.68125,170.2920459148896,34.990177972466554,205.28222388735617
43.81875,42.69375,165.2377692790493,35.036965958100154,200.27473523714946
43.81875,42.70625,161.46130636713448,33.89176122940836,195.35306759654284
43.81875,42.71875,152.43926233731906,31.516179455200206,183.95544179251928
43.81875,42.73125,150.42176350495635,31.609402940714624,182.03116644567098
43.81875,42.74375,155.6144376293454,32.80356023545058,188.41799786479598
43.81875,42.75625,158.29043399160943,34.34014554433671,192.63057953594614
43.81875,42.76875,160.06615150521205,35.520825203426824,195.58697670863887
43.81875,42.78125,155.53960293178736,34.35104889717281,189.89065182896016
43.81875,42.79375,149.90133124569695,33.83540706289181,183.73673830858877
43.81875,42.80625,148.44237376360545,34.185700522880296,182.62807428648574
43.81875,42.81875,149.5843679161394,35.16355239996672,184.7479203161061
43.81875,42.83125,143.4770722117604,34.13335106491282,177.61042327667323
43.81875,42.84375,142.37767016931272,33.57926703934175,175.95693720865447
43.81875,42.85625,143.511740625774,32.62275550578708,176.1344961315611
43.81875,42.86875,133.38566142772294,31.95315538966789,165.33881681739084
43.81875,42.88125,131.5103066789108,30.660555792528704,162.1708624714395
43.81875,42.89375,133.5058931297691,29.680679700398084,163.1865728301672
43.81875,42.90625,133.72638906770044,29.468108049071027,163.19449711677146
43.81875,42.91875,143.121072089968,29.254564711140137,172.37563680110816
43.81875,42.93125,151.17433899428895,30.685618137721107,181.85995713201004
43.81875,42.94375,156.72099570488461,32.14254747521548,188.8635431801001
43.81875,42.95625,153.84374523195012,31.979427664018683,185.8231728959688
43.81875,42.96875,144.29420990930635,32.56970889892197,176.8639188082283
43.81875,42.98125,141.50507035307785,32.06666128035347,173.57173163343134
43.81875,42.99375,145.44909747633585,24.15659733344269,169.60569480977853
43.80625,42.00625,159.321884905985,30.959851910305836,190.28173681629085
43.80625,42.01875,162.03259899694658,30.573166510813852,192.60576550776042
43.80625,42.03125,163.43401400170418,30.278485752151283,193.71249975385547
43.80625,42.04375,162.69507814288778,27.292606059924886,189.98768420281266
43.80625,42.05625,164.5819479567433,28.486195501297267,193.06814345804057
43.80625,42.06875,186.45227372848748,31.101438202502038,217.55371193098952
43.80625,42.08125,168.05564038200308,28.88259937578924,196.9382397577923
43.80625,42.09375,183.86296231396693,27.74370385383809,211.60666616780503
43.80625,42.10625,201.43880876972833,32.04261074928257,233.4814195190109
43.80625,42.11875,204.2419846052707,32.12789542024418,236.36988002551487
43.80625,42.13125,203.5922343981278,33.36303144716293,236.95526584529074
43.80625,42.14375,199.0806456886152,33.95485742626986,233.03550311488505
43.80625,42.15625,212.52098067923401,32.79750428011808,245.3184849593521
43.80625,42.16875,223.41332003658698,33.64177874348212,257.0550987800691
43.80625,42.18125,228.350185710053,38.37638395220381,266.7265696622568
43.80625,42.19375,233.71628619721452,39.754674862787674,273.4709610600022
43.80625,42.20625,228.639084534582,36.78178457861438,265.4208691131964
43.80625,42.21875,227.5875864803979,37.527267393580274,265.1148538739782
43.80625,42.23125,217.54612988583037,35.1644417686787,252.71057165450907
43.80625,42.24375,216.65476406797617,34.77087876946074,251.4256428374369
43.80625,42.25625,225.4770977057622,36.35003115881047,261.82712886457267
43.80625,42.26875,204.94445474469995,30.68141380921172,235.6258685539117
43.80625,42.28125,186.70840491874213,30.225858610668944,216.93426352941108
43.80625,42.29375,183.59192907324135,29.480622278127655,213.072551351369
43.80625,42.30625,170.69160788720168,30.024604441757436,200.71621232895913
43.80625,42.31875,194.93819268618088,27.107469077015974,222.04566176319685
43.80625,42.33125,221.65183729668783,33.50039842645978,255.1522357231476
43.80625,42.34375,227.39944076240042,33.89083385726091,261.2902746196613
43.80625,42.35625,218.59447319063278,33.681026775439726,252.27549996607252
43.80625,42.36875,203.72103609272713,31.175028501448928,234.89606459417607
43.80625,42.38125,182.40256175493795,28.130063260683905,210.53262501562185
43.80625,42.39375,193.7159361484336,29.729158736735897,223.4450948851695
43.80625,42.40625,169.38463170988516,30.070521799591745,199.4551535094769
43.80625,42.41875,170.27823869264125,26.06718746626568,196.34542615890695
43.80625,42.43125,187.42730554443543,27.267768511710877,214.6950740561463
43.80625,42.44375,198.80432963928283,29.702181003721915,228.50651064300473
43.80625,42.45625,215.56276721207877,33.89847109840225,249.461238310481
43.80625,42.46875,202.24832395871053,32.31165233293865,234.55997629164918
43.80625,42.48125,204.00169786575282,31.646778580579944,235.64847644633275
43.80625,42.49375,212.66574091395194,38.65061326601317,251.31635417996512
43.80625,42.50625,211.45284311162803,35.39773880564419,246.85058191727222
43.80625,42.51875,207.7186460765244,35.450203448627434,243.16884952515184
43.80625,42.53125,209.76681257764898,36.36571730698088,246.13252988462986
43.80625,42.54375,205.93054530779992,35.01230159376209,240.942846901562
43.80625,42.55625,205.85263071018392,35.80662804998875,241.65925876017266
43.80625,42.56875,199.33127527478618,33.94410579474355,233.27538106952971
43.80625,42.58125,201.89322152215706,36.03053986562248,237.92376138777954
43.80625,42.59375,199.24520633438146,33.87698490037735,233.12219123475882
43.80625,42.60625,197.0358292442642,32.72541598835263,229.76124523261683
43.80625,42.61875,195.5111100271033,33.52511087886465,229.03622090596798
43.80625,42.63125,190.0684201751472,35.87849556673356,225.94691574188076
43.80625,42.64375,186.7461572692065,35.23745572161272,221.9836129908192
43.80625,42.65625,181.34615680439802,35.24327875709134,216.58943556148935
43.80625,42.66875,172.82240711499884,32.73549140846434,205.55789852346317
43.80625,42.68125,169.67311283292247,32.56101824409346,202.23413107701595
43.80625,42.69375,174.368725848645,32.88649587740186,207.25522172604687
43.80625,42.70625,173.68814210979758,33.39832551681753,207.0864676266151
43.80625,42.71875,172.65587422575234,33.113340392630924,205.76921461838327
43.80625,42.73125,166.76656771084697,31.84626070909436,198.61282841994134
43.80625,42.74375,165.24974168556932,33.50790006876394,198.75764175433326
43.80625,42.75625,152.34307793628605,30.65351234793264,182.99659028421868
43.80625,42.76875,158.62898888283087,31.547800681999227,190.1767895648301
43.80625,42.78125,151.55059897805597,31.546107895522116,183.09670687357809
43.80625,42.79375,140.15093533554946,29.82538274951631,169.97631808506577
43.80625,42.80625,137.38277811757683,29.959273534768883,167.34205165234573
43.80625,42.81875,144.35980336755915,31.49120732987008,175.85101069742922
43.80625,42.83125,142.12739512700358,32.158415693176686,174.28581082018027
43.80625,42.84375,138.67471749078214,31.68078095034501,170.35549844112717
43.80625,42.85625,136.12355278144437,31.34049130946427,167.46404409090866
43.80625,42.86875,128.902975971421,31.03430986108356,159.93728583250456
43.80625,42.88125,129.47005808217696,30.63608904436777,160.10614712654473
43.80625,42.89375,127.76110646307768,32.51647258988143,160.2775790529591
43.80625,42.90625,125.03608624643725,31.355914937984977,156.3920011844222
43.80625,42.91875,124.92970649257211,29.703155205801174,154.6328616983733
43.80625,42.93125,124.7104090002982,28.245687223315212,152.9560962236134
43.80625,42.94375,127.2608662471549,28.719048983174904,155.9799152303298
43.80625,42.95625,131.39688634351236,27.50383244561054,158.9007187891229
43.80625,42.96875,143.30273880315193,29.414582626519643,172.71732142967156
43.80625,42.98125,153.66388903026,32.64938506694486,186.31327409720487
43.80625,42.99375,150.2462090321252,23.008309271952953,173.25451830407815
43.79375,42.00625,149.23052306365224,28.52414566658441,177.75466873023666
43.79375,42.01875,138.62632913751008,27.091421201614992,165.71775033912508
43.79375,42.03125,149.66678517500912,27.485676907761352,177.15246208277048
43.79375,42.04375,166.43854425803488,30.184635372512133,196.623179630547
43.79375,42.05625,160.5090649879699,27.55562043011218,188.0646854180821
43.79375,42.06875,152.41865220156492,27.87839577631049,180.29704797787542
43.79375,42.08125,167.87965048398604,29.693657919936356,197.5733084039224
43.79375,42.09375,186.2426892858252,32.30326271229322,218.54595199811843
43.79375,42.10625,191.47308578256144,34.72619604024816,226.1992818228096
43.79375,42.11875,195.98250768332645,33.97513093279048,229.95763861611692
43.79375,42.13125,187.06838481172045,31.55489191326754,218.623276724988
43.79375,42.14375,187.2104684439712,31.36142648727551,218.5718949312467
43.79375,42.15625,197.4172888618888,28.73036609123769,226.1476549531265
43.79375,42.16875,218.41187528503855,31.171706547130526,249.58358183216907
43.79375,42.18125,232.7790292032705,33.551177062483845,266.3302062657543
43.79375,42.19375,240.39238220486953,34.24988781948614,274.6422700243557
43.79375,42.20625,228.76613336271626,37.99023461522392,266.75636797794016
43.79375,42.21875,230.02580045874416,35.80024078092264,265.8260412396668
43.79375,42.23125,231.51237409849608,36.41350665467567,267.9258807531718
43.79375,42.24375,240.94555121513142,38.7941072084653,279.7396584235967
43.79375,42.25625,236.7866828290436,34.894603628025294,271.6812864570689
43.79375,42.26875,220.26172912889047,30.935493283676024,251.19722241256648
43.79375,42.28125,210.3196692604422,30.15949303720356,240.47916229764576
43.79375,42.29375,191.76909663860397,32.874519098731014,224.64361573733498
43.79375,42.30625,179.38161349342698,31.446167709281482,210.82778120270848
43.79375,42.31875,191.53023439491045,28.76310975043524,220.29334414534569
43.79375,42.33125,218.32670715197617,31.264807896031005,249.59151504800718
43.79375,42.34375,225.13202002926053,36.37132122187743,261.50334125113795
43.79375,42.35625,214.59330880516342,31.182242178162504,245.77555098332593
43.79375,42.36875,204.982021869793,30.882362562463285,235.86438443225626
43.79375,42.38125,221.7815675140449,32.663817182886376,254.44538469693128
43.79375,42.39375,195.72180654980247,27.46795930891778,223.18976585872025
43.79375,42.40625,169.60722082323085,30.22806593429772,199.83528675752856
43.79375,42.41875,175.44205414027812,27.985812312166704,203.42786645244482
43.79375,42.43125,211.28784276316532,32.17554028760533,243.46338305077063
43.79375,42.44375,210.32951945740163,29.6964615923821,240.02598104978372
43.79375,42.45625,221.36436737485795,34.663108852312575,256.0274762271705
43.79375,42.46875,226.0003857165548,35.79920337505375,261.79958909160854
43.79375,42.48125,223.6351292920855,36.21338128242088,259.8485105745064
43.79375,42.49375,222.46261188426752,37.18819508657544,259.65080697084295
43.79375,42.50625,221.47611319823608,38.972851505025005,260.4489647032611
43.79375,42.51875,220.37223751718457,38.76342738008475,259.1356648972693
43.79375,42.53125,219.72739561811733,38.718612707849815,258.4460083259671
43.79375,42.54375,219.79742324074846,39.02725686058481,258.8246801013333
43.79375,42.55625,216.65589915360923,36.42472039615635,253.08061954976557
43.79375,42.56875,212.46837450410416,36.31400776900766,248.7823822731118
43.79375,42.58125,211.85464892658658,37.682355935294765,249.53700486188134
43.79375,42.59375,210.645891973883,38.020708857645246,248.66660083152826
43.79375,42.60625,207.9478832182848,39.066500574896665,247.01438379318148
43.79375,42.61875,199.35186151203487,38.00526093346239,237.35712244549725
43.79375,42.63125,194.3745993877017,34.490646817430076,228.86524620513177
43.79375,42.64375,184.13267750905771,32.30862405926517,216.4413015683229
43.79375,42.65625,169.78582810252118,32.036463334101114,201.8222914366223
43.79375,42.66875,186.86436761619643,33.59192374341697,220.4562913596134
43.79375,42.68125,190.25692073783472,34.65021222851813,224.90713296635283
43.79375,42.69375,189.24538317406808,35.06789511997548,224.31327829404356
43.79375,42.70625,186.5968845459252,34.815334331044134,221.41221887696935
43.79375,42.71875,185.88404725952196,35.57893667173623,221.46298393125818
43.79375,42.73125,174.37296587613008,33.748571267651485,208.12153714378155
43.79375,42.74375,164.81864402508208,31.21676945329554,196.03541347837762
43.79375,42.75625,172.14041512676695,32.756867992669775,204.89728311943674
43.79375,42.76875,167.6046555481267,32.050488621558934,199.65514416968563
43.79375,42.78125,167.39018681993338,32.46154426114885,199.85173108108222
43.79375,42.79375,152.83771271564996,29.74184796464746,182.57956068029742
43.79375,42.80625,164.08261388241183,32.54100862991166,196.6236225123235
43.79375,42.81875,144.96439841612832,30.34930793889223,175.31370635502054
43.79375,42.83125,155.3181027107226,31.97510447418017,187.29320718490277
43.79375,42.84375,150.58102767487796,31.453373579480537,182.0344012543585
43.79375,42.85625,144.95876329500567,30.59507212092449,175.55383541593017
43.79375,42.86875,144.35966423459743,30.84313463429803,175.20279886889546
43.79375,42.88125,133.83413193069515,29.882860660135748,163.7169925908309
43.79375,42.89375,133.51722770488985,31.35954898768656,164.8767766925764
43.79375,42.90625,126.42334186811672,31.83778022915193,158.26112209726864
43.79375,42.91875,121.12851887844981,30.759242897753225,151.88776177620304
43.79375,42.93125,116.82871766239393,30.960085974150655,147.78880363654457
43.79375,42.94375,114.3267472865198,32.445122900677646,146.77187018719746
43.79375,42.95625,114.42715463470927,28.940221079530364,143.36737571423964
43.79375,42.96875,119.59471076425459,27.963019136931372,147.55772990118595
43.79375,42.98125,123.66693743167649,28.522959578495307,152.1898970101718
43.79375,42.99375,141.99882708854167,19.619579014662037,161.6184061032037
43.78125,42.00625,130.89188756218348,28.669122524986427,159.5610100871699
43.78125,42.01875,138.27372294007105,26.315402131453396,164.58912507152445
43.78125,42.03125,148.9096326353435,25.988044905375983,174.89767754071949
43.78125,42.04375,160.83582146128524,28.84748577737045,189.6833072386557
43.78125,42.05625,148.63549798831244,25.813450266996156,174.4489482553086
43.78125,42.06875,186.628761756871,28.15480162037241,214.7835633772434
43.78125,42.08125,185.08516449282786,31.569249811129097,216.65441430395697
43.78125,42.09375,190.35762569764697,33.426488879610076,223.78411457725704
43.78125,42.10625,179.54975126395283,31.959225728675513,211.50897699262833
43.78125,42.11875,185.59024775393019,31.02635354036662,216.6166012942968
43.78125,42.13125,186.8925890156039,32.33279592517355,219.22538494077745
43.78125,42.14375,170.99396705207172,32.52517739226436,203.5191444443361
43.78125,42.15625,177.17871567366777,29.232321151160033,206.4110368248278
43.78125,42.16875,197.31040599035492,28.016179308415044,225.32658529876997
43.78125,42.18125,199.05778341903974,27.279103051986404,226.33688647102613
43.78125,42.19375,224.51662759490904,31.643677727693277,256.1603053226023
43.78125,42.20625,238.21313807586708,34.56978813471936,272.7829262105864
43.78125,42.21875,239.99624439037913,34.07114949157853,274.0673938819577
43.78125,42.23125,251.06185060236174,38.467041724493384,289.52889232685516
43.78125,42.24375,236.13804887851643,33.61588707714523,269.75393595566163
43.78125,42.25625,221.61682748945788,31.2004163982293,252.81724388768717
43.78125,42.26875,213.56170351766795,30.656970724511375,244.21867424217933
43.78125,42.28125,196.5948209904827,28.609127911473863,225.20394890195655
43.78125,42.29375,196.6272239104766,30.22248729331569,226.84971120379228
43.78125,42.30625,189.06975814062775,30.73710050805798,219.80685864868573
43.78125,42.31875,212.77699073999858,28.83439132632933,241.6113820663279
43.78125,42.33125,228.89187398638748,31.21547108858406,260.10734507497153
43.78125,42.34375,239.6510453428295,36.60565135253416,276.25669669536364
43.78125,42.35625,221.69980127114573,32.3299489032451,254.02975017439084
43.78125,42.36875,237.29372120959832,35.600940564326365,272.89466177392467
43.78125,42.38125,211.4320641586695,27.9221691841296,239.3542333427991
43.78125,42.39375,196.31107443930995,25.22466860916153,221.5357430484715
43.78125,42.40625,182.26744062732251,27.655911835204797,209.9233524625273
43.78125,42.41875,173.91077411841727,28.368619836586127,202.2793939550034
43.78125,42.43125,195.17521107295798,29.991899300131085,225.16711037308906
43.78125,42.44375,212.20389134091408,27.74047226172038,239.94436360263447
43.78125,42.45625,234.4453748722853,35.2312072771932,269.6765821494785
43.78125,42.46875,236.76432507087304,38.16764365644531,274.93196872731835
43.78125,42.48125,235.59670428933896,40.84294146121777,276.43964575055674
43.78125,42.49375,233.92400391144423,40.91091714281637,274.8349210542606
43.78125,42.50625,232.8682553331104,41.51575624684476,274.38401157995514
43.78125,42.51875,232.37047032624713,41.82190766844312,274.1923779946902
43.78125,42.53125,230.51592025177246,41.41989537039952,271.93581562217196
43.78125,42.54375,231.72039252623426,41.12616071083757,272.8465532370718
43.78125,42.55625,229.53627069389057,39.879219398157275,269.41549009204783
43.78125,42.56875,226.76663826443098,39.47176052771262,266.2383987921436
43.78125,42.58125,222.98077245099984,39.085858358919666,262.0666308099195
43.78125,42.59375,217.42142565553843,38.030839774323944,255.45226542986236
43.78125,42.60625,211.4642283930779,36.52132756433374,247.98555595741163
43.78125,42.61875,210.23407204098007,36.74769282731417,246.98176486829425
43.78125,42.63125,203.5806038316305,35.03749632404652,238.618100155677
43.78125,42.64375,180.20619926737197,33.05548059671174,213.2616798640837
43.78125,42.65625,183.39295218183528,32.23666563183475,215.62961781367002
43.78125,42.66875,200.43062971682136,33.241750513936864,233.67238023075822
43.78125,42.68125,200.73328432632255,35.264589620129804,235.99787394645236
43.78125,42.69375,199.07011694933942,35.89959300045128,234.9697099497907
43.78125,42.70625,194.2415833857948,34.77687599760088,229.01845938339568
43.78125,42.71875,173.4422527756218,31.20449750072238,204.64675027634416
43.78125,42.73125,183.34221641189197,32.9286946219763,216.27091103386826
43.78125,42.74375,185.4105477377803,33.66103982087843,219.07158755865873
43.78125,42.75625,183.93800873376992,34.39035641574642,218.32836514951634
43.78125,42.76875,173.606840616426,32.39886605547456,206.00570667190058
43.78125,42.78125,174.76563938363253,31.781615489286786,206.54725487291932
43.78125,42.79375,173.9813085913471,33.474187279296906,207.455495870644
43.78125,42.80625,159.17952020093452,31.485406561738657,190.6649267626732
43.78125,42.81875,167.0700790379373,33.65056995559257,200.72064899352986
43.78125,42.83125,154.99369979122682,30.73256713179377,185.72626692302057
43.78125,42.84375,162.1357013066701,32.293047067962284,194.42874837463236
43.78125,42.85625,154.08195883756397,31.538591124894147,185.6205499624581
43.78125,42.86875,152.30055182647018,31.2640688908713,183.56462071734148
43.78125,42.88125,146.97186626918628,31.230732894992148,178.20259916417842
43.78125,42.89375,140.40335299799486,30.57998065490833,170.98333365290318
43.78125,42.90625,137.35608045319407,30.15847480087596,167.51455525407002
43.78125,42.91875,136.61642085272015,30.59420972656483,167.21063057928498
43.78125,42.93125,125.94051507537027,29.799304497353432,155.73981957272372
43.78125,42.94375,119.52869198972449,30.013931183178904,149.5426231729034
43.78125,42.95625,111.5906907857768,32.32571545986518,143.91640624564198
43.78125,42.96875,108.59626108840347,31.562821275037994,140.15908236344146
43.78125,42.98125,111.77038961975371,30.092090194651192,141.8624798144049
43.78125,42.99375,115.78782534168016,20.649519780103283,136.43734512178344
43.76875,42.00625,132.78071459922785,26.65152865809841,159.43224325732626
43.76875,42.01875,127.1848922688388,26.369003830860223,153.55389609969902
43.76875,42.03125,130.76327911128786,28.03011572068732,158.79339483197518
43.76875,42.04375,133.61464508477258,26.04054472324945,159.65518980802202
43.76875,42.05625,141.97363674719082,23.27531119295365,165.2489479401445
43.76875,42.06875,150.88644628079726,24.99172403396731,175.87817031476456
43.76875,42.08125,166.83432105770197,25.816148295366478,192.65046935306844
43.76875,42.09375,169.66348481775196,28.95371365182714,198.6171984695791
43.76875,42.10625,160.14181776953222,29.579530374910973,189.7213481444432
43.76875,42.11875,161.4470262301613,29.233760148230523,190.68078637839182
43.76875,42.13125,163.52830894060824,29.19656413238908,192.72487307299733
43.76875,42.14375,165.01908154486753,31.9459816903047,196.96506323517224
43.76875,42.15625,174.65077753313398,32.427770878567905,207.0785484117019
43.76875,42.16875,183.8024923626233,31.5591587508817,215.361651113505
43.76875,42.18125,186.66697889885026,30.036687121323386,216.70366602017364
43.76875,42.19375,198.737465710811,28.96919708496296,227.70666279577395
43.76875,42.20625,206.38403732865686,30.747950643785984,237.13198797244286
43.76875,42.21875,221.77382936245576,31.94284864687827,253.71667800933403
43.76875,42.23125,229.1601072464027,34.04134590704686,263.20145315344956
43.76875,42.24375,219.86124949857205,31.486432295680416,251.34768179425248
43.76875,42.25625,213.34965718997617,34.05049381925656,247.40015100923273
43.76875,42.26875,205.93913188044363,31.196406324310402,237.13553820475403
43.76875,42.28125,209.67748401696272,32.93129959997343,242.60878361693614
43.76875,42.29375,208.92920652491597,34.71793163019488,243.64713815511084
43.76875,42.30625,201.37476019813417,32.46339577117073,233.8381559693049
43.76875,42.31875,215.7891727598824,29.27625306363186,245.06542582351426
43.76875,42.33125,251.47868505989285,33.95182570594127,285.43051076583413
43.76875,42.34375,242.1023922321451,34.34300188981455,276.4453941219596
43.76875,42.35625,247.00844636743716,35.44133086332093,282.44977723075806
43.76875,42.36875,248.88224242380403,34.91312718660556,283.7953696104096
43.76875,42.38125,235.06416106945278,31.50609189345866,266.57025296291147
43.76875,42.39375,199.12347779794507,26.72464097409222,225.84811877203728
43.76875,42.40625,187.57888581679728,28.300791642925805,215.8796774597231
43.76875,42.41875,173.18226019525744,30.341684928685115,203.52394512394255
43.76875,42.43125,195.5620430105705,29.53021309313429,225.09225610370478
43.76875,42.44375,200.3892342537131,28.89212328132679,229.2813575350399
43.76875,42.45625,226.8692440627402,30.765162183591883,257.6344062463321
43.76875,42.46875,244.00754353282093,37.806259120912486,281.81380265373343
43.76875,42.48125,242.5776268807246,40.52515994056102,283.10278682128563
43.76875,42.49375,237.36457552926223,39.08625012090787,276.4508256501701
43.76875,42.50625,225.8014835201787,36.8697959786242,262.6712794988029
43.76875,42.51875,221.29680442036812,35.8547976458781,257.1516020662462
43.76875,42.53125,221.35440336212488,35.83257756582029,257.18698092794517
43.76875,42.54375,226.05263403679075,35.99145821655414,262.0440922533449
43.76875,42.55625,234.0914284715803,37.65925853797485,271.7506870095551
43.76875,42.56875,234.86200795811953,38.745161229744845,273.6071691878644
43.76875,42.58125,231.36592711808072,37.41115444006256,268.77708155814327
43.76875,42.59375,228.04998593877932,38.12286733986788,266.1728532786472
43.76875,42.60625,223.26772498331582,36.24372291459293,259.51144789790874
43.76875,42.61875,215.70458058923649,34.60652562277075,250.31110621200725
43.76875,42.63125,192.96095076097293,31.991234761206783,224.95218552217972
43.76875,42.64375,184.38420333308602,30.62889454827841,215.01309788136444
43.76875,42.65625,199.08812623591743,31.521355240580807,230.60948147649825
43.76875,42.66875,212.04672290846358,35.857609251610654,247.90433216007423
43.76875,42.68125,212.87191832802714,38.962176038283204,251.83409436631035
43.76875,42.69375,200.98630431039163,33.94374125150174,234.93004556189337
43.76875,42.70625,200.26343811504884,32.68229316041228,232.94573127546113
43.76875,42.71875,197.60179942684707,33.64729564602142,231.2490950728685
43.76875,42.73125,198.27972456355099,33.59209249033239,231.87181705388338
43.76875,42.74375,198.24278668061248,36.668587159919994,234.91137384053246
43.76875,42.75625,189.35946448855051,33.8125718368516,223.17203632540213
43.76875,42.76875,188.65819708373118,34.377287139605905,223.03548422333708
43.76875,42.78125,182.40266573673222,34.5794274711283,216.98209320786052
43.76875,42.79375,169.43309828624197,32.14878216572198,201.58188045196397
43.76875,42.80625,174.61892758329643,34.68416638547559,209.30309396877203
43.76875,42.81875,174.75235000656707,35.0852185032835,209.83756850985057
43.76875,42.83125,173.87325344568453,35.06799130773812,208.94124475342264
43.76875,42.84375,166.42348871833545,34.6468494342101,201.07033815254556
43.76875,42.85625,162.64018598609738,34.994193144381995,197.63437913047937
43.76875,42.86875,167.45579789246062,34.880865608301455,202.33666350076209
43.76875,42.88125,157.5774615064327,33.04689000868017,190.6243515151129
43.76875,42.89375,153.5063122629602,33.799305675787636,187.30561793874784
43.76875,42.90625,150.47022897124384,32.301210817512114,182.77143978875597
43.76875,42.91875,147.1928699021042,31.97870329426598,179.1715731963702
43.76875,42.93125,136.35223832666375,29.94701062891228,166.29924895557605
43.76875,42.94375,129.05457666486927,29.113024413114207,158.16760107798348
43.76875,42.95625,119.84655349653126,29.970127892550302,149.81668138908157
43.76875,42.96875,115.26290865025368,29.94920445300983,145.2121131032635
43.76875,42.98125,110.26101046511455,30.91207180994048,141.17308227505504
43.76875,42.99375,108.33261891969879,20.009653120467814,128.3422720401666
43.75625,42.00625,163.6480993460427,26.151708426401722,189.7998077724444
43.75625,42.01875,154.45584155397097,24.37422378816439,178.83006534213536
43.75625,42.03125,142.2582042388931,26.1554164076774,168.41362064657048
43.75625,42.04375,150.29539969753796,24.16092368056655,174.4563233781045
43.75625,42.05625,151.22842795826426,25.271685042182302,176.50011300044656
43.75625,42.06875,148.96870701405723,28.13657940164009,177.10528641569732
43.75625,42.08125,149.18182688219417,28.707248331710897,177.88907521390507
43.75625,42.09375,154.10294892337723,29.599210774864897,183.70215969824213
43.75625,42.10625,159.86231911271108,31.99297725834838,191.85529637105947
43.75625,42.11875,162.23183874905743,30.65808597598103,192.88992472503847
43.75625,42.13125,163.12693366278484,27.79144645584593,190.91838011863075
43.75625,42.14375,174.14281681896023,30.045139592001465,204.1879564109617
43.75625,42.15625,173.27599612419928,29.336632239115897,202.61262836331517
43.75625,42.16875,195.2381391017637,31.768510563639126,227.00664966540282
43.75625,42.18125,188.95922199513632,32.74981732284401,221.70903931798034
43.75625,42.19375,208.16009353496807,32.98192858635934,241.14202212132741
43.75625,42.20625,224.72821634895536,37.00519335595697,261.73340970491233
43.75625,42.21875,223.8842420815027,37.0927435824841,260.9769856639868
43.75625,42.23125,231.13901515186635,37.61636868970771,268.75538384157403
43.75625,42.24375,224.52568592056969,35.68928698172377,260.2149729022934
43.75625,42.25625,219.05080267777555,35.24474391417218,254.29554659194773
43.75625,42.26875,231.65809711873248,35.51142342754045,267.1695205462729
43.75625,42.28125,216.48641458388826,32.798372293146684,249.28478687703495
43.75625,42.29375,209.1370197948435,32.81744243428088,241.95446222912437
43.75625,42.30625,217.55738156857666,32.81466499411302,250.3720465626897
43.75625,42.31875,231.21275011427028,31.19735841607099,262.4101085303413
43.75625,42.33125,240.08898506239618,29.409780034486037,269.4987650968822
43.75625,42.34375,260.9712555401734,36.142362830254356,297.11361837042773
43.75625,42.35625,252.4548365571316,34.46727385082239,286.922110407954
43.75625,42.36875,225.72058144259378,28.279605992351577,254.00018743494536
43.75625,42.38125,206.7323832123068,28.59779003922647,235.33017325153327
43.75625,42.39375,194.80849999650962,28.645575672893905,223.45407566940352
43.75625,42.40625,194.6513505878852,29.4376204794223,224.08897106730748
43.75625,42.41875,193.93802695943148,30.315428083986596,224.25345504341809
43.75625,42.43125,210.50007429663714,31.958525382165284,242.45859967880241
43.75625,42.44375,223.29818094051126,30.071708408532203,253.36988934904346
43.75625,42.45625,247.43760585487738,34.315378982836584,281.75298483771394
43.75625,42.46875,246.76076008322602,36.41754473174483,283.17830481497083
43.75625,42.48125,238.13035367667177,38.82734859479235,276.95770227146414
43.75625,42.49375,235.4691147429245,37.62203277283193,273.0911475157564
43.75625,42.50625,250.09689833124466,39.16864665405659,289.26554498530123
43.75625,42.51875,244.3329657166177,38.07562312139159,282.4085888380093
43.75625,42.53125,237.944139829103,37.4175811179828,275.3617209470858
43.75625,42.54375,232.95920364738993,36.67246802073123,269.63167166812116
43.75625,42.55625,224.22880438741817,36.53167877175029,260.7604831591685
43.75625,42.56875,211.24261864521162,34.13882209704326,245.38144074225488
43.75625,42.58125,221.5702463486788,34.16914225300165,255.73938860168045
43.75625,42.59375,222.27995942752239,33.84324643953132,256.1232058670537
43.75625,42.60625,207.3331743200712,33.74339749864137,241.07657181871258
43.75625,42.61875,197.48225529652308,32.185513263060656,229.66776855958375
43.75625,42.63125,191.51992300129402,30.671505710262267,222.19142871155628
43.75625,42.64375,201.77142078556727,32.04243699290412,233.8138577784714
43.75625,42.65625,209.25873338525471,32.03090701801896,241.28964040327367
43.75625,42.66875,218.72075387809625,35.5225511426244,254.24330502072064
43.75625,42.68125,215.93288798465116,36.2375140963391,252.17040208099024
43.75625,42.69375,214.69752145741717,37.01316647756812,251.7106879349853
43.75625,42.70625,213.13370897939467,38.05461325701485,251.18832223640953
43.75625,42.71875,212.00089092874347,36.41507948336654,248.41597041211003
43.75625,42.73125,208.1725783602657,37.56441642555134,245.73699478581705
43.75625,42.74375,201.14637985926706,36.896574867585485,238.04295472685254
43.75625,42.75625,197.34690793398192,37.530677783726745,234.87758571770866
43.75625,42.76875,195.73910863759394,37.79478204940317,233.5338906869971
43.75625,42.78125,190.13384889280053,34.83837447379279,224.9722233665933
43.75625,42.79375,185.36515593738704,36.04201381967958,221.40716975706664
43.75625,42.80625,180.79600400604176,35.318164226567504,216.11416823260925
43.75625,42.81875,179.6155297671711,31.66469255511913,211.28022232229023
43.75625,42.83125,175.24101784919822,33.341378415738234,208.58239626493645
43.75625,42.84375,159.80657471498836,30.858291816451093,190.66486653143946
43.75625,42.85625,165.7906048327563,32.97950491726945,198.77010975002574
43.75625,42.86875,162.12216410737548,33.863950118415936,195.98611422579143
43.75625,42.88125,161.075365911814,32.81874863388112,193.89411454569512
43.75625,42.89375,152.2204561581564,32.52307808165436,184.74353423981074
43.75625,42.90625,138.1379421225592,29.445279299113512,167.5832214216727
43.75625,42.91875,147.51492468171728,31.295125686555984,178.81005036827327
43.75625,42.93125,146.94590079726777,32.16362895335002,179.10952975061778
43.75625,42.94375,133.3966065956931,30.284329070731584,163.6809356664247
43.75625,42.95625,135.94162543305026,31.501403020050333,167.4430284531006
43.75625,42.96875,122.38024745290842,30.237170693982225,152.61741814689066
43.75625,42.98125,126.50919902968205,32.58852850869996,159.097727538382
43.75625,42.99375,123.26996923689028,20.730116623289536,144.0000858601798
43.74375,42.00625,174.7107823311164,25.557769373988812,200.2685517051052
43.74375,42.01875,183.04254913479514,27.940456515260617,210.98300565005576
43.74375,42.03125,160.11589684344182,24.533382781620016,184.64927962506184
43.74375,42.04375,178.8132331262499,26.30743386405328,205.1206669903032
43.74375,42.05625,169.2985500931185,28.084340492456572,197.38289058557507
43.74375,42.06875,183.3240537630106,30.674579036071833,213.99863279908243
43.74375,42.08125,166.84554608531047,28.220912734339997,195.06645881965048
43.74375,42.09375,168.90518586246856,28.82149590677583,197.72668176924438
43.74375,42.10625,174.69972455697942,28.7189469889177,203.41867154589713
43.74375,42.11875,175.0437441583327,27.696249117772243,202.73999327610494
43.74375,42.13125,191.6805730217604,29.901142157386722,221.58171517914712
43.74375,42.14375,204.78507524193307,33.27752992136103,238.0626051632941
43.74375,42.15625,191.95094521137983,31.199294350320095,223.15023956169992
43.74375,42.16875,191.94478392547464,30.48131619274308,222.42610011821773
43.74375,42.18125,210.88530149200838,32.59094937058225,243.47625086259063
43.74375,42.19375,209.7830690043784,32.853122380900984,242.6361913852794
43.74375,42.20625,216.6801667999175,35.76297522151903,252.44314202143653
43.74375,42.21875,210.39391618825385,33.78597729129855,244.1798934795524
43.74375,42.23125,220.5756304334908,35.23020850519049,255.8058389386813
43.74375,42.24375,226.38759150874643,35.715111151012565,262.10270265975896
43.74375,42.25625,233.7848174910572,37.19650188191309,270.9813193729703
43.74375,42.26875,231.77558893133872,36.79113799575519,268.5667269270939
43.74375,42.28125,237.27455986172924,34.65580725272843,271.9303671144577
43.74375,42.29375,231.31927178417706,34.97107356095404,266.2903453451311
43.74375,42.30625,228.89438653549936,35.633132893143696,264.5275194286431
43.74375,42.31875,238.12693017986217,35.387485760992426,273.5144159408546
43.74375,42.33125,258.0035717028662,35.90847123846469,293.9120429413309
43.74375,42.34375,268.7857930371051,35.743788972945524,304.52958201005066
43.74375,42.35625,266.990768192706,35.098444789236524,302.0892129819425
43.74375,42.36875,245.38225049231798,31.627957421439966,277.01020791375794
43.74375,42.38125,223.32182842107665,30.290389706398265,253.6122181274749
43.74375,42.39375,213.4503226571881,30.86518075164387,244.31550340883197
43.74375,42.40625,180.77449818814418,29.024743681631822,209.799241869776
43.74375,42.41875,205.73094694118598,26.351012027203303,232.08195896838927
43.74375,42.43125,205.81676454946856,26.60551343925526,232.4222779887238
43.74375,42.44375,216.816422019338,28.487914879775435,245.30433689911345
43.74375,42.45625,251.8092582010371,34.30005232750228,286.10931052853937
43.74375,42.46875,253.05873188624642,39.694102998708274,292.7528348849547
43.74375,42.48125,250.26220895759496,39.73789600155165,290.0001049591466
43.74375,42.49375,247.89800622399198,38.47976217415841,286.3777683981504
43.74375,42.50625,250.22761054047518,37.5212912168487,287.7489017573239
43.74375,42.51875,245.7510013270082,37.77115470180085,283.52215602880904
43.74375,42.53125,234.42169907391667,36.07419941186782,270.4958984857845
43.74375,42.54375,229.33658337901093,33.42408048587066,262.7606638648816
43.74375,42.55625,227.7522237370511,33.636743685710535,261.38896742276165
43.74375,42.56875,224.15306953698112,33.30520371670772,257.45827325368884
43.74375,42.58125,214.98539064074134,32.67845463725517,247.66384527799653
43.74375,42.59375,212.3802426818594,31.157829817306805,243.5380724991662
43.74375,42.60625,212.4142637712948,33.69808395502778,246.11234772632258
43.74375,42.61875,205.88819027099373,31.294414150633994,237.18260442162773
43.74375,42.63125,216.1148786205913,31.115138240710124,247.2300168613014
43.74375,42.64375,221.25130429099355,34.23349014418365,255.4847944351772
43.74375,42.65625,229.34406998232302,37.36071262833145,266.7047826106545
43.74375,42.66875,229.06559257596535,37.99188444804176,267.0574770240071
43.74375,42.68125,225.22086966692328,37.90068073718216,263.12155040410545
43.74375,42.69375,221.1740387495497,37.093250990984174,258.2672897405339
43.74375,42.70625,219.04556167268663,36.239565625674814,255.28512729836143
43.74375,42.71875,213.3729355483112,35.643850084040324,249.0167856323515
43.74375,42.73125,210.99299028893898,34.29727988133509,245.29027017027408
43.74375,42.74375,200.35393334406345,33.635889979068224,233.98982332313167
43.74375,42.75625,198.06823067931776,32.478503120149206,230.54673379946698
43.74375,42.76875,198.34442947094,32.830010679761834,231.17444015070186
43.74375,42.78125,185.54589623967522,30.64876129247171,216.19465753214692
43.74375,42.79375,182.82600183095587,30.106241704456515,212.9322435354124
43.74375,42.80625,192.55288875602434,34.952509335291445,227.50539809131578
43.74375,42.81875,175.9258624191214,29.20884377024076,205.13470618936213
43.74375,42.83125,155.09333462733395,27.09288525209388,182.18621987942782
43.74375,42.84375,151.45309084142704,26.913730709592894,178.36682155101994
43.74375,42.85625,158.46772039308883,28.741852862643917,187.20957325573275
43.74375,42.86875,166.95700899720939,33.884511546608124,200.84152054381752
43.74375,42.88125,154.49070049199497,29.30435123006303,183.795051722058
43.74375,42.89375,140.22611062285048,27.690756567622397,167.91686719047289
43.74375,42.90625,150.46112589381912,32.369943097467996,182.8310689912871
43.74375,42.91875,128.39213540633267,26.86615168389589,155.25828709022855
43.74375,42.93125,141.00292596291672,29.76096229981897,170.7638882627357
43.74375,42.94375,134.31528134646285,28.66122834162194,162.9765096880848
43.74375,42.95625,122.29129474622422,28.67839865238685,150.96969339861107
43.74375,42.96875,112.54343819314323,28.52619527077036,141.0696334639136
43.74375,42.98125,116.07157838165612,31.269285107661958,147.34086348931808
43.74375,42.99375,112.38271369851739,18.437398967720174,130.82011266623758
43.73125,42.00625,194.51929613091832,33.03314546941868,227.552441600337
43.73125,42.01875,196.83587023715728,30.198200081752592,227.03407031890987
43.73125,42.03125,200.04920418287278,30.77031396709934,230.8195181499721
43.73125,42.04375,189.29213847668308,27.696105423643928,216.988243900327
43.73125,42.05625,190.3245138471458,29.245577980651298,219.57009182779709
43.73125,42.06875,194.98963707517555,31.988401583517913,226.97803865869346
43.73125,42.08125,186.81632232657438,30.480761616827117,217.2970839434015
43.73125,42.09375,178.66301150285125,31.9854606185566,210.64847212140785
43.73125,42.10625,180.592238252357,30.686479066714877,211.27871731907186
43.73125,42.11875,191.4028263666467,32.406738920385386,223.8095652870321
43.73125,42.13125,192.39858902619537,30.97242258761855,223.37101161381392
43.73125,42.14375,188.56575753938046,32.75171257055691,221.31747010993737
43.73125,42.15625,210.80928043018596,35.97984473237759,246.78912516256355
43.73125,42.16875,186.65846304843325,31.824286966173673,218.48275001460692
43.73125,42.18125,206.36777493118996,33.40081669948169,239.76859163067164
43.73125,42.19375,215.74265042539545,36.09827325622772,251.84092368162317
43.73125,42.20625,201.309204252019,32.230701286775705,233.5399055387947
43.73125,42.21875,202.70794823676903,32.616322333477726,235.32427057024677
43.73125,42.23125,205.90157499708542,31.85603394151058,237.757608938596
43.73125,42.24375,213.64611429007076,33.32308746761146,246.9692017576822
43.73125,42.25625,229.31918427802614,35.11711319960826,264.4362974776344
43.73125,42.26875,240.47175076635875,37.258336753544654,277.7300875199034
43.73125,42.28125,244.3047038096602,37.40764935026746,281.71235315992766
43.73125,42.29375,244.75227039832853,38.9812391198794,283.73350951820794
43.73125,42.30625,242.77054482287213,39.027341257826826,281.79788608069896
43.73125,42.31875,247.87692340893415,38.255213074039034,286.1321364829732
43.73125,42.33125,233.54621865112227,31.250636444229006,264.7968550953513
43.73125,42.34375,230.2592523689719,29.747211457293965,260.0064638262659
43.73125,42.35625,221.86151977956095,28.64522741035138,250.50674718991235
43.73125,42.36875,226.6819064703045,28.157427581088434,254.83933405139294
43.73125,42.38125,204.3040774617724,28.51441228529131,232.81848974706372
43.73125,42.39375,191.26043509818973,30.35106259781916,221.61149769600888
43.73125,42.40625,202.76772052703066,31.83509492664982,234.60281545368048
43.73125,42.41875,209.33758705273124,26.65027805862974,235.98786511136097
43.73125,42.43125,247.78216294956343,30.645228709051423,278.42739165861485
43.73125,42.44375,254.5079097395416,31.302306742072265,285.81021648161385
43.73125,42.45625,262.6343157108954,33.00663026648297,295.64094597737835
43.73125,42.46875,262.6198886154621,41.0731707463634,303.69305936182553
43.73125,42.48125,262.3134513666339,41.598478948010694,303.91193031464456
43.73125,42.49375,259.54360955291725,35.466482091140804,295.01009164405804
43.73125,42.50625,262.33944512805533,36.358032370641496,298.6974774986968
43.73125,42.51875,252.34411803385782,36.15186738045922,288.49598541431703
43.73125,42.53125,255.36921975580225,35.07881261859002,290.44803237439226
43.73125,42.54375,243.76090749455406,34.987038657497294,278.7479461520513
43.73125,42.55625,233.0701241023582,31.09020174495756,264.16032584731573
43.73125,42.56875,230.15524469172593,31.983845825531006,262.13909051725693
43.73125,42.58125,240.9107543371596,33.71782569589919,274.62858003305877
43.73125,42.59375,223.65587854253812,30.56963999452863,254.22551853706676
43.73125,42.60625,214.16809087368918,30.627644530669812,244.795735404359
43.73125,42.61875,218.66862506415112,30.040756523905003,248.70938158805612
43.73125,42.63125,226.80323221040993,31.56587317080746,258.36910538121737
43.73125,42.64375,201.88036780322338,28.927417187372033,230.80778499059542
43.73125,42.65625,216.52879366134866,31.262451886976997,247.79124554832566
43.73125,42.66875,223.66259995977734,32.65468451846521,256.3172844782425
43.73125,42.68125,209.94201175731703,32.41425691156828,242.35626866888532
43.73125,42.69375,226.0874567844296,32.90051086779904,258.98796765222863
43.73125,42.70625,202.98668147824907,31.1379398494406,234.12462132768968
43.73125,42.71875,200.33131402129658,28.85457014603245,229.18588416732902
43.73125,42.73125,200.07190616333412,30.20655606444894,230.27846222778305
43.73125,42.74375,180.8179023165056,28.977810111288907,209.7957124277945
43.73125,42.75625,197.34915114218902,31.565785839867402,228.91493698205642
43.73125,42.76875,184.73787611052788,30.12785855223002,214.8657346627579
43.73125,42.78125,160.04316663888918,25.016710468411496,185.05987710730068
43.73125,42.79375,168.68418997524722,27.605040806377414,196.28923078162464
43.73125,42.80625,172.2394198676649,26.611498820079465,198.85091868774438
43.73125,42.81875,171.32647296917517,24.773029847522174,196.09950281669734
43.73125,42.83125,170.3045155665404,24.11430383129974,194.41881939784014
43.73125,42.84375,150.92653151256448,26.774405793530484,177.70093730609497
43.73125,42.85625,141.9487936238446,26.489688256035144,168.43848187987976
43.73125,42.86875,149.7861831568186,27.616233089340263,177.40241624615885
43.73125,42.88125,158.7836692887124,29.0636520588644,187.84732134757678
43.73125,42.89375,128.70119846413286,26.189465837510923,154.89066430164377
43.73125,42.90625,128.69169913815313,28.632152653462075,157.3238517916152
43.73125,42.91875,121.30797240076339,27.27088803324122,148.5788604340046
43.73125,42.93125,113.55543158616555,28.062012743624578,141.61744432979015
43.73125,42.94375,107.18665511533464,27.79524062355121,134.98189573888584
43.73125,42.95625,104.81654975354805,28.72126226354124,133.5378120170893
43.73125,42.96875,104.22669007676113,30.150838363382174,134.3775284401433
43.73125,42.98125,101.40259862518613,30.01533035989822,131.41792898508436
43.73125,42.99375,104.05363246568606,18.295653204005696,122.34928566969177
43.71875,42.00625,185.09255930711524,29.974006267647027,215.06656557476225
43.71875,42.01875,192.56216448070748,30.483471141372604,223.04563562208008
43.71875,42.03125,194.62413856577876,31.093158559372156,225.71729712515094
43.71875,42.04375,188.50373382051745,29.275574227741963,217.77930804825942
43.71875,42.05625,195.78291408961402,30.250963293960602,226.03387738357463
43.71875,42.06875,196.99981093485533,31.89121447945613,228.89102541431146
43.71875,42.08125,187.55008133931562,29.192462475003637,216.74254381431928
43.71875,42.09375,167.18675021288158,31.11367852132094,198.3004287342025
43.71875,42.10625,168.95986512629736,32.22796470841108,201.18782983470845
43.71875,42.11875,179.87214965094213,31.372987846554604,211.24513749749673
43.71875,42.13125,179.21389315876658,29.574910118388253,208.78880327715484
43.71875,42.14375,190.28005741043592,29.681057100934655,219.96111451137057
43.71875,42.15625,201.02136590038774,32.08336551151504,233.10473141190278
43.71875,42.16875,194.31380414978,31.723260881436975,226.03706503121697
43.71875,42.18125,196.13455142062088,32.05524142127884,228.18979284189973
43.71875,42.19375,210.12694366046537,33.01393511326008,243.14087877372546
43.71875,42.20625,203.8289813442217,32.014913022276815,235.8438943664985
43.71875,42.21875,187.72704370169012,32.13438301826026,219.86142671995037
43.71875,42.23125,200.6840494536262,33.3114189797456,233.9954684333718
43.71875,42.24375,217.33343667854967,35.64461648208497,252.97805316063466
43.71875,42.25625,211.96499875904328,32.81736509208545,244.78236385112874
43.71875,42.26875,229.34737211844038,33.725470220063926,263.0728423385043
43.71875,42.28125,219.49224887058554,33.3999910244348,252.89223989502034
43.71875,42.29375,222.82093161978787,35.15566089509416,257.97659251488204
43.71875,42.30625,236.6814777126929,36.79127567303257,273.47275338572547
43.71875,42.31875,236.59099477827874,38.405043279520335,274.99603805779907
43.71875,42.33125,225.8603101806936,35.886078802297014,261.7463889829906
43.71875,42.34375,234.027978675569,35.35521417358454,269.38319284915355
43.71875,42.35625,234.87965454840608,35.6737905863824,270.5534451347885
43.71875,42.36875,227.09458318872035,34.45924202655213,261.55382521527247
43.71875,42.38125,217.51708185637978,35.55383679535692,253.0709186517367
43.71875,42.39375,194.68776139918333,32.62832958034905,227.3160909795324
43.71875,42.40625,218.2421448680634,29.287722735833135,247.52986760389655
43.71875,42.41875,226.047050188105,27.759908469204973,253.80695865730996
43.71875,42.43125,254.43380265286578,29.919852022479063,284.35365467534484
43.71875,42.44375,274.6833372613359,38.785017562081194,313.4683548234171
43.71875,42.45625,275.3832713785423,36.215958686859075,311.5992300654014
43.71875,42.46875,269.4231842691302,36.97908321212644,306.4022674812567
43.71875,42.48125,262.05315399598686,35.84765805181367,297.9008120478005
43.71875,42.49375,261.10230291981907,35.67402852213796,296.77633144195704
43.71875,42.50625,221.64632178160926,29.220215126569297,250.86653690817855
43.71875,42.51875,220.6573493233065,28.821020220715802,249.4783695440223
43.71875,42.53125,229.21203432407611,30.268640831566408,259.48067515564253
43.71875,42.54375,215.71360965816356,28.985128430101117,244.6987380882647
43.71875,42.55625,210.65774059249935,30.133150649432523,240.7908912419319
43.71875,42.56875,204.031139136298,28.96305734134323,232.99419647764125
43.71875,42.58125,201.03275423606985,28.879369285381344,229.91212352145118
43.71875,42.59375,197.97098031658064,26.338399027069762,224.3093793436504
43.71875,42.60625,178.83856897236038,28.41022200612955,207.24879097848992
43.71875,42.61875,180.78585930576628,25.767891201600385,206.55375050736666
43.71875,42.63125,189.3528493810847,24.367105532167297,213.719954913252
43.71875,42.64375,184.99072212205542,27.455654634461442,212.44637675651686
43.71875,42.65625,210.35788784993025,26.669117233866196,237.02700508379644
43.71875,42.66875,219.10116548630012,31.15362788626526,250.2547933725654
43.71875,42.68125,186.9026718840292,28.01993109096992,214.9226029749991
43.71875,42.69375,203.84450005187398,28.602384237735293,232.44688428960927
43.71875,42.70625,221.84633555646514,34.323780424656924,256.1701159811221
43.71875,42.71875,200.4290244469416,28.089679508861416,228.51870395580303
43.71875,42.73125,180.4449449821593,27.260344308578127,207.70528929073743
43.71875,42.74375,162.04511757987888,25.74096984302679,187.78608742290567
43.71875,42.75625,181.00631866526533,26.327072411729638,207.33339107699496
43.71875,42.76875,199.48011128772904,26.47050188278566,225.9506131705147
43.71875,42.78125,178.18618182143183,24.37835826297939,202.56454008441122
43.71875,42.79375,145.64220271269755,25.96380179962845,171.606004512326
43.71875,42.80625,148.11502750397787,27.53634955548766,175.65137705946552
43.71875,42.81875,140.68530226395214,24.775783303694546,165.46108556764668
43.71875,42.83125,131.76647374204887,24.75233508162433,156.5188088236732
43.71875,42.84375,121.3891450733454,24.86879415437703,146.25793922772243
43.71875,42.85625,136.80028891527263,26.07823537869333,162.87852429396597
43.71875,42.86875,119.52449757151838,24.8804644494237,144.4049620209421
43.71875,42.88125,115.61083210628999,24.795178058411874,140.40601016470185
43.71875,42.89375,120.5976774654091,23.993110407175696,144.5907878725848
43.71875,42.90625,119.98884029131732,23.555843727676194,143.5446840189935
43.71875,42.91875,121.26676408579686,24.308349033567513,145.57511311936437
43.71875,42.93125,124.73897387902042,25.18014072440429,149.9191146034247
43.71875,42.94375,135.25811246338935,28.164737511062157,163.4228499744515
43.71875,42.95625,126.39641590296729,27.68108267064752,154.0774985736148
43.71875,42.96875,127.04345553624312,29.823782734705496,156.8672382709486
43.71875,42.98125,114.14359985116536,29.834161944831195,143.97776179599657
43.71875,42.99375,116.90736681407097,19.112177338215428,136.0195441522864
43.70625,42.00625,190.9144891433742,29.615328563107084,220.52981770648128
43.70625,42.01875,203.0826959285283,33.49916271127848,236.58185863980677
43.70625,42.03125,175.19026331153395,27.770240063649236,202.96050337518318
43.70625,42.04375,168.45605871325637,28.28899422553344,196.7450529387898
43.70625,42.05625,164.56125580494847,27.61553666635218,192.17679247130064
43.70625,42.06875,181.5283830681625,30.257053744059263,211.78543681222175
43.70625,42.08125,170.72742332765858,29.46662127166422,200.1940445993228
43.70625,42.09375,158.4851245322385,31.393115807970933,189.87824034020943
43.70625,42.10625,164.62577978754737,34.98188214101269,199.60766192856005
43.70625,42.11875,173.24814860178122,33.430152322076275,206.6783009238575
43.70625,42.13125,174.693504594308,29.359957592279176,204.05346218658718
43.70625,42.14375,166.6799922337617,28.203168286819047,194.88316052058076
43.70625,42.15625,181.87662469247604,29.206712481987303,211.08333717446334
43.70625,42.16875,202.4657317808621,31.40126185256691,233.866993633429
43.70625,42.18125,205.3386071219248,31.411132701455728,236.74973982338054
43.70625,42.19375,190.86123694164104,31.18451075612612,222.04574769776715
43.70625,42.20625,186.95172234969652,31.157339249885293,218.10906159958182
43.70625,42.21875,196.03196439284383,32.89191067408071,228.92387506692455
43.70625,42.23125,207.93951347437016,34.38094572506333,242.3204591994335
43.70625,42.24375,193.93902425981966,32.61674267501284,226.5557669348325
43.70625,42.25625,195.66300649716177,31.40342705917707,227.06643355633884
43.70625,42.26875,209.7770474949326,32.517130562149404,242.29417805708198
43.70625,42.28125,221.82826217315153,33.03557595677164,254.86383812992318
43.70625,42.29375,236.1920871468582,35.70288359805742,271.8949707449156
43.70625,42.30625,227.72932889286744,34.84895747724236,262.5782863701098
43.70625,42.31875,246.01054438746314,38.34110016097898,284.3516445484421
43.70625,42.33125,238.74450670226582,39.55842730511802,278.30293400738384
43.70625,42.34375,239.06504465694306,37.932384489128225,276.9974291460713
43.70625,42.35625,232.40351640446173,33.87417493761244,266.27769134207415
43.70625,42.36875,228.0448867531361,31.704263944361053,259.74915069749716
43.70625,42.38125,202.5312847790855,29.604357149138576,232.13564192822406
43.70625,42.39375,208.35990061549654,32.93179761680212,241.29169823229867
43.70625,42.40625,217.71269610279626,31.1729910630701,248.88568716586636
43.70625,42.41875,234.56414561068746,29.277083711240778,263.84122932192827
43.70625,42.43125,259.1143153720356,31.82219505991013,290.93651043194575
43.70625,42.44375,284.8100672786558,38.07725523440591,322.88732251306175
43.70625,42.45625,255.5498442787309,34.27264905327379,289.8224933320047
43.70625,42.46875,233.12728262909553,32.7177328467799,265.8450154758754
43.70625,42.48125,226.70655024720634,30.798412624929814,257.50496287213616
43.70625,42.49375,220.62938526790003,30.86319202125829,251.49257728915833
43.70625,42.50625,210.0706761379575,28.6603983960451,238.7310745340026
43.70625,42.51875,198.71481149754266,33.559620670509744,232.27443216805239
43.70625,42.53125,202.25216350322285,32.390381804459274,234.64254530768213
43.70625,42.54375,195.16465251767133,30.708234313149596,225.87288683082093
43.70625,42.55625,201.9307726731228,33.331358978819466,235.26213165194224
43.70625,42.56875,194.33721261710173,32.54674624855176,226.88395886565348
43.70625,42.58125,190.50322557519414,29.355768866629777,219.8589944418239
43.70625,42.59375,190.27498319453508,29.822904516625446,220.09788771116052
43.70625,42.60625,201.50605645578003,30.895674860774747,232.4017313165548
43.70625,42.61875,197.25799306415175,30.646905811653706,227.90489887580546
43.70625,42.63125,190.73432248254892,30.423654543814415,221.15797702636334
43.70625,42.64375,162.79211307888923,26.36544674046456,189.1575598193538
43.70625,42.65625,174.2445959635221,25.124548197490576,199.36914416101268
43.70625,42.66875,177.98037065010956,25.25531974845827,203.23569039856784
43.70625,42.68125,182.5296298943559,25.035901024574887,207.5655309189308
43.70625,42.69375,191.99178178731216,24.615675917094002,216.60745770440616
43.70625,42.70625,225.29196224928418,31.025282079700446,256.31724432898466
43.70625,42.71875,192.5829316770092,23.558651855184827,216.14158353219403
43.70625,42.73125,187.93096729207966,24.764300020061267,212.6952673121409
43.70625,42.74375,163.2073933595827,26.018190379689536,189.22558373927225
43.70625,42.75625,147.02344821734698,22.37450602515571,169.3979542425027
43.70625,42.76875,153.46580760074764,23.13564715966694,176.60145476041458
43.70625,42.78125,133.80470289398988,21.432087141627765,155.23679003561764
43.70625,42.79375,144.99652183988687,21.70245605859134,166.6989778984782
43.70625,42.80625,153.04776681671535,22.94747176936516,175.99523858608052
43.70625,42.81875,154.59415547998339,24.528280973806105,179.12243645378948
43.70625,42.83125,169.89429342276566,26.52628110875491,196.42057453152057
43.70625,42.84375,139.1057247872586,25.29969576935894,164.40542055661754
43.70625,42.85625,149.23956166641807,25.414908847649635,174.6544705140677
43.70625,42.86875,151.49004392009513,24.706679706041932,176.19672362613707
43.70625,42.88125,149.37530576204517,25.256403035115717,174.63170879716088
43.70625,42.89375,141.69747602115567,26.688036281499073,168.38551230265475
43.70625,42.90625,144.99192098394576,27.87543719747514,172.8673581814209
43.70625,42.91875,155.29049924885126,28.04822066209823,183.3387199109495
43.70625,42.93125,127.72732632133923,26.156445362380587,153.88377168371983
43.70625,42.94375,151.66321746386012,30.023514209837433,181.68673167369755
43.70625,42.95625,137.57217155492862,28.507311831345195,166.0794833862738
43.70625,42.96875,131.82422685609666,30.788246225664494,162.61247308176115
43.70625,42.98125,121.06556218414931,29.307552727100443,150.37311491124976
43.70625,42.99375,128.64441701367343,20.02190999738901,148.66632701106244
43.69375,42.00625,186.0564257090994,28.131401650627573,214.18782735972695
43.69375,42.01875,175.89278370002077,25.95585210278121,201.848635802802
43.69375,42.03125,168.85563114806146,26.04769712702466,194.90332827508612
43.69375,42.04375,165.86514521287842,28.81973041680997,194.68487562968838
43.69375,42.05625,157.16497646133914,28.318936720745715,185.48391318208485
43.69375,42.06875,171.58268736385642,31.252248116129966,202.8349354799864
43.69375,42.08125,157.0645611412675,30.658990891009587,187.72355203227707
43.69375,42.09375,154.57588854049598,31.969842682484277,186.54573122298027
43.69375,42.10625,157.09018063836828,31.58447635781613,188.6746569961844
43.69375,42.11875,161.97455993936856,31.325860057823025,193.3004199971916
43.69375,42.13125,162.14363007054405,28.41721923013418,190.56084930067823
43.69375,42.14375,170.219989845321,28.75083150959885,198.97082135491985
43.69375,42.15625,189.03088556268676,29.05270784457906,218.08359340726582
43.69375,42.16875,202.89392764131523,30.894552769957453,233.78848041127267
43.69375,42.18125,177.08361184833782,28.47360128818613,205.55721313652396
43.69375,42.19375,182.01617825404955,28.84075993285463,210.8569381869042
43.69375,42.20625,203.53213693070583,32.93151703812258,236.4636539688284
43.69375,42.21875,211.83076250128957,35.10184903138369,246.93261153267326
43.69375,42.23125,198.94967002349037,32.977462250837746,231.92713227432813
43.69375,42.24375,191.34113078978504,32.151293352151676,223.4924241419367
43.69375,42.25625,213.75534403315993,34.537812476500456,248.29315650966038
43.69375,42.26875,210.53067206267133,31.084999253396774,241.6156713160681
43.69375,42.28125,204.7425341026594,30.90465570203192,235.64718980469132
43.69375,42.29375,212.3841075213602,32.41397367164187,244.79808119300208
43.69375,42.30625,223.70818309953833,34.18463722825605,257.89282032779437
43.69375,42.31875,229.34068418786794,36.29306536020474,265.6337495480727
43.69375,42.33125,247.28027897550157,39.476791842455725,286.7570708179573
43.69375,42.34375,232.15251286979262,37.11277356027875,269.26528643007134
43.69375,42.35625,217.43135222682756,31.79703788678608,249.22839011361364
43.69375,42.36875,243.76674518215663,32.09683183448518,275.8635770166418
43.69375,42.38125,219.14876232316684,31.7659752278963,250.91473755106313
43.69375,42.39375,222.2955906840962,34.82993584223269,257.1255265263289
43.69375,42.40625,212.72914780646687,34.547123547538305,247.2762713540052
43.69375,42.41875,217.34739724620047,31.119083011815093,248.46648025801557
43.69375,42.43125,235.3800037696892,28.497343587481758,263.87734735717095
43.69375,42.44375,257.7306250194753,32.57766609248546,290.3082911119608
43.69375,42.45625,272.28191285752285,33.73205815764388,306.0139710151667
43.69375,42.46875,252.80511100845914,30.570876371431595,283.3759873798907
43.69375,42.48125,239.7290631404595,36.112010829471025,275.8410739699305
43.69375,42.49375,231.80972259045603,37.32849984839411,269.13822243885016
43.69375,42.50625,211.20103002681986,34.89060897436633,246.0916390011862
43.69375,42.51875,220.44427614170868,36.540966502253674,256.98524264396235
43.69375,42.53125,211.42285618407826,34.14358105451224,245.56643723859048
43.69375,42.54375,203.60465568302425,32.88147223749628,236.48612792052052
43.69375,42.55625,218.3743200923035,35.18573940630159,253.56005949860509
43.69375,42.56875,201.05707544104575,31.894380873172327,232.9514563142181
43.69375,42.58125,218.29947747416156,34.30993422340916,252.60941169757072
43.69375,42.59375,228.4114607442765,35.59985492441193,264.01131566868844
43.69375,42.60625,213.61218870910838,33.52413644874927,247.13632515785764
43.69375,42.61875,203.9312196801988,30.903932887218133,234.83515256741694
43.69375,42.63125,198.16950353170424,31.549931621877256,229.7194351535815
43.69375,42.64375,178.83722840890312,29.24350972091384,208.08073812981695
43.69375,42.65625,167.633594547096,27.522426442371668,195.15602098946766
43.69375,42.66875,179.1557401096762,27.511905599864683,206.6676457095409
43.69375,42.68125,152.3663101991921,26.284009343602833,178.65031954279493
43.69375,42.69375,160.05749752297234,21.02714050289829,181.08463802587062
43.69375,42.70625,182.95027348413157,24.584146991402186,207.53442047553375
43.69375,42.71875,186.64717517826514,23.903005801696295,210.55018097996145
43.69375,42.73125,146.10469746307,24.15294996266902,170.25764742573904
43.69375,42.74375,167.42640601520645,27.629005426111952,195.0554114413184
43.69375,42.75625,144.23199502520546,26.449003482058238,170.6809985072637
43.69375,42.76875,168.66290128774102,22.850188293564194,191.51308958130522
43.69375,42.78125,169.18704762693054,22.06662867611059,191.25367630304112
43.69375,42.79375,196.70506112046806,24.888298281801585,221.59335940226964
43.69375,42.80625,195.68868556311782,26.882210640177767,222.57089620329558
43.69375,42.81875,191.54049348273998,30.31321198266459,221.85370546540457
43.69375,42.83125,160.29807206684166,25.05473950932344,185.3528115761651
43.69375,42.84375,154.194304982994,24.94758742557113,179.14189240856513
43.69375,42.85625,173.1568505939415,27.647546012096,200.8043966060375
43.69375,42.86875,171.59241226972216,29.108818027050262,200.70123029677242
43.69375,42.88125,149.50891071946353,25.249195630156184,174.7581063496197
43.69375,42.89375,151.69215410957298,25.56560963826403,177.257763747837
43.69375,42.90625,161.49466801332088,27.215570607803453,188.71023862112432
43.69375,42.91875,152.9212578862666,25.61028290103375,178.53154078730034
43.69375,42.93125,159.48706008179175,29.646700610400917,189.13376069219268
43.69375,42.94375,153.444819354919,31.702665233139353,185.14748458805835
43.69375,42.95625,139.2497774305311,29.423982385440844,168.67375981597195
43.69375,42.96875,137.3261823111921,29.728439130063183,167.05462144125528
43.69375,42.98125,132.43111864038815,30.095248169259115,162.52636680964727
43.69375,42.99375,134.7205572608369,22.504763202209546,157.22532046304644
43.68125,42.00625,159.88077266904492,26.384234098151055,186.26500676719598
43.68125,42.01875,149.6210112386638,25.02666546007298,174.6476766987368
43.68125,42.03125,140.61896357251297,26.310062694874503,166.92902626738748
43.68125,42.04375,160.7631060502853,29.457268196258926,190.22037424654422
43.68125,42.05625,178.59619459282837,33.13513565359115,211.73133024641953
43.68125,42.06875,168.7554901585863,28.05206784023534,196.80755799882164
43.68125,42.08125,156.05207856738852,28.93907619495907,184.9911547623476
43.68125,42.09375,159.03838348344436,33.29763620339965,192.336019686844
43.68125,42.10625,160.18412841702798,32.929231287171376,193.11335970419935
43.68125,42.11875,153.16456690377606,28.24852593508031,181.41309283885636
43.68125,42.13125,175.82767292018957,30.107818383465176,205.93549130365474
43.68125,42.14375,190.64066124078508,30.46799933407313,221.10866057485822
43.68125,42.15625,187.7734290895252,27.664157599157924,215.43758668868313
43.68125,42.16875,188.17794839049884,29.129243776483783,217.30719216698262
43.68125,42.18125,164.5341074487334,28.699923263059645,193.23403071179305
43.68125,42.19375,173.81775558797932,27.96288407860052,201.78063966657984
43.68125,42.20625,182.82278340738083,29.990980494689477,212.8137639020703
43.68125,42.21875,177.18262028176648,29.102836732483983,206.28545701425045
43.68125,42.23125,192.18819579893884,30.777216938290678,222.9654127372295
43.68125,42.24375,186.95817429968912,30.247215775030984,217.2053900747201
43.68125,42.25625,195.67148276686183,29.891717069588367,225.5631998364502
43.68125,42.26875,207.3427793823595,32.00231061289986,239.34508999525937
43.68125,42.28125,232.7682978773398,36.62137040784991,269.3896682851897
43.68125,42.29375,230.96390651521776,34.67642394340037,265.6403304586181
43.68125,42.30625,241.87596355743239,36.339369257096244,278.2153328145286
43.68125,42.31875,247.5708386812675,39.63813544496065,287.20897412622816
43.68125,42.33125,246.34419301870844,39.011290641083335,285.3554836597918
43.68125,42.34375,238.2629496373244,36.41151850505621,274.6744681423806
43.68125,42.35625,237.62972627644805,36.28294045398322,273.9126667304313
43.68125,42.36875,250.41788352219686,37.36360536606184,287.7814888882587
43.68125,42.38125,240.45493978806456,37.054657720603075,277.50959750866764
43.68125,42.39375,225.02811297776765,34.179571812450426,259.2076847902181
43.68125,42.40625,224.43912595127185,36.12370540722057,260.5628313584924
43.68125,42.41875,230.10773884305854,36.09060121039615,266.1983400534547
43.68125,42.43125,240.41674202051726,36.67062391078702,277.0873659313043
43.68125,42.44375,256.2459660562069,32.05871382260809,288.30467987881497
43.68125,42.45625,266.43149436064084,33.90901419726429,300.34050855790514
43.68125,42.46875,244.0487801251614,30.970950223682035,275.01973034884344
43.68125,42.48125,230.82902596714402,34.282386841801355,265.1114128089454
43.68125,42.49375,216.30465541574637,35.28394956893986,251.58860498468624
43.68125,42.50625,230.5519864481278,38.0503234588461,268.6023099069739
43.68125,42.51875,222.60258425995434,35.78821436248896,258.3907986224433
43.68125,42.53125,226.19201269214662,36.39428248245582,262.58629517460247
43.68125,42.54375,229.56899757930745,36.05914963983844,265.6281472191459
43.68125,42.55625,230.57466576679957,37.23996981375386,267.81463558055344
43.68125,42.56875,213.3877416918031,33.32444755655147,246.71218924835455
43.68125,42.58125,222.1216104133833,33.72699725922173,255.84860767260506
43.68125,42.59375,231.06747416404244,34.47999938610166,265.5474735501441
43.68125,42.60625,221.21996917219053,30.988122998100323,252.20809217029085
43.68125,42.61875,194.58748668126043,27.32821577612833,221.91570245738876
43.68125,42.63125,188.85384224446645,27.14884164787093,216.0026838923374
43.68125,42.64375,196.11885506359258,28.288324405606154,224.40717946919872
43.68125,42.65625,196.22367338163457,27.0663244444504,223.28999782608497
43.68125,42.66875,206.03885222383605,25.865055247751584,231.90390747158762
43.68125,42.68125,201.62247624221612,30.002229799460274,231.6247060416764
43.68125,42.69375,188.04193401126864,28.753080484056728,216.79501449532538
43.68125,42.70625,150.72401756086106,24.87418290368958,175.59820046455064
43.68125,42.71875,173.07835953325466,25.29299104118309,198.37135057443774
43.68125,42.73125,155.33244908134867,24.40387026495913,179.7363193463078
43.68125,42.74375,177.56259715565398,21.2127323198819,198.77532947553587
43.68125,42.75625,182.13743749405225,24.02848955081411,206.16592704486635
43.68125,42.76875,175.1179755543317,23.632493434183807,198.7504689885155
43.68125,42.78125,211.75339455866762,29.265242915745887,241.0186374744135
43.68125,42.79375,203.2420223579951,29.682877836618182,232.9249001946133
43.68125,42.80625,187.81740269337655,27.378313642876403,215.19571633625296
43.68125,42.81875,167.71124897458367,25.74667877317778,193.45792774776146
43.68125,42.83125,180.57160467214865,28.265090245514514,208.83669491766318
43.68125,42.84375,186.24907228843944,29.301057183646947,215.55012947208638
43.68125,42.85625,184.2591771363687,28.27456128796723,212.53373842433592
43.68125,42.86875,178.3054493379376,26.0158104938364,204.321259831774
43.68125,42.88125,165.48501890728733,28.50692486344514,193.99194377073246
43.68125,42.89375,159.57537518441512,26.718346636841787,186.2937218212569
43.68125,42.90625,179.8680873641261,31.622515844046298,211.4906032081724
43.68125,42.91875,166.47099568554938,29.653987308352626,196.124982993902
43.68125,42.93125,147.28617207543863,29.242464223574135,176.52863629901276
43.68125,42.94375,136.80459826696688,29.47567856046671,166.2802768274336
43.68125,42.95625,146.5769274793598,29.713375602865597,176.2903030822254
43.68125,42.96875,150.24328021881018,30.26936729335806,180.51264751216826
43.68125,42.98125,146.0880585506212,30.099292501720736,176.18735105234194
43.68125,42.99375,141.15234694039208,23.709574014013043,164.86192095440512
43.66875,42.00625,144.8745362254008,26.618013749202536,171.49254997460332
43.66875,42.01875,149.90270050158009,28.31856409523851,178.2212645968186
43.66875,42.03125,144.24317238329948,26.205838318324542,170.44901070162402
43.66875,42.04375,160.7294290768068,25.573136826126905,186.3025659029337
43.66875,42.05625,168.23371812824755,28.03825135947521,196.27196948772274
43.66875,42.06875,148.8734994525345,26.09687995235149,174.970379404886
43.66875,42.08125,154.41655078128247,26.286388761710747,180.70293954299322
43.66875,42.09375,161.95632214483905,30.16399237980606,192.1203145246451
43.66875,42.10625,146.015713417799,29.28221327788839,175.29792669568738
43.66875,42.11875,157.65745431153664,28.30178932505954,185.95924363659617
43.66875,42.13125,177.86898434573968,30.309318153072176,208.17830249881186
43.66875,42.14375,178.02509414045514,27.296957133331,205.32205127378614
43.66875,42.15625,163.3471059890164,25.94401385410236,189.29111984311876
43.66875,42.16875,158.36998548491545,28.525623896984214,186.89560938189965
43.66875,42.18125,176.80267688044717,29.89194117989129,206.69461806033846
43.66875,42.19375,190.4110896283277,26.126041626305337,216.53713125463304
43.66875,42.20625,199.46000639190677,27.34311096526916,226.80311735717595
43.66875,42.21875,204.09102631184007,28.955235405264474,233.04626171710453
43.66875,42.23125,217.28289725569758,31.91250352112109,249.19540077681867
43.66875,42.24375,213.1538765341893,33.18553124258366,246.33940777677296
43.66875,42.25625,225.79382484319808,34.542655126475566,260.33647996967363
43.66875,42.26875,215.87410936424277,32.683235760382175,248.55734512462493
43.66875,42.28125,209.42848335128105,33.930012780600386,243.35849613188142
43.66875,42.29375,226.62045310857425,34.20557616729789,260.82602927587214
43.66875,42.30625,242.1687198046556,36.83627515276714,279.00499495742275
43.66875,42.31875,223.47696380995532,34.90843195682275,258.38539576677806
43.66875,42.33125,239.3330136521721,38.23883087716454,277.57184452933666
43.66875,42.34375,246.33846435015255,37.005287427930156,283.3437517780827
43.66875,42.35625,253.0964490607254,37.80834112593266,290.90479018665803
43.66875,42.36875,249.26155236155364,36.52301494789067,285.7845673094443
43.66875,42.38125,231.11236567490033,33.88292126086608,264.9952869357664
43.66875,42.39375,216.5756940163878,32.972694304741275,249.5483883211291
43.66875,42.40625,237.07487244306253,36.077626073842445,273.152498516905
43.66875,42.41875,232.05811670663707,35.30246092834093,267.360577634978
43.66875,42.43125,227.7490741782258,35.15668622986574,262.90576040809157
43.66875,42.44375,242.98862261474088,34.70120285822371,277.68982547296457
43.66875,42.45625,253.8516635949337,37.34168687600636,291.19335047094006
43.66875,42.46875,246.58595632403637,36.04540960868398,282.63136593272037
43.66875,42.48125,234.09454770207537,34.11373384342913,268.2082815455045
43.66875,42.49375,235.84070841884136,35.857573578294904,271.6982819971363
43.66875,42.50625,221.27508492396086,34.02792282352142,255.3030077474823
43.66875,42.51875,234.48984914362327,36.94156155082417,271.43141069444744
43.66875,42.53125,232.15386262568893,36.9670122214314,269.1208748471203
43.66875,42.54375,232.57877383291506,36.54486066772382,269.1236345006389
43.66875,42.55625,229.2019099564202,36.08128012215803,265.28319007857823
43.66875,42.56875,226.93125407905637,36.68884775180569,263.62010183086204
43.66875,42.58125,212.04762501888231,33.61832681592529,245.6659518348076
43.66875,42.59375,238.55949988972083,34.80702091111382,273.3665208008346
43.66875,42.60625,223.00475654223786,30.092418859021578,253.09717540125945
43.66875,42.61875,190.28373857063914,26.66143925228293,216.94517782292206
43.66875,42.63125,216.95830246529206,30.071855541106714,247.03015800639878
43.66875,42.64375,223.50426046019308,33.31014815666966,256.81440861686275
43.66875,42.65625,221.37428464743638,31.109609225073303,252.4838938725097
43.66875,42.66875,209.5403421309256,28.562673051596654,238.10301518252226
43.66875,42.68125,185.84469518669917,28.491750966583677,214.33644615328285
43.66875,42.69375,158.7643952873284,23.534509879501616,182.29890516683002
43.66875,42.70625,189.40360249122227,29.016863547893465,218.42046603911575
43.66875,42.71875,199.04444028196357,28.866960383550847,227.9114006655144
43.66875,42.73125,168.00479821309932,26.61068303026833,194.61548124336764
43.66875,42.74375,200.19667418435918,24.905584534681164,225.10225871904035
43.66875,42.75625,222.83087344208136,29.915111634064896,252.74598507614624
43.66875,42.76875,218.54621520122637,26.940939328171247,245.48715452939763
43.66875,42.78125,220.6870792450259,31.08386050653358,251.77093975155947
43.66875,42.79375,198.02340815247686,27.553709474427443,225.5771176269043
43.66875,42.80625,199.48276346068474,29.251751640695225,228.73451510137997
43.66875,42.81875,200.1860755377801,30.916438805349294,231.1025143431294
43.66875,42.83125,171.9564521541817,26.69058654513663,198.64703869931833
43.66875,42.84375,201.85129447528672,32.85597987869594,234.70727435398265
43.66875,42.85625,203.30675069618903,34.697680252553695,238.0044309487427
43.66875,42.86875,186.6199683266162,30.9745206813449,217.5944890079611
43.66875,42.88125,171.1177694838802,29.58934189336912,200.70711137724933
43.66875,42.89375,179.89830101708958,29.03749230735358,208.93579332444315
43.66875,42.90625,170.95030570121145,29.24085071126447,200.19115641247592
43.66875,42.91875,158.9730091758538,27.97685351661866,186.94986269247246
43.66875,42.93125,155.25233366232496,26.841800541368546,182.0941342036935
43.66875,42.94375,141.71622249911906,29.526621799821093,171.24284429894016
43.66875,42.95625,151.48552604358926,29.041049110228556,180.52657515381782
43.66875,42.96875,157.9642701806144,30.468914088821993,188.4331842694364
43.66875,42.98125,164.35920108750045,31.507419447632266,195.8666205351327
43.66875,42.99375,153.53746126646675,23.16807589240966,176.7055371588764
43.65625,42.00625,131.68036823059143,22.84803933435169,154.5284075649431
43.65625,42.01875,118.5250472112227,24.28636169209979,142.8114089033225
43.65625,42.03125,120.88607164966868,24.511013322002828,145.39708497167152
43.65625,42.04375,124.69583764800171,23.83904905256259,148.5348867005643
43.65625,42.05625,131.76621764476812,24.998550204775853,156.76476784954397
43.65625,42.06875,130.6902444851263,24.891573185652476,155.58181767077878
43.65625,42.08125,169.7722797701264,27.83593310143372,197.6082128715601
43.65625,42.09375,150.37337797440804,24.526250437542437,174.8996284119505
43.65625,42.10625,155.51335152373977,26.574500446708438,182.0878519704482
43.65625,42.11875,175.31391787617764,30.8768053818525,206.19072325803015
43.65625,42.13125,165.75917650211971,29.827612053062296,195.586788555182
43.65625,42.14375,156.33447803500647,28.660879316436585,184.99535735144306
43.65625,42.15625,169.6761238646835,29.77908873197579,199.4552125966593
43.65625,42.16875,181.65790571333602,30.45723654255739,212.1151422558934
43.65625,42.18125,193.10943462733013,26.457196799228008,219.56663142655813
43.65625,42.19375,202.3464090741728,29.26835600030445,231.61476507447725
43.65625,42.20625,205.55505855441413,29.373085988821234,234.92814454323536
43.65625,42.21875,221.95195720920591,33.47252436842166,255.42448157762757
43.65625,42.23125,201.2736428550483,30.1905936950184,231.46423655006672
43.65625,42.24375,194.0176486355061,30.34751671358895,224.36516534909507
43.65625,42.25625,202.09993109326518,31.376761811710843,233.47669290497603
43.65625,42.26875,205.518221009016,32.04089320115981,237.5591142101758
43.65625,42.28125,206.92213673831588,32.241474356870775,239.16361109518667
43.65625,42.29375,211.93527895528587,31.167940762603067,243.10321971788892
43.65625,42.30625,219.98440621966787,33.2503204846162,253.23472670428407
43.65625,42.31875,229.3511786116778,36.0892887032426,265.4404673149204
43.65625,42.33125,231.96829121792487,36.74671196229318,268.71500318021805
43.65625,42.34375,247.21572115134256,36.67057940721091,283.88630055855344
43.65625,42.35625,244.51511462909332,36.225579019444844,280.7406936485382
43.65625,42.36875,255.20006575289278,37.72908760187454,292.9291533547673
43.65625,42.38125,243.44562662005342,35.82350879550923,279.26913541556263
43.65625,42.39375,250.12785500365317,37.94527808747253,288.07313309112567
43.65625,42.40625,236.66474858076447,34.52643145318372,271.19118003394817
43.65625,42.41875,237.64231710899315,36.13952211842033,273.78183922741346
43.65625,42.43125,244.1038856971514,37.3018851340184,281.40577083116983
43.65625,42.44375,251.56028563088043,38.358127980364586,289.918413611245
43.65625,42.45625,254.28075467646303,38.73699251610289,293.01774719256593
43.65625,42.46875,255.09323607057857,38.22216500868866,293.31540107926725
43.65625,42.48125,254.52905244179786,39.08265374877756,293.61170619057543
43.65625,42.49375,238.97852136842857,36.86542040908473,275.8439417775133
43.65625,42.50625,238.16821214770275,37.25470404258307,275.42291619028583
43.65625,42.51875,244.91856166678332,37.72447962931132,282.6430412960946
43.65625,42.53125,229.88384756587925,37.219201630915435,267.1030491967947
43.65625,42.54375,236.99347626784484,39.2154631194039,276.20893938724873
43.65625,42.55625,234.68562832352748,36.862695529428954,271.54832385295646
43.65625,42.56875,227.33958101975654,35.442067164012236,262.78164818376877
43.65625,42.58125,225.03426806339382,34.3270659315001,259.3613339948939
43.65625,42.59375,206.5730794921543,30.982710883350496,237.5557903755048
43.65625,42.60625,210.74925204827517,29.765945427703304,240.51519747597848
43.65625,42.61875,217.619865553784,30.780688271973276,248.40055382575727
43.65625,42.63125,230.7328937309853,32.5983922192936,263.3312859502789
43.65625,42.64375,217.1472232270658,31.324262726550394,248.4714859536162
43.65625,42.65625,185.4543978123579,24.288897614024485,209.7432954263824
43.65625,42.66875,171.73565802719227,22.737360894940398,194.47301892213267
43.65625,42.68125,177.27843377279316,24.430487603772125,201.70892137656529
43.65625,42.69375,181.8260191477143,23.468445403386088,205.2944645511004
43.65625,42.70625,204.1750083838114,27.024009201893794,231.19901758570518
43.65625,42.71875,189.01784504339338,27.05276547956216,216.07061052295555
43.65625,42.73125,190.95677359554514,29.22781283596748,220.18458643151263
43.65625,42.74375,182.51590921428033,24.2672026410665,206.78311185534682
43.65625,42.75625,219.30519702559795,28.64350599395309,247.94870301955103
43.65625,42.76875,240.28112941598124,37.365664891378785,277.64679430736004
43.65625,42.78125,230.50252567492407,32.76269650661204,263.2652221815361
43.65625,42.79375,216.3167459603364,29.41996267253556,245.73670863287197
43.65625,42.80625,222.72793615454927,32.96512667495634,255.6930628295056
43.65625,42.81875,215.09241899586888,31.209415816551235,246.3018348124201
43.65625,42.83125,197.45972615622202,29.890246298595148,227.34997245481716
43.65625,42.84375,201.8278584325264,30.11199181177996,231.93985024430634
43.65625,42.85625,199.4054150975932,33.35970552568949,232.76512062328268
43.65625,42.86875,189.11648146097485,30.735974666690055,219.8524561276649
43.65625,42.88125,185.93890799041435,28.236923329311878,214.17583131972623
43.65625,42.89375,186.50708851429283,27.273023649434297,213.78011216372713
43.65625,42.90625,173.43259235749179,28.85565936241505,202.28825171990684
43.65625,42.91875,186.74129874107592,30.399074670090734,217.14037341116665
43.65625,42.93125,170.5739604606605,26.877868105928798,197.45182856658928
43.65625,42.94375,153.26165997952103,28.854103261954833,182.11576324147586
43.65625,42.95625,163.84349642271079,29.767053997525505,193.61055042023628
43.65625,42.96875,176.0026081997887,33.35937546492532,209.36198366471405
43.65625,42.98125,178.28228986417554,32.75948019260935,211.04177005678488
43.65625,42.99375,170.21126865588153,24.314792884685062,194.5260615405666
43.64375,42.00625,171.834730034873,25.014424122946696,196.8491541578197
43.64375,42.01875,140.71566557004536,23.12950324385259,163.84516881389794
43.64375,42.03125,146.6187883169731,23.201418376414843,169.82020669338795
43.64375,42.04375,159.2357361639365,23.332454692679256,182.56819085661576
43.64375,42.05625,153.34781514970817,22.481429302802862,175.82924445251103
43.64375,42.06875,142.92008230364576,21.812409644662672,164.73249194830842
43.64375,42.08125,124.86193034122748,21.77803931856146,146.63996965978893
43.64375,42.09375,149.96779307585547,25.479106516613932,175.4468995924694
43.64375,42.10625,178.75726486844636,28.2864363713979,207.04370123984427
43.64375,42.11875,157.9281105736823,23.901656311932427,181.82976688561473
43.64375,42.13125,156.47498621975538,21.92877304147631,178.4037592612317
43.64375,42.14375,161.41973382920787,23.385108486390443,184.8048423155983
43.64375,42.15625,185.06841448774188,26.558220215536142,211.62663470327803
43.64375,42.16875,193.79601569207247,31.880120303292273,225.67613599536475
43.64375,42.18125,190.25029436701516,29.25865926515086,219.50895363216603
43.64375,42.19375,197.59004260671924,28.945611238237298,226.53565384495653
43.64375,42.20625,191.27557710619485,28.194059666173807,219.46963677236866
43.64375,42.21875,189.20788779796075,28.472182381227015,217.68007017918777
43.64375,42.23125,183.51767825112026,26.817362311900254,210.33504056302053
43.64375,42.24375,187.24518062549126,31.84893378669161,219.09411441218288
43.64375,42.25625,210.73715613295263,33.89205946537384,244.62921559832648
43.64375,42.26875,218.2830708717854,33.10822912581638,251.39129999760178
43.64375,42.28125,226.2234058798862,34.371582802189735,260.59498868207595
43.64375,42.29375,224.5615649039946,33.448662445667196,258.0102273496618
43.64375,42.30625,226.42340980505696,35.17709167897234,261.6005014840293
43.64375,42.31875,233.29317157253945,36.481059085196776,269.7742306577362
43.64375,42.33125,243.26275611380743,36.2152518469056,279.47800796071306
43.64375,42.34375,237.28360749115694,35.43373498975844,272.71734248091536
43.64375,42.35625,240.3792711300229,36.536185213981035,276.9154563440039
43.64375,42.36875,252.58316302659983,39.25112337919285,291.8342864057927
43.64375,42.38125,239.3598236750785,36.59560599240817,275.95542966748667
43.64375,42.39375,247.7208033025032,38.79326658237857,286.5140698848818
43.64375,42.40625,258.11649962001235,40.44419400262388,298.5606936226362
43.64375,42.41875,250.46096201902913,39.09174540530984,289.55270742433896
43.64375,42.43125,247.65830039848336,38.80928616994342,286.4675865684268
43.64375,42.44375,253.79376702898892,40.22653862921736,294.02030565820627
43.64375,42.45625,259.0054496963061,41.30975611826973,300.3152058145758
43.64375,42.46875,244.0643809721412,38.03282666074635,282.09720763288755
43.64375,42.48125,242.74600029744948,37.72441682514205,280.4704171225915
43.64375,42.49375,254.05959507331843,40.35024238110982,294.40983745442827
43.64375,42.50625,240.76420844596987,37.82257345000329,278.58678189597316
43.64375,42.51875,249.56969275798866,40.1435420532349,289.7132348112236
43.64375,42.53125,242.0104636204942,38.04724757875769,280.0577111992519
43.64375,42.54375,223.2662364651918,37.08731726977128,260.3535537349631
43.64375,42.55625,239.29888274404158,38.02563769955151,277.3245204435931
43.64375,42.56875,241.6223775573596,38.07367761775639,279.696055175116
43.64375,42.58125,218.8977682478516,33.632289110080485,252.53005735793207
43.64375,42.59375,213.65181613843006,31.69023548470524,245.34205162313532
43.64375,42.60625,243.75083271248758,35.04873695739638,278.79956966988397
43.64375,42.61875,239.12714802356174,35.13810991624033,274.2652579398021
43.64375,42.63125,224.8978143745238,30.217103865696593,255.1149182402204
43.64375,42.64375,206.8908208619704,25.717957822013375,232.6087786839838
43.64375,42.65625,180.38926182649524,24.801465890428666,205.1907277169239
43.64375,42.66875,179.9260803056059,27.252846172302235,207.17892647790813
43.64375,42.68125,194.86516419180663,24.24522500904575,219.11038920085238
43.64375,42.69375,204.82146324869387,26.273103757394505,231.09456700608837
43.64375,42.70625,225.99414921329887,32.30037219006613,258.294521403365
43.64375,42.71875,206.96822313087742,29.080849359967544,236.04907249084496
43.64375,42.73125,211.43766196456124,27.511419402962815,238.94908136752406
43.64375,42.74375,208.51529050484154,28.10228647214128,236.61757697698283
43.64375,42.75625,214.86543509838936,27.572608556881328,242.4380436552707
43.64375,42.76875,241.37073896297468,34.607696430680136,275.9784353936548
43.64375,42.78125,238.74838935395582,33.225460785092324,271.9738501390481
43.64375,42.79375,236.28641859937528,33.67694141513046,269.9633600145057
43.64375,42.80625,226.4906320618689,36.77682169928044,263.26745376114934
43.64375,42.81875,222.4968276796467,34.25771146682355,256.7545391464703
43.64375,42.83125,214.3911416343042,33.425515236151995,247.8166568704562
43.64375,42.84375,216.0768361481978,35.590215102790694,251.6670512509885
43.64375,42.85625,207.48715877583507,32.05071144881735,239.5378702246524
43.64375,42.86875,192.9604528308396,27.965015066587483,220.9254678974271
43.64375,42.88125,205.53714939750375,28.339418620614218,233.87656801811798
43.64375,42.89375,199.80028541561876,27.348883534328472,227.14916894994724
43.64375,42.90625,185.73140053023047,26.373690623138213,212.10509115336868
43.64375,42.91875,182.87961828368375,28.461333158310325,211.3409514419941
43.64375,42.93125,164.13201465749012,27.233102989674187,191.3651176471643
43.64375,42.94375,168.86782878413015,29.027717697334804,197.89554648146495
43.64375,42.95625,183.2748094458756,33.5679443397089,216.8427537855845
43.64375,42.96875,179.88332079165465,32.632459682027516,212.51578047368218
43.64375,42.98125,172.17188097758532,35.28289463311626,207.45477561070157
43.64375,42.99375,181.03152583899842,31.84516330567409,212.87668914467253
43.63125,42.00625,179.18026045916093,29.954965150319154,209.13522560948007
43.63125,42.01875,183.16295414018992,27.687339353852828,210.85029349404275
43.63125,42.03125,169.4581480203596,26.38136114406816,195.83950916442777
43.63125,42.04375,159.20160751377446,25.045507552238035,184.2471150660125
43.63125,42.05625,195.39083291201396,29.208327104852984,224.59916001686696
43.63125,42.06875,179.23118022779116,22.489483039183433,201.72066326697458
43.63125,42.08125,176.06155376790568,26.753908129791405,202.81546189769708
43.63125,42.09375,130.84631039768195,23.685083615745782,154.53139401342773
43.63125,42.10625,136.39306107054654,24.210122736334263,160.6031838068808
43.63125,42.11875,165.80629008436026,24.453331942820355,190.25962202718063
43.63125,42.13125,196.4719262365889,27.375816624147376,223.84774286073628
43.63125,42.14375,212.75183354646387,30.347101908488206,243.09893545495208
43.63125,42.15625,195.1803345232214,25.981689277532748,221.16202380075416
43.63125,42.16875,178.48785331496305,26.579606580896048,205.0674598958591
43.63125,42.18125,188.60972604419646,28.747838543180265,217.35756458737671
43.63125,42.19375,179.02774951331523,27.113607527021422,206.14135704033666
43.63125,42.20625,175.30065010704988,30.56719452169467,205.86784462874454
43.63125,42.21875,172.39641875921782,29.923558203256807,202.31997696247464
43.63125,42.23125,191.53437911052916,32.93853625946703,224.4729153699962
43.63125,42.24375,202.6077814894086,33.97724076304013,236.58502225244874
43.63125,42.25625,205.91916151399397,32.19505597283893,238.1142174868329
43.63125,42.26875,212.57380250451214,32.70898305967246,245.28278556418462
43.63125,42.28125,225.7580018432787,34.73083419248905,260.48883603576775
43.63125,42.29375,225.19637531555716,33.51726359386285,258.71363890942
43.63125,42.30625,230.05133366595535,35.73536611178746,265.7866997777428
43.63125,42.31875,237.86082726645293,36.76988162222099,274.6307088886739
43.63125,42.33125,229.67264878611832,35.73010112916003,265.4027499152784
43.63125,42.34375,221.17914078348113,35.736187085225055,256.9153278687062
43.63125,42.35625,231.44365741910624,33.88540594908768,265.32906336819394
43.63125,42.36875,223.42553562826345,34.96197508477516,258.38751071303864
43.63125,42.38125,236.18118488703797,36.698223912564984,272.87940879960297
43.63125,42.39375,247.68776068871597,38.72662857663279,286.41438926534875
43.63125,42.40625,255.1042201346738,41.55667583030315,296.66089596497693
43.63125,42.41875,249.42105508296453,41.368506753694845,290.78956183665935
43.63125,42.43125,250.9032013564375,42.07899805426925,292.98219941070676
43.63125,42.44375,254.1458979816495,42.92844397173007,297.0743419533796
43.63125,42.45625,251.76628396528372,40.168749816012266,291.935033781296
43.63125,42.46875,239.44969555875457,37.43667771536399,276.88637327411857
43.63125,42.48125,234.79029586742564,36.622637148271686,271.4129330156973
43.63125,42.49375,229.00870361717267,36.57795184329516,265.58665546046785
43.63125,42.50625,228.33471216849367,36.07287988882992,264.4075920573236
43.63125,42.51875,237.74443894007518,38.16944988516025,275.9138888252354
43.63125,42.53125,240.34074475753485,37.19906062018845,277.53980537772327
43.63125,42.54375,232.1872807671985,37.64560475026735,269.83288551746585
43.63125,42.55625,222.21889526516955,35.63186962577668,257.8507648909462
43.63125,42.56875,224.19020041732134,33.22582528906139,257.4160257063827
43.63125,42.58125,239.6478582518284,32.61900940932991,272.2668676611583
43.63125,42.59375,244.29203195411102,33.019309704323135,277.3113416584342
43.63125,42.60625,240.4671816554409,33.0902493838886,273.5574310393295
43.63125,42.61875,233.5824784844264,31.02042421714988,264.6029027015763
43.63125,42.63125,225.70862630503945,28.601464092836995,254.31009039787645
43.63125,42.64375,196.48713894680597,27.590861985391573,224.07800093219754
43.63125,42.65625,174.95206522912812,24.800906811839855,199.752972040968
43.63125,42.66875,212.83584727334608,27.178291277751924,240.014138551098
43.63125,42.68125,201.8506317697668,25.17614515603747,227.02677692580428
43.63125,42.69375,210.0104523484986,29.70130598171955,239.71175833021815
43.63125,42.70625,234.8523849735321,32.241976161447475,267.0943611349796
43.63125,42.71875,236.37587510994635,26.41118754619677,262.7870626561431
43.63125,42.73125,229.65495422071555,27.435371879080375,257.0903260997959
43.63125,42.74375,243.12815005060523,26.48774369228894,269.6158937428942
43.63125,42.75625,234.0939763169308,27.222167377789994,261.3161436947208
43.63125,42.76875,256.76111935187464,33.1634707841968,289.92459013607146
43.63125,42.78125,250.14601114590357,37.38235778542629,287.52836893132985
43.63125,42.79375,245.90183846155526,35.13433556434816,281.0361740259034
43.63125,42.80625,241.9890150336215,34.459986960684134,276.44900199430566
43.63125,42.81875,238.39095843886088,33.451277027440206,271.8422354663011
43.63125,42.83125,226.1020490700168,35.479272994655446,261.58132206467224
43.63125,42.84375,222.3617714075964,36.28073334319258,258.642504750789
43.63125,42.85625,221.0842732403269,35.10130488986175,256.1855781301887
43.63125,42.86875,213.82282462228176,31.854072634554008,245.67689725683576
43.63125,42.88125,230.11790634299663,32.04998949361664,262.1678958366133
43.63125,42.89375,228.29992294477194,31.40914549167505,259.709068436447
43.63125,42.90625,210.91690564250206,29.863657429383995,240.78056307188606
43.63125,42.91875,204.3218884666411,27.008397199229726,231.33028566587083
43.63125,42.93125,182.39218206551487,26.791501761520088,209.18368382703497
43.63125,42.94375,188.19904194743688,28.887003716499095,217.08604566393598
43.63125,42.95625,189.1803960469551,31.9487008486492,221.1290968956043
43.63125,42.96875,184.29303991246485,35.54729833750758,219.84033824997243
43.63125,42.98125,182.14442851304662,36.272780036592046,218.41720854963867
43.63125,42.99375,188.2269943954482,32.54415836258202,220.7711527580302
43.61875,42.00625,159.89314152646233,27.30632870197932,187.19947022844164
43.61875,42.01875,182.0917347751753,28.28374778927763,210.37548256445294
43.61875,42.03125,198.1534237391831,28.725283674561368,226.87870741374445
43.61875,42.04375,187.9535632731523,27.416086926822047,215.36965019997433
43.61875,42.05625,184.41572048518822,25.765345678116493,210.1810661633047
43.61875,42.06875,196.5505393922728,26.60895631923775,223.15949571151054
43.61875,42.08125,172.50592311408286,22.644382195041334,195.1503053091242
43.61875,42.09375,144.69998038234812,24.645785387193612,169.34576576954174
43.61875,42.10625,145.04123702212354,23.764885665592203,168.80612268771574
43.61875,42.11875,151.4179499011025,22.39843361859249,173.816383519695
43.61875,42.13125,159.5959317151731,20.536112240048936,180.13204395522203
43.61875,42.14375,175.6484069081904,21.901261406496598,197.54966831468698
43.61875,42.15625,182.38530855004615,23.57596205951218,205.9612706095583
43.61875,42.16875,173.2710934921944,23.333466534409226,196.60456002660362
43.61875,42.18125,161.00692268262574,27.127042322961866,188.1339650055876
43.61875,42.19375,161.12069130266522,29.739401293291134,190.86009259595636
43.61875,42.20625,161.1674777802003,30.17207834169193,191.33955612189223
43.61875,42.21875,175.06938120166424,31.24706398083904,206.3164451825033
43.61875,42.23125,180.9551259624123,31.757027777733892,212.7121537401462
43.61875,42.24375,181.53822319035862,30.193471005406714,211.73169419576533
43.61875,42.25625,188.77698712370665,32.42024773905133,221.19723486275797
43.61875,42.26875,197.25278695944823,31.674498600562295,228.92728556001052
43.61875,42.28125,197.07165019303199,31.081518510975574,228.15316870400756
43.61875,42.29375,208.96243882213446,32.697756800674306,241.66019562280877
43.61875,42.30625,208.7141568041028,32.8205821669378,241.5347389710406
43.61875,42.31875,219.06605539129444,34.30455158680103,253.37060697809548
43.61875,42.33125,214.5417129558422,34.8966943119216,249.4384072677638
43.61875,42.34375,235.12735278109582,37.29279047938579,272.4201432604816
43.61875,42.35625,235.23675232157927,36.56289919640657,271.79965151798586
43.61875,42.36875,246.01297553237936,38.238293293524805,284.25126882590416
43.61875,42.38125,247.89608009379944,38.57587844716365,286.4719585409631
43.61875,42.39375,238.18168313416632,38.058782585849826,276.2404657200161
43.61875,42.40625,246.79905765308456,39.759838976973924,286.5588966300585
43.61875,42.41875,248.94934985914486,42.41540772512518,291.36475758427
43.61875,42.43125,253.1022737666378,43.97313107601343,297.0754048426512
43.61875,42.44375,251.75475422307238,42.048846533373826,293.8036007564462
43.61875,42.45625,257.16021938127363,40.87191781073963,298.03213719201324
43.61875,42.46875,257.8179373960214,40.79472639683427,298.6126637928557
43.61875,42.48125,254.9402746772752,40.082353878290625,295.0226285555658
43.61875,42.49375,254.02406964550548,39.66807717950495,293.6921468250104
43.61875,42.50625,238.41370559686445,37.551352527867294,275.96505812473174
43.61875,42.51875,225.7121283062196,35.20284722360943,260.914975529829
43.61875,42.53125,231.4995105889705,35.57735858550868,267.07686917447916
43.61875,42.54375,229.2223265213305,35.52129151467676,264.74361803600726
43.61875,42.55625,235.58409660659478,35.57933072654717,271.16342733314195
43.61875,42.56875,232.4816946934012,33.19223752897203,265.67393222237325
43.61875,42.58125,250.08533579460445,36.21949721512427,286.3048330097287
43.61875,42.59375,263.323286619514,39.24152098407524,302.56480760358926
43.61875,42.60625,241.7371857300947,31.837212236521058,273.5743979666158
43.61875,42.61875,240.18501969211314,31.313087418467646,271.4981071105808
43.61875,42.63125,207.6112705374514,26.247549207159814,233.8588197446112
43.61875,42.64375,173.44643711385802,26.340006757250762,199.7864438711088
43.61875,42.65625,217.7960336233541,30.818894283296324,248.61492790665042
43.61875,42.66875,229.11616253941753,29.019179457666105,258.13534199708363
43.61875,42.68125,237.62504321216446,33.48329412815441,271.1083373403189
43.61875,42.69375,227.58165128406637,31.9852845990112,259.5669358830776
43.61875,42.70625,224.89260471171852,31.53499858899233,256.42760330071087
43.61875,42.71875,249.32064856621435,31.213695748057873,280.53434431427223
43.61875,42.73125,281.2685778477045,36.17299924413371,317.4415770918382
43.61875,42.74375,275.0624049725565,34.66138474910721,309.7237897216637
43.61875,42.75625,266.60557596870274,35.109187209104036,301.7147631778068
43.61875,42.76875,269.32194936601223,36.73529376747548,306.0572431334877
43.61875,42.78125,270.0785895128283,38.56626423355779,308.64485374638605
43.61875,42.79375,267.96820050828956,38.676781900819556,306.6449824091091
43.61875,42.80625,258.2578274366341,37.79215837961463,296.04998581624875
43.61875,42.81875,249.4672208428747,35.47564637218847,284.9428672150632
43.61875,42.83125,231.15887494419113,33.50994361383677,264.6688185580279
43.61875,42.84375,221.22850018458695,30.911263124818092,252.13976330940505
43.61875,42.85625,217.83164630126635,25.859366338355265,243.69101263962162
43.61875,42.86875,216.98419105809393,25.45759885489796,242.44178991299188
43.61875,42.88125,219.01914520499056,26.496425316018566,245.51557052100912
43.61875,42.89375,219.2701448270109,26.413482854860188,245.6836276818711
43.61875,42.90625,230.60872344650952,31.229129684830745,261.83785313134024
43.61875,42.91875,221.2268442794627,31.484314117916377,252.71115839737908
43.61875,42.93125,215.03385524186982,34.6032485105587,249.63710375242852
43.61875,42.94375,208.79706027860593,34.985409002705325,243.78246928131125
43.61875,42.95625,199.9282622385295,34.77002066609712,234.6982829046266
43.61875,42.96875,192.28387394610678,35.515646591056175,227.79952053716295
43.61875,42.98125,187.2692706319544,37.35629288925749,224.62556352121192
43.61875,42.99375,188.98519302656746,32.61782627319246,221.60301929975992
43.60625,42.00625,185.3998290107906,28.127686766501636,213.52751577729222
43.60625,42.01875,173.17026907830837,25.667698030845322,198.83796710915368
43.60625,42.03125,193.72264314264467,25.5096386844671,219.23228182711176
43.60625,42.04375,215.72326339349152,29.753073034731294,245.47633642822282
43.60625,42.05625,210.9275633818455,28.74513791701206,239.67270129885753
43.60625,42.06875,209.9191998015105,27.278735886307643,237.19793568781813
43.60625,42.08125,166.97216240746155,23.05096124695222,190.02312365441378
43.60625,42.09375,145.41164886440058,22.741357696084876,168.15300656048544
43.60625,42.10625,177.44290685830902,23.28545726106449,200.7283641193735
43.60625,42.11875,143.22486746328954,19.13959748760854,162.36446495089808
43.60625,42.13125,160.65269924691907,23.8905425932743,184.54324184019336
43.60625,42.14375,165.78246044939897,21.013709311271548,186.79616976067052
43.60625,42.15625,177.52087269470798,23.525610597465555,201.04648329217352
43.60625,42.16875,192.7115513293089,24.909655949252027,217.62120727856092
43.60625,42.18125,194.92607561500617,28.56001852603311,223.48609414103927
43.60625,42.19375,180.46759029446463,26.442148121048152,206.90973841551278
43.60625,42.20625,175.6261700226946,26.11433380608549,201.74050382878008
43.60625,42.21875,182.4639840734188,27.35648181606241,209.8204658894812
43.60625,42.23125,193.31741549593093,29.840094390566527,223.15750988649745
43.60625,42.24375,188.9677813957805,29.36932871613639,218.33711011191687
43.60625,42.25625,198.08105283979037,29.9420311122431,228.02308395203346
43.60625,42.26875,202.1931128015676,30.583564340722635,232.77667714229023
43.60625,42.28125,204.8332561049242,31.286438436695683,236.11969454161988
43.60625,42.29375,201.69636151096597,31.08545346391741,232.7818149748834
43.60625,42.30625,213.71671800611927,33.9041615822112,247.62087958833047
43.60625,42.31875,219.03199291864328,33.69828076875578,252.73027368739906
43.60625,42.33125,231.03703154674307,35.26193027427214,266.2989618210152
43.60625,42.34375,230.32833342458545,36.62641673226607,266.9547501568515
43.60625,42.35625,243.32250026557816,38.92438117927112,282.2468814448493
43.60625,42.36875,249.54966648166996,39.406402584695506,288.95606906636544
43.60625,42.38125,230.75662537828248,38.373037731205095,269.1296631094876
43.60625,42.39375,242.34742872085653,39.29111058283837,281.63853930369487
43.60625,42.40625,246.8500295394463,40.983915712818856,287.83394525226515
43.60625,42.41875,246.1181426882997,42.27141471544215,288.38955740374183
43.60625,42.43125,249.86680655922908,42.52350662507412,292.3903131843032
43.60625,42.44375,247.14768858523067,40.454747636232575,287.6024362214632
43.60625,42.45625,257.79136155130465,43.01368684835808,300.8050483996627
43.60625,42.46875,247.9600420654094,39.510091896048934,287.4701339614583
43.60625,42.48125,239.98552681546974,37.56020130341548,277.5457281188852
43.60625,42.49375,231.60950330901798,36.132146400438096,267.74164970945606
43.60625,42.50625,236.0997349672686,36.51404296151892,272.6137779287875
43.60625,42.51875,249.0611517572267,37.72968221936127,286.790833976588
43.60625,42.53125,243.45301147906977,35.96670272814744,279.4197142072172
43.60625,42.54375,241.5064589224317,37.06516395088789,278.5716228733196
43.60625,42.55625,242.98049932610235,37.420415919887645,280.40091524599
43.60625,42.56875,254.80618193808002,36.23438577848232,291.04056771656235
43.60625,42.58125,228.8240549899891,31.011655595302017,259.8357105852911
43.60625,42.59375,253.07602852009182,35.33250359187669,288.4085321119685
43.60625,42.60625,245.51396955297773,30.16144385510276,275.6754134080805
43.60625,42.61875,231.180596961755,29.297675397476652,260.47827235923165
43.60625,42.63125,211.77450393364956,28.286925981277193,240.06142991492675
43.60625,42.64375,177.0761609645193,26.63154939688886,203.70771036140815
43.60625,42.65625,191.43353734143918,25.687134864000456,217.12067220543963
43.60625,42.66875,201.0154836128708,27.656327423611614,228.67181103648244
43.60625,42.68125,224.77370534778808,32.774462423992865,257.5481677717809
43.60625,42.69375,227.63791420610409,32.1053717937068,259.7432859998109
43.60625,42.70625,240.84982505314923,31.57251842809696,272.4223434812462
43.60625,42.71875,259.2689068155673,30.22592544104146,289.49483225660873
43.60625,42.73125,292.1954013549466,36.85430293695306,329.0497042918997
43.60625,42.74375,284.2346708589761,39.55791204667331,323.7925829056494
43.60625,42.75625,273.53965462406234,37.969253012099514,311.50890763616184
43.60625,42.76875,259.48569595193305,35.813137471944174,295.2988334238772
43.60625,42.78125,258.07870667441637,33.027653053644336,291.1063597280607
43.60625,42.79375,260.52123596692445,31.791922772996404,292.3131587399209
43.60625,42.80625,258.15690545075114,33.05059055092706,291.2074960016782
43.60625,42.81875,259.8887815532131,32.83942992453115,292.72821147774425
43.60625,42.83125,253.12821180265803,30.991098064220097,284.1193098668781
43.60625,42.84375,250.36460848578923,36.580963604517535,286.94557209030677
43.60625,42.85625,232.0835421761075,27.88499386491575,259.96853604102324
43.60625,42.86875,199.0926279990405,24.54010793942517,223.63273593846566
43.60625,42.88125,166.579517902228,23.239173137675092,189.8186910399031
43.60625,42.89375,173.35430112415173,23.158241119295724,196.51254224344746
43.60625,42.90625,196.20097273702353,23.750536152266577,219.9515088892901
43.60625,42.91875,192.65586288409713,25.3015897381094,217.95745262220652
43.60625,42.93125,188.45083808559934,26.85750368918392,215.30834177478326
43.60625,42.94375,185.75318913388202,26.74260773208065,212.49579686596266
43.60625,42.95625,192.02873219360967,25.733181364308606,217.76191355791826
43.60625,42.96875,186.64461274961803,26.347019634307955,212.991632383926
43.60625,42.98125,194.5496279780087,31.023175572062087,225.57280355007077
43.60625,42.99375,188.22492447141755,28.464438977937238,216.6893634493548
43.59375,42.00625,181.1497985490218,28.9638466231957,210.1136451722175
43.59375,42.01875,213.58358429920312,33.25839375524094,246.84197805444407
43.59375,42.03125,193.76273087187366,26.843831897502312,220.60656276937596
43.59375,42.04375,216.200006733503,30.70580175065401,246.905808484157
43.59375,42.05625,226.07785818400183,31.073370421580613,257.15122860558245
43.59375,42.06875,181.61782169294125,24.109960045925078,205.72778173886633
43.59375,42.08125,161.38212869152593,21.02992016174798,182.41204885327392
43.59375,42.09375,152.4636812977193,22.834975747537076,175.29865704525636
43.59375,42.10625,191.7468090385737,24.229347191625692,215.9761562301994
43.59375,42.11875,197.8689762261647,23.33382067110118,221.2027968972659
43.59375,42.13125,148.1235065248063,21.14872751915381,169.2722340439601
43.59375,42.14375,142.0405376009096,20.552882058119824,162.59341965902942
43.59375,42.15625,174.3303604438406,22.233660798077047,196.56402124191763
43.59375,42.16875,186.9319330431489,23.367721767333414,210.2996548104823
43.59375,42.18125,201.39481025519964,29.18920269942228,230.58401295462193
43.59375,42.19375,212.40357058597888,30.998088330166716,243.4016589161456
43.59375,42.20625,203.46193407744235,29.362991069167105,232.82492514660944
43.59375,42.21875,213.35513112213667,30.892753466330817,244.24788458846749
43.59375,42.23125,223.54826566992315,33.74342258488848,257.2916882548116
43.59375,42.24375,222.90318862435947,32.175718605644846,255.07890723000432
43.59375,42.25625,217.45643989929258,30.49864124949036,247.95508114878294
43.59375,42.26875,232.44131652039408,34.923616648444494,267.36493316883855
43.59375,42.28125,219.18988188941822,33.10273911533034,252.29262100474855
43.59375,42.29375,215.6563165628517,33.088458810849794,248.74477537370151
43.59375,42.30625,234.30693666479542,35.68729387592563,269.99423054072105
43.59375,42.31875,223.66005621435886,35.84529470312371,259.5053509174826
43.59375,42.33125,231.21658497840292,37.22171611625868,268.4383010946616
43.59375,42.34375,229.83924916623286,36.6698900519997,266.5091392182326
43.59375,42.35625,237.3433441917641,36.61700501497731,273.9603492067414
43.59375,42.36875,238.43761077141286,38.303843382744944,276.7414541541578
43.59375,42.38125,236.1923859265913,38.06404214203391,274.2564280686252
43.59375,42.39375,243.86744182863305,38.5593339181401,282.42677574677316
43.59375,42.40625,237.75518037298338,39.3044597279159,277.0596401008993
43.59375,42.41875,248.53848944001942,41.72969121107746,290.2681806510969
43.59375,42.43125,249.93807329771448,42.14470147593495,292.0827747736494
43.59375,42.44375,252.35570143549,41.78362793826559,294.1393293737556
43.59375,42.45625,250.9123855506476,41.310101613823804,292.22248716447143
43.59375,42.46875,254.59337600567505,40.92069527174692,295.514071277422
43.59375,42.48125,247.17687876440465,38.17657470134334,285.353453465748
43.59375,42.49375,251.69431534414812,39.49287778584248,291.1871931299906
43.59375,42.50625,238.4098039565074,36.41780583478362,274.827609791291
43.59375,42.51875,239.2936489815577,36.20866811995246,275.5023171015102
43.59375,42.53125,233.7228755349803,33.35500674628364,267.07788228126395
43.59375,42.54375,253.43406408058394,36.35270661554701,289.78677069613093
43.59375,42.55625,228.89688635612137,32.94311263518048,261.83999899130185
43.59375,42.56875,242.42754683196424,34.778836886621384,277.20638371858564
43.59375,42.58125,215.5392579376455,31.15317457970492,246.6924325173504
43.59375,42.59375,240.55560397616287,33.024473844921495,273.5800778210844
43.59375,42.60625,215.9540967937739,26.569633831268256,242.52373062504216
43.59375,42.61875,204.60384819317161,28.31107354366356,232.91492173683517
43.59375,42.63125,194.6620232375697,26.987536882159503,221.64956011972922
43.59375,42.64375,215.62622105952084,28.470297577307527,244.09651863682836
43.59375,42.65625,223.6688752479303,28.261271588590404,251.9301468365207
43.59375,42.66875,230.88523970662604,29.907145494013566,260.7923852006396
43.59375,42.68125,229.30968101977743,32.38062580276551,261.69030682254294
43.59375,42.69375,223.99912259949724,32.98658433959488,256.9857069390921
43.59375,42.70625,252.35523868055677,34.57957796938413,286.9348166499409
43.59375,42.71875,278.8506153401288,31.379378379472513,310.22999371960134
43.59375,42.73125,300.76208420753926,36.70908923893075,337.47117344647
43.59375,42.74375,296.02402048052676,40.067431077562034,336.0914515580888
43.59375,42.75625,291.2281638863653,38.09617746291251,329.3243413492778
43.59375,42.76875,282.06778789959156,38.324962349876,320.39275024946755
43.59375,42.78125,278.06885078798416,34.71317578887057,312.7820265768547
43.59375,42.79375,236.0621316970445,27.686871532691768,263.7490032297363
43.59375,42.80625,218.37955159019043,23.691721373151346,242.07127296334178
43.59375,42.81875,204.6451226922012,25.401033336887043,230.04615602908825
43.59375,42.83125,225.1094531567761,23.61424518558531,248.72369834236142
43.59375,42.84375,240.15035856382175,25.910799766313716,266.06115833013547
43.59375,42.85625,216.59895825114347,21.702371819422748,238.30133007056622
43.59375,42.86875,174.1746027901218,22.25654718769051,196.4311499778123
43.59375,42.88125,184.72863821096115,23.004429091509884,207.73306730247103
43.59375,42.89375,187.552450536877,23.33934040198421,210.8917909388612
43.59375,42.90625,176.63624820874426,24.723038603003403,201.35928681174767
43.59375,42.91875,170.99304608168595,25.62083855030175,196.6138846319877
43.59375,42.93125,171.70680064438702,23.994914251624895,195.7017148960119
43.59375,42.94375,160.25443874228193,25.16513105014333,185.41956979242525
43.59375,42.95625,150.00041644211848,23.415654451751045,173.41607089386952
43.59375,42.96875,141.9805126263001,19.688424773907435,161.66893740020754
43.59375,42.98125,156.88371109894916,24.409857121948892,181.29356822089807
43.59375,42.99375,150.27921374831394,22.10423767600785,172.38345142432178
43.58125,42.00625,184.21815748753892,29.010408874582346,213.22856636212126
43.58125,42.01875,205.51539356952978,30.490381162811616,236.0057747323414
43.58125,42.03125,221.04958969141938,34.188679219897146,255.23826891131654
43.58125,42.04375,216.54915276887758,33.19483281990803,249.74398558878562
43.58125,42.05625,226.74882328641397,32.442103250050145,259.19092653646413
43.58125,42.06875,209.58270906863902,27.63287779662933,237.21558686526834
43.58125,42.08125,182.88837247714503,24.93329227708673,207.82166475423176
43.58125,42.09375,156.96007784479897,21.856158555850783,178.81623640064976
43.58125,42.10625,199.9225460655488,23.011860724200304,222.93440678974912
43.58125,42.11875,204.56603801065458,24.840198169002026,229.40623617965662
43.58125,42.13125,160.17044269107322,22.65958429247653,182.83002698354974
43.58125,42.14375,169.40011815241988,28.49675397525963,197.8968721276795
43.58125,42.15625,150.41949653873476,22.564290784503864,172.98378732323863
43.58125,42.16875,175.23678912022777,21.366640523563053,196.60342964379083
43.58125,42.18125,208.89943068863147,26.485161435251694,235.38459212388315
43.58125,42.19375,213.2730341791238,27.84454894585256,241.11758312497636
43.58125,42.20625,222.6841688391119,35.37229790844423,258.0564667475561
43.58125,42.21875,229.220587296584,36.39015219288705,265.61073948947103
43.58125,42.23125,219.44545990028033,34.314200354348856,253.75966025462918
43.58125,42.24375,217.91470488946445,32.7010928064128,250.61579769587723
43.58125,42.25625,220.69464934701162,32.8425929155332,253.53724226254482
43.58125,42.26875,232.4670719597851,36.38991632027123,268.8569882800563
43.58125,42.28125,240.61069530871467,36.580240330274414,277.19093563898906
43.58125,42.29375,239.36887280088405,38.566156472485105,277.93502927336914
43.58125,42.30625,235.3707999282324,37.826978290834376,273.1977782190668
43.58125,42.31875,231.29903220183826,37.431781842193175,268.73081404403143
43.58125,42.33125,214.34777761713957,36.19295363515572,250.5407312522953
43.58125,42.34375,220.82948319298154,37.0717013554366,257.90118454841814
43.58125,42.35625,238.46449663066738,38.53080768439629,276.99530431506366
43.58125,42.36875,223.61730462144092,37.30316463687239,260.9204692583133
43.58125,42.38125,227.7662037931362,37.17743989466474,264.94364368780094
43.58125,42.39375,241.13147003059044,38.57129660381585,279.7027666344063
43.58125,42.40625,254.20740605335024,41.73579092473541,295.94319697808567
43.58125,42.41875,244.2263771558209,39.66672141470082,283.8930985705217
43.58125,42.43125,240.76023897135534,40.547275585317124,281.30751455667246
43.58125,42.44375,243.18020995470374,41.02767263679837,284.2078825915021
43.58125,42.45625,244.61132335268283,40.097007765316704,284.70833111799953
43.58125,42.46875,245.67928447908432,39.49531311638175,285.1745975954661
43.58125,42.48125,238.1572773923578,38.438656431847896,276.5959338242057
43.58125,42.49375,238.20513723271077,36.6356086539933,274.8407458867041
43.58125,42.50625,237.8009830192865,36.49869968468959,274.2996827039761
43.58125,42.51875,221.42713331083092,34.24255772520138,255.6696910360323
43.58125,42.53125,217.01223282725505,32.79639900221088,249.80863182946592
43.58125,42.54375,237.9078926545029,34.55236305736445,272.4602557118673
43.58125,42.55625,218.3143071174173,32.53637023776071,250.850677355178
43.58125,42.56875,216.43178413229666,31.689210871570303,248.12099500386697
43.58125,42.58125,222.4317612079008,33.19229157727503,255.62405278517582
43.58125,42.59375,213.68978910260125,29.297102851566958,242.98689195416821
43.58125,42.60625,206.15098283563034,28.953847890087893,235.10483072571824
43.58125,42.61875,209.30523402155453,28.226792815287418,237.53202683684194
43.58125,42.63125,218.44411068685628,29.547939394938133,247.99205008179442
43.58125,42.64375,218.5505263906128,27.667793024100543,246.21831941471333
43.58125,42.65625,241.46728141708383,32.78526567590767,274.2525470929915
43.58125,42.66875,237.12286014147256,33.064333139759476,270.18719328123206
43.58125,42.68125,245.5248605698638,33.96156189494124,279.48642246480506
43.58125,42.69375,233.55098591762854,33.502090232395915,267.0530761500245
43.58125,42.70625,238.95706130990757,31.052753519843165,270.0098148297507
43.58125,42.71875,254.84975891640318,30.576149330125528,285.4259082465287
43.58125,42.73125,298.13633809727753,33.97096853036862,332.10730662764615
43.58125,42.74375,307.6024904313626,42.62976241809253,350.2322528494551
43.58125,42.75625,293.04777117556176,38.89552361217746,331.9432947877392
43.58125,42.76875,287.54563277236207,37.58834832879306,325.13398110115514
43.58125,42.78125,269.2739597721805,30.98563072957296,300.25959050175345
43.58125,42.79375,287.95728921910666,32.651225578876385,320.60851479798305
43.58125,42.80625,249.2404996584519,23.34784463941887,272.5883442978708
43.58125,42.81875,234.45932026135944,23.169542415537816,257.62886267689726
43.58125,42.83125,202.5152942868932,26.04943781053624,228.56473209742944
43.58125,42.84375,197.02401575129454,23.33293770963146,220.356953460926
43.58125,42.85625,171.83236588211216,21.138284782098705,192.97065066421086
43.58125,42.86875,201.6708117709797,23.58127206660933,225.25208383758903
43.58125,42.88125,239.8839481031707,27.391138161117862,267.2750862642886
43.58125,42.89375,226.44261347071924,29.887249770839297,256.32986324155854
43.58125,42.90625,206.45016887891148,25.555091086007995,232.00525996491947
43.58125,42.91875,216.95367561917718,29.072328329834455,246.02600394901162
43.58125,42.93125,207.79823210092147,28.055217351875395,235.85344945279687
43.58125,42.94375,195.97936683160356,27.34092325770071,223.32029008930425
43.58125,42.95625,202.17740591384924,28.06430274824699,230.24170866209624
43.58125,42.96875,182.13093257540052,24.645741482559934,206.77667405796046
43.58125,42.98125,177.242144447114,24.808706691139875,202.05085113825385
43.58125,42.99375,172.67941449658815,23.805004510176932,196.48441900676508
43.56875,42.00625,222.6269826096332,34.382020088556985,257.00900269819016
43.56875,42.01875,198.44433139717708,29.70074507274586,228.14507646992294
43.56875,42.03125,229.65010945320935,34.04938841923314,263.6994978724425
43.56875,42.04375,234.11930486371276,36.75618980140007,270.8754946651128
43.56875,42.05625,231.372891233531,29.249325838264593,260.6222170717956
43.56875,42.06875,200.56736363609957,25.33664472193304,225.90400835803263
43.56875,42.08125,157.24609674012967,24.545348026405648,181.79144476653534
43.56875,42.09375,176.46735507332704,23.435278494639824,199.90263356796686
43.56875,42.10625,211.2802157162303,25.45563060927868,236.73584632550896
43.56875,42.11875,202.1058855405882,23.563676299750796,225.669561840339
43.56875,42.13125,149.0665436028028,20.657589640287128,169.7241332430899
43.56875,42.14375,156.7186748145849,24.86692711688844,181.58560193147332
43.56875,42.15625,170.20344556352194,25.9755745226199,196.17902008614183
43.56875,42.16875,146.39267073855433,22.917776482721315,169.31044722127564
43.56875,42.18125,183.8298884031305,26.13249624826261,209.9623846513931
43.56875,42.19375,215.25414083538337,27.2687565195383,242.52289735492167
43.56875,42.20625,212.0802322201442,29.037155419868554,241.11738764001277
43.56875,42.21875,228.2598244457116,33.183529502288344,261.4433539479999
43.56875,42.23125,202.5362648937353,29.127491286101396,231.6637561798367
43.56875,42.24375,211.4218634919657,29.649724188914384,241.07158768088007
43.56875,42.25625,229.18999462989822,34.82033112344867,264.0103257533469
43.56875,42.26875,245.929244196467,38.36175654798309,284.2910007444501
43.56875,42.28125,233.21174556379754,38.78538784926615,271.9971334130637
43.56875,42.29375,241.10107123064688,37.22861322955201,278.3296844601989
43.56875,42.30625,228.7758786599455,33.28906456436233,262.06494322430785
43.56875,42.31875,213.85078331158422,33.85031378665204,247.70109709823626
43.56875,42.33125,215.99652369053405,35.01659112590528,251.01311481643933
43.56875,42.34375,236.83723667458736,38.37832753614217,275.21556421072955
43.56875,42.35625,239.03055415187623,38.12463947507196,277.1551936269482
43.56875,42.36875,219.63714935748982,36.14435518826053,255.78150454575035
43.56875,42.38125,238.5118261013702,39.313638336275616,277.8254644376458
43.56875,42.39375,246.66847969575892,39.864856913948444,286.53333660970736
43.56875,42.40625,239.07334954073278,37.81046516567673,276.8838147064095
43.56875,42.41875,246.9991759043488,39.45202617623452,286.4512020805833
43.56875,42.43125,254.37933010219677,39.82951698742071,294.2088470896175
43.56875,42.44375,253.44779517436496,40.41919260405118,293.86698777841616
43.56875,42.45625,248.39780827083717,38.900085072586656,287.2978933434238
43.56875,42.46875,254.5132936736461,39.56794948570997,294.08124315935606
43.56875,42.48125,242.42012604750332,35.87969910101784,278.29982514852117
43.56875,42.49375,231.97255804331292,37.36034263244154,269.33290067575444
43.56875,42.50625,242.9567348497781,36.21831544601865,279.1750502957967
43.56875,42.51875,256.2805606239018,36.43600111289409,292.7165617367959
43.56875,42.53125,240.81306255756593,35.51410462480453,276.32716718237043
43.56875,42.54375,231.74810341258262,35.076991780637435,266.8250951932201
43.56875,42.55625,231.05132718893591,34.011221830377764,265.0625490193137
43.56875,42.56875,228.81878222075613,32.51997359257109,261.3387558133272
43.56875,42.58125,225.19384047282085,30.128661545777867,255.32250201859873
43.56875,42.59375,232.45333938729007,35.06488162685122,267.5182210141413
43.56875,42.60625,192.84623625848036,27.445253628340666,220.291489886821
43.56875,42.61875,226.2668529597079,30.93431441557622,257.2011673752841
43.56875,42.63125,243.23034842430357,34.9404910336018,278.17083945790534
43.56875,42.64375,239.21945334244987,33.73518346757062,272.9546368100205
43.56875,42.65625,255.47776078011714,35.4337453555562,290.91150613567333
43.56875,42.66875,256.5980821691615,38.436256898725524,295.034339067887
43.56875,42.68125,257.8713581661495,37.71134047515096,295.58269864130045
43.56875,42.69375,245.79607239884547,37.622395902196914,283.41846830104237
43.56875,42.70625,246.16197063033866,37.28322587266548,283.4451965030041
43.56875,42.71875,255.55640733778137,31.178695389862746,286.7351027276441
43.56875,42.73125,280.33356170988407,35.40209601403569,315.73565772391976
43.56875,42.74375,308.8445251873312,38.08904842793493,346.93357361526614
43.56875,42.75625,300.4673297134327,36.142252376672374,336.6095820901051
43.56875,42.76875,293.4034220100511,33.890466810381376,327.29388882043247
43.56875,42.78125,289.9031199920644,31.374697890340993,321.2778178824054
43.56875,42.79375,298.5915268182452,34.58849974573213,333.1800265639773
43.56875,42.80625,265.03547077078326,24.489753961274275,289.52522473205755
43.56875,42.81875,230.4041525972609,22.786906090245488,253.19105868750637
43.56875,42.83125,202.99532312626053,25.962729553583543,228.95805267984406
43.56875,42.84375,186.28344155629887,27.903676709919523,214.1871182662184
43.56875,42.85625,190.58320579625425,19.571146748437343,210.1543525446916
43.56875,42.86875,245.31594271383526,23.348229966541368,268.6641726803766
43.56875,42.88125,253.35496088990578,31.176875062052467,284.53183595195827
43.56875,42.89375,241.1057585454026,31.519267819489475,272.6250263648921
43.56875,42.90625,233.25279170173954,32.46270038375048,265.71549208549004
43.56875,42.91875,226.6033253473918,34.040260141463115,260.6435854888549
43.56875,42.93125,218.74280777881955,33.24214311164964,251.98495089046918
43.56875,42.94375,206.95042571127752,31.349619038385786,238.3000447496633
43.56875,42.95625,208.22357415795614,30.062997445254243,238.28657160321038
43.56875,42.96875,196.32077721232903,28.912441127998,225.23321834032703
43.56875,42.98125,207.12402186758007,29.103149885942237,236.2271717535223
43.56875,42.99375,188.60940319557122,27.59463830712831,216.20404150269954
43.55625,42.00625,228.18810950449551,33.372685267687174,261.5607947721827
43.55625,42.01875,223.70338588503685,31.962093436954838,255.66547932199168
43.55625,42.03125,225.31129586123254,31.076815198754616,256.3881110599872
43.55625,42.04375,232.6231199120784,30.687700076067145,263.31081998814557
43.55625,42.05625,208.50570885890937,26.16855662743336,234.67426548634273
43.55625,42.06875,170.8210516509138,22.69096905325221,193.51202070416602
43.55625,42.08125,158.49059401697986,24.426986902702865,182.91758091968273
43.55625,42.09375,190.35895844010264,25.13380174055997,215.4927601806626
43.55625,42.10625,214.79812590718046,27.880778755393074,242.67890466257353
43.55625,42.11875,173.0371362004375,21.58627815534409,194.62341435578156
43.55625,42.13125,139.2234002910397,22.695764580379432,161.91916487141913
43.55625,42.14375,161.24278738821076,24.396793016472902,185.63958040468367
43.55625,42.15625,189.66532761038792,25.60933391402139,215.2746615244093
43.55625,42.16875,167.53450035050594,25.552805050589853,193.0873054010958
43.55625,42.18125,162.72312297883755,22.660286576026593,185.38340955486416
43.55625,42.19375,194.3293860017463,24.667594092611715,218.996980094358
43.55625,42.20625,183.25404779148906,24.01162434523456,207.26567213672362
43.55625,42.21875,196.21216559221963,26.39615647145439,222.60832206367402
43.55625,42.23125,189.85975896866583,26.619505835554513,216.47926480422035
43.55625,42.24375,225.85103628872744,31.864813341881444,257.7158496306089
43.55625,42.25625,238.1658939660547,35.44222338046764,273.60811734652236
43.55625,42.26875,232.9238903289093,37.63387696754454,270.55776729645385
43.55625,42.28125,226.3017122143396,36.055485298609405,262.357197512949
43.55625,42.29375,242.43937585210182,33.510846526671884,275.9502223787737
43.55625,42.30625,218.48126143768417,32.16602540379547,250.64728684147963
43.55625,42.31875,200.84821342907094,32.34835871433001,233.19657214340094
43.55625,42.33125,227.28397678736167,35.749377316211934,263.03335410357363
43.55625,42.34375,222.37327465761592,34.07010138328454,256.4433760409005
43.55625,42.35625,216.24335556017664,33.73076931725021,249.97412487742685
43.55625,42.36875,226.56860630182734,35.527906984988235,262.0965132868156
43.55625,42.38125,243.82323990769123,39.384305847063914,283.20754575475513
43.55625,42.39375,227.2910860948261,36.61210129937449,263.9031873942006
43.55625,42.40625,245.23568657675,38.05319122424095,283.2888778009909
43.55625,42.41875,251.84220862354692,38.3179092774872,290.16011790103414
43.55625,42.43125,256.671857036874,39.56356872398756,296.2354257608615
43.55625,42.44375,257.8014843547229,41.0540009750672,298.8554853297901
43.55625,42.45625,260.7254133366139,41.1039800741788,301.8293934107927
43.55625,42.46875,265.14755085916727,40.35703540888942,305.5045862680567
43.55625,42.48125,251.35981406933686,37.91598719785979,289.27580126719664
43.55625,42.49375,249.36389438855545,38.591963216866596,287.95585760542207
43.55625,42.50625,253.86587791275494,36.321565209437004,290.18744312219195
43.55625,42.51875,255.71719141817357,36.07476451968649,291.79195593786005
43.55625,42.53125,250.44226948030894,35.324845840649814,285.76711532095874
43.55625,42.54375,216.39153662125045,33.51691597749724,249.9084525987477
43.55625,42.55625,240.8949305395043,33.86659547985322,274.7615260193575
43.55625,42.56875,255.76339840101278,36.95870447500897,292.7221028760217
43.55625,42.58125,238.9057232952798,31.935072618744762,270.84079591402457
43.55625,42.59375,229.69125027615257,32.29990528564527,261.9911555617978
43.55625,42.60625,217.2987055586265,29.805571733780454,247.10427729240695
43.55625,42.61875,241.87753571836893,31.49996824610726,273.3775039644762
43.55625,42.63125,243.70021903174242,36.01663673186263,279.71685576360505
43.55625,42.64375,251.4899707498095,36.93866844106285,288.42863919087233
43.55625,42.65625,262.03699399186246,40.35673052617211,302.39372451803456
43.55625,42.66875,262.4359639338119,41.48289010700091,303.9188540408128
43.55625,42.68125,258.19176588166823,40.95936687973737,299.1511327614056
43.55625,42.69375,255.75012344256993,40.26444593444503,296.01456937701494
43.55625,42.70625,255.2017129394446,41.89704254546333,297.09875548490794
43.55625,42.71875,251.43282653172307,36.109262733174596,287.54208926489764
43.55625,42.73125,258.39400239673364,28.601689628044014,286.99569202477767
43.55625,42.74375,261.9706420608073,30.00141693981724,291.97205900062454
43.55625,42.75625,265.4999071895121,30.95520414524087,296.455111334753
43.55625,42.76875,255.97347264914262,25.0111086696154,280.98458131875805
43.55625,42.78125,243.66322653802877,24.69712535140663,268.3603518894354
43.55625,42.79375,229.09175160745988,22.7423315852983,251.8340831927582
43.55625,42.80625,227.07464431181094,21.146256002388483,248.2209003141994
43.55625,42.81875,210.04195188154773,25.484410081505263,235.526361963053
43.55625,42.83125,197.82409932453984,31.248393404585926,229.07249272912577
43.55625,42.84375,214.84995517891846,30.13481002787193,244.9847652067904
43.55625,42.85625,209.02193756256455,19.946143601687098,228.96808116425166
43.55625,42.86875,264.15367071735307,26.957932016853356,291.11160273420643
43.55625,42.88125,264.7299167145085,35.60512134099766,300.3350380555061
43.55625,42.89375,258.995982901979,36.26700077730392,295.2629836792829
43.55625,42.90625,248.35571773784378,35.9784526480128,284.33417038585657
43.55625,42.91875,239.28312777825917,33.97538669516354,273.25851447342274
43.55625,42.93125,231.56280571371542,31.24457197527594,262.8073776889914
43.55625,42.94375,232.19408562553897,31.61945286232733,263.8135384878663
43.55625,42.95625,228.86019686269114,32.95521061508107,261.8154074777722
43.55625,42.96875,204.4904067133626,28.98833212912644,233.47873884248904
43.55625,42.98125,184.55097707896843,26.079028655226637,210.63000573419507
43.55625,42.99375,184.89480138233552,25.68451561400709,210.5793169963426
43.54375,42.00625,230.7527031127614,33.52824248341686,264.28094559617824
43.54375,42.01875,240.9538560217916,33.39459473443987,274.3484507562315
43.54375,42.03125,240.580939633776,29.140263148499002,269.721202782275
43.54375,42.04375,190.28378063134255,23.249886741854517,213.53366737319706
43.54375,42.05625,178.40181481319837,24.221959387182828,202.6237742003812
43.54375,42.06875,168.12343984618045,23.69725865332653,191.820698499507
43.54375,42.08125,195.0960240203882,25.09854572337453,220.19456974376274
43.54375,42.09375,216.65011376404743,25.462406633205504,242.11252039725292
43.54375,42.10625,212.51165614845394,26.46764770363693,238.97930385209088
43.54375,42.11875,162.3951567937647,24.5171542428322,186.9123110365969
43.54375,42.13125,138.2850448298092,29.075773414138443,167.36081824394765
43.54375,42.14375,168.45298296822935,24.91547182726886,193.36845479549822
43.54375,42.15625,199.57428017361568,28.181179471359528,227.7554596449752
43.54375,42.16875,198.76304308544576,27.502899043592794,226.26594212903856
43.54375,42.18125,183.44970524068978,24.547763198609886,207.99746843929967
43.54375,42.19375,171.85580161092687,24.7580563690534,196.61385797998028
43.54375,42.20625,177.6074985767141,26.91524679547866,204.52274537219276
43.54375,42.21875,198.595961190905,25.347214907746498,223.9431760986515
43.54375,42.23125,222.78001061972228,31.12212029676531,253.90213091648758
43.54375,42.24375,227.94739377854754,31.872548830271825,259.81994260881936
43.54375,42.25625,226.71118326728404,36.1600585330634,262.87124180034743
43.54375,42.26875,234.43805635069293,35.13885109914999,269.5769074498429
43.54375,42.28125,229.94205864903654,30.972389192887466,260.914447841924
43.54375,42.29375,218.26261637998263,31.54731804154387,249.8099344215265
43.54375,42.30625,193.96933283573304,28.09281116856198,222.06214400429502
43.54375,42.31875,218.69535868024997,34.52112057113571,253.2164792513857
43.54375,42.33125,213.58688744749645,32.633159386055056,246.22004683355152
43.54375,42.34375,218.99195576279286,33.01137538749078,252.00333115028363
43.54375,42.35625,213.06704327568593,34.00516671455524,247.07220999024116
43.54375,42.36875,217.70361533043751,32.92484996203862,250.62846529247614
43.54375,42.38125,236.08399237023576,34.01448287658333,270.0984752468191
43.54375,42.39375,244.5877438243625,37.005289369031104,281.5930331933936
43.54375,42.40625,243.5969340014,37.073583926362645,280.67051792776266
43.54375,42.41875,246.71229126006426,39.7325315612916,286.44482282135584
43.54375,42.43125,260.29222405907126,42.27799689185618,302.5702209509274
43.54375,42.44375,263.0632038623442,43.055738434786605,306.11894229713084
43.54375,42.45625,262.8859697020634,42.68779004135102,305.5737597434144
43.54375,42.46875,261.81086351809114,41.260935364239224,303.07179888233037
43.54375,42.48125,247.02669744822344,39.59615211290756,286.62284956113103
43.54375,42.49375,246.43965269590353,37.92804776423626,284.3677004601398
43.54375,42.50625,261.47897588364145,38.495057692724075,299.9740335763655
43.54375,42.51875,254.50914144181772,34.72870526770966,289.2378467095274
43.54375,42.53125,229.04384062557884,31.448259406371662,260.4921000319505
43.54375,42.54375,231.510203983423,33.972281157595596,265.48248514101857
43.54375,42.55625,253.07089413229093,35.62940130502405,288.700295437315
43.54375,42.56875,253.23879766332303,31.925419900007775,285.1642175633308
43.54375,42.58125,223.81597550396634,28.87244192252522,252.68841742649155
43.54375,42.59375,204.2385088903449,29.613083371028623,233.85159226137353
43.54375,42.60625,231.14908653842718,30.70530981480744,261.8543963532346
43.54375,42.61875,235.950123315573,33.383624937530605,269.3337482531036
43.54375,42.63125,231.5648715795085,35.36524042789117,266.93011200739966
43.54375,42.64375,239.91645765147533,35.76176926073897,275.6782269122143
43.54375,42.65625,252.10399263379188,37.394040012669315,289.4980326464612
43.54375,42.66875,267.0270991193708,41.365451495205896,308.3925506145767
43.54375,42.68125,263.40023502697943,41.47594625048887,304.8761812774683
43.54375,42.69375,258.36918215063145,42.09235421678684,300.46153636741826
43.54375,42.70625,253.0567221990879,39.57752895475328,292.63425115384115
43.54375,42.71875,257.9199990024263,41.25006802396646,299.17006702639276
43.54375,42.73125,248.19867372628985,38.42010255589366,286.6187762821835
43.54375,42.74375,234.67596427837742,34.47810254997588,269.1540668283533
43.54375,42.75625,240.56525107265392,32.70267256222904,273.26792363488295
43.54375,42.76875,235.91774602625986,32.60849673233981,268.52624275859966
43.54375,42.78125,224.69710487565138,30.587259532153638,255.28436440780501
43.54375,42.79375,220.91074311254843,31.354558889156635,252.26530200170507
43.54375,42.80625,211.35593493647553,29.691928078359727,241.04786301483526
43.54375,42.81875,220.15510833563502,33.9189136883847,254.0740220240197
43.54375,42.83125,219.14381790963918,34.07099778423556,253.21481569387475
43.54375,42.84375,227.95329553262195,33.000273484372464,260.95356901699444
43.54375,42.85625,242.59200508546465,26.302590326572243,268.8945954120369
43.54375,42.86875,283.7158988833398,29.72806706025961,313.4439659435994
43.54375,42.88125,271.1071580998162,36.29020729850328,307.3973653983195
43.54375,42.89375,268.3222631746054,34.57646870171294,302.8987318763183
43.54375,42.90625,259.93574209208305,33.52653050967624,293.4622726017593
43.54375,42.91875,249.79909398526212,29.69125467257747,279.4903486578396
43.54375,42.93125,215.90276290853112,29.857150105796514,245.75991301432762
43.54375,42.94375,193.3329626113635,27.385946294587953,220.71890890595148
43.54375,42.95625,195.88641959857392,26.50284894022241,222.38926853879633
43.54375,42.96875,204.22715104924754,23.335787563177846,227.5629386124254
43.54375,42.98125,204.7862425524471,26.279771226383836,231.06601377883095
43.54375,42.99375,204.42418230947234,29.974491066238166,234.3986733757105
43.53125,42.00625,218.0408755264902,28.371595183523226,246.41247071001342
43.53125,42.01875,204.23419824665194,25.420438396150402,229.65463664280236
43.53125,42.03125,204.34093946669913,25.71041397200468,230.0513534387038
43.53125,42.04375,168.06263415132423,21.24762538692862,189.31025953825286
43.53125,42.05625,200.8202550403078,22.719516470073778,223.5397715103816
43.53125,42.06875,222.71479026949942,26.223339173660282,248.9381294431597
43.53125,42.08125,219.79258636569608,24.59073830320345,244.38332466889955
43.53125,42.09375,224.82778963452165,28.13508774791294,252.96287738243458
43.53125,42.10625,193.2082655924117,22.109668060329952,215.31793365274166
43.53125,42.11875,156.67938370014997,24.075069762100934,180.7544534622509
43.53125,42.13125,150.54470856354672,23.848213639849178,174.3929222033959
43.53125,42.14375,161.546392055684,21.298602561154482,182.8449946168385
43.53125,42.15625,178.00092769451254,25.72448529603426,203.7254129905468
43.53125,42.16875,212.14822454707516,28.3607573635933,240.50898191066847
43.53125,42.18125,212.40753785822088,29.022450768169627,241.4299886263905
43.53125,42.19375,189.29567572034676,24.22359201928935,213.51926773963612
43.53125,42.20625,169.34305126934927,27.45485120789847,196.79790247724776
43.53125,42.21875,185.1794734198747,25.71244467795917,210.89191809783387
43.53125,42.23125,189.78482690407594,27.406966659773815,217.19179356384976
43.53125,42.24375,211.00146908374265,30.267194500244997,241.26866358398763
43.53125,42.25625,218.88595885889367,28.833674295742476,247.71963315463614
43.53125,42.26875,222.85435249385816,32.0401420217884,254.89449451564656
43.53125,42.28125,200.86914702331362,29.131904131010035,230.00105115432365
43.53125,42.29375,185.81494743792962,29.546356676936522,215.36130411486613
43.53125,42.30625,195.4127559903181,31.92820245540949,227.34095844572758
43.53125,42.31875,190.85986029394857,31.566504337659687,222.42636463160827
43.53125,42.33125,201.1834311003031,31.745804457122556,232.92923555742564
43.53125,42.34375,221.6687774916791,34.74997701399556,256.41875450567466
43.53125,42.35625,222.58185788124686,33.80649392963448,256.3883518108813
43.53125,42.36875,227.25524735454476,33.515425759757115,260.77067311430187
43.53125,42.38125,237.23157689876888,34.43706479463645,271.66864169340533
43.53125,42.39375,252.55002261405863,39.190320711088454,291.7403433251471
43.53125,42.40625,259.24027884129634,41.59615272832728,300.83643156962364
43.53125,42.41875,260.57028247939996,42.51116013291456,303.0814426123145
43.53125,42.43125,249.8618785118015,41.30826357052972,291.1701420823312
43.53125,42.44375,259.0701268053709,42.711463341223734,301.7815901465946
43.53125,42.45625,262.75249720780226,42.889021581180195,305.64151878898247
43.53125,42.46875,261.5275709305526,41.52982818240597,303.0573991129586
43.53125,42.48125,252.99759036439406,39.00902346853008,292.00661383292413
43.53125,42.49375,257.03293558239744,38.759276633532416,295.79221221592985
43.53125,42.50625,234.33990835263754,34.91272310643391,269.25263145907144
43.53125,42.51875,237.14018579571447,33.29908931372019,270.4392751094347
43.53125,42.53125,232.32405912607635,33.80293618222727,266.1269953083036
43.53125,42.54375,255.43501547295347,37.78096347465066,293.2159789476041
43.53125,42.55625,261.06571598452155,38.61569893484174,299.6814149193633
43.53125,42.56875,250.35804842329458,32.16967077766759,282.52771920096217
43.53125,42.58125,208.04150313645613,28.56349576001072,236.60499889646684
43.53125,42.59375,240.12281972092043,32.17682473377094,272.29964445469136
43.53125,42.60625,229.78468366635846,28.430936488564257,258.2156201549227
43.53125,42.61875,246.97711055143512,36.57793987554306,283.5550504269782
43.53125,42.63125,255.34227135443626,37.96018178944863,293.3024531438849
43.53125,42.64375,240.02505984804162,35.4547135416062,275.47977338964785
43.53125,42.65625,255.306496897719,36.528612431851045,291.83510932957006
43.53125,42.66875,257.91197033964727,36.76201933946833,294.6739896791156
43.53125,42.68125,257.4341221182744,38.02934179613346,295.46346391440784
43.53125,42.69375,268.55591971578053,41.85178363183162,310.40770334761214
43.53125,42.70625,262.29852063779106,42.34515073889201,304.6436713766831
43.53125,42.71875,254.3534517006252,39.4707522623936,293.8242039630188
43.53125,42.73125,257.76346753852187,37.428533881485976,295.19200142000784
43.53125,42.74375,238.63175773894562,35.1711410803172,273.80289881926285
43.53125,42.75625,226.7101991963644,33.10047187245724,259.81067106882165
43.53125,42.76875,235.45289005962314,30.2585676612697,265.71145772089284
43.53125,42.78125,249.40832715703286,33.010463122963586,282.4187902799964
43.53125,42.79375,250.53810852534104,32.70337501366491,283.24148353900597
43.53125,42.80625,216.53222534619744,30.407207940241637,246.93943328643908
43.53125,42.81875,234.50218683641194,32.26101856946935,266.7632054058813
43.53125,42.83125,224.9912457106034,32.82399457530088,257.8152402859043
43.53125,42.84375,225.25537897983645,29.470115671127992,254.72549465096444
43.53125,42.85625,246.06810021379982,25.494942429786814,271.56304264358664
43.53125,42.86875,298.21121920401214,33.27431414236512,331.4855333463773
43.53125,42.88125,292.59889045337997,35.47319412716483,328.0720845805448
43.53125,42.89375,286.053770602988,34.84754886932368,320.9013194723117
43.53125,42.90625,274.6262772998533,30.157585229101144,304.78386252895444
43.53125,42.91875,233.46688041250076,28.196632598507932,261.6635130110087
43.53125,42.93125,206.55257291611557,25.703101985833875,232.25567490194945
43.53125,42.94375,229.03836758401013,26.47449331818254,255.51286090219267
43.53125,42.95625,239.566412199344,29.784662178739374,269.35107437808335
43.53125,42.96875,238.2056481933274,30.804658440690154,269.0103066340175
43.53125,42.98125,202.04675611529987,29.63743664283372,231.68419275813358
43.53125,42.99375,214.4148738484756,32.81652597553286,247.23139982400846
43.51875,42.00625,220.07006945601557,28.76139555724899,248.83146501326456
43.51875,42.01875,206.4515829919287,30.75851610277978,237.21009909470848
43.51875,42.03125,171.2998263520359,24.772611734632598,196.07243808666848
43.51875,42.04375,199.73320199276287,22.75288206616645,222.48608405892932
43.51875,42.05625,234.6060343703763,22.349874062452745,256.95590843282906
43.51875,42.06875,238.98192258564507,26.450903877607807,265.43282646325287
43.51875,42.08125,231.74536548683668,26.048742962835366,257.794108449672
43.51875,42.09375,210.3688492921294,22.759324340471693,233.1281736326011
43.51875,42.10625,175.26851605474235,24.15554151108084,199.4240575658232
43.51875,42.11875,142.54743772921736,27.46364060844367,170.01107833766105
43.51875,42.13125,167.21692437872514,22.420750727816692,189.63767510654182
43.51875,42.14375,188.1421445718168,20.753158199847604,208.8953027716644
43.51875,42.15625,198.17184164168336,22.025014408579153,220.1968560502625
43.51875,42.16875,213.0998943549875,27.904555828728896,241.0044501837164
43.51875,42.18125,234.2399176723864,34.52926097635599,268.7691786487424
43.51875,42.19375,198.9331008354034,26.921118248914944,225.85421908431834
43.51875,42.20625,202.10117382091423,29.233866862305774,231.33504068322
43.51875,42.21875,186.2370097505074,27.684720455168936,213.92173020567634
43.51875,42.23125,185.61107882481042,27.723627125813085,213.33470595062352
43.51875,42.24375,170.3288068541994,26.672894287461354,197.00170114166076
43.51875,42.25625,179.73961967518161,26.541635071641867,206.2812547468235
43.51875,42.26875,177.20156864146094,27.021733020419997,204.22330166188092
43.51875,42.28125,195.3938774254311,29.971444854971754,225.36532228040286
43.51875,42.29375,211.48834573912706,35.07607461219819,246.56442035132525
43.51875,42.30625,204.8084394536019,33.8566765351738,238.66511598877568
43.51875,42.31875,218.701463596678,34.23930434932006,252.94076794599806
43.51875,42.33125,212.4709834619678,30.874056025401437,243.34503948736923
43.51875,42.34375,220.3354543840572,32.06661791753047,252.40207230158765
43.51875,42.35625,237.85031112022298,36.47835350992399,274.328664630147
43.51875,42.36875,242.04781854289539,38.486122524407705,280.5339410673031
43.51875,42.38125,247.81581717278962,38.85808485614943,286.67390202893904
43.51875,42.39375,251.03984862660678,40.846512700001846,291.8863613266086
43.51875,42.40625,253.6331581328181,41.34406656361908,294.9772246964372
43.51875,42.41875,245.88525837242986,40.76061268545432,286.64587105788416
43.51875,42.43125,250.64528671758382,40.802196930434924,291.44748364801876
43.51875,42.44375,259.9759215293388,41.31757673817212,301.2934982675109
43.51875,42.45625,254.34599199448152,41.38865279804069,295.7346447925222
43.51875,42.46875,259.9386405992682,41.59875361529399,301.53739421456214
43.51875,42.48125,257.03047901677576,39.11989158667028,296.15037060344605
43.51875,42.49375,256.8405144675143,39.22874922230314,296.06926368981743
43.51875,42.50625,242.524279619702,37.33846803516664,279.86274765486866
43.51875,42.51875,231.4590766020297,35.6438448217482,267.1029214237779
43.51875,42.53125,241.42317536153922,37.44381128663551,278.8669866481747
43.51875,42.54375,256.30269965601514,38.23758263640682,294.540282292422
43.51875,42.55625,262.75886055273327,40.102031564543175,302.8608921172764
43.51875,42.56875,244.7243876859324,33.844728328731165,278.56911601466356
43.51875,42.58125,211.6073449518187,30.355817984514466,241.96316293633316
43.51875,42.59375,248.25131577264227,30.150989222230496,278.4023049948728
43.51875,42.60625,248.75971866519612,34.03140551111155,282.7911241763077
43.51875,42.61875,262.0674592476117,37.248533269444955,299.31599251705666
43.51875,42.63125,262.29598655927396,38.770995845273305,301.0669824045473
43.51875,42.64375,261.37867544044406,38.96479708066021,300.3434725211043
43.51875,42.65625,257.50689653924445,37.36825432682426,294.8751508660687
43.51875,42.66875,275.3439787628451,40.96608940816212,316.31006817100723
43.51875,42.68125,267.92289224618145,38.63820657057191,306.5610988167534
43.51875,42.69375,257.94741061779564,38.45822255047244,296.4056331682681
43.51875,42.70625,253.5507313991772,37.45173927724972,291.0024706764269
43.51875,42.71875,254.91495054384157,39.55519882649311,294.4701493703347
43.51875,42.73125,236.64608616172828,35.666305980468934,272.3123921421972
43.51875,42.74375,223.40946701260964,34.278001887904125,257.68746890051375
43.51875,42.75625,231.38713476580048,34.71287121076274,266.10000597656324
43.51875,42.76875,255.71466605392186,32.95750464845415,288.672170702376
43.51875,42.78125,273.1521743655891,38.52423931191284,311.6764136775019
43.51875,42.79375,242.30288955988934,32.46021731821194,274.76310687810127
43.51875,42.80625,223.23899623299863,32.65931333829122,255.89830957128984
43.51875,42.81875,234.8875170889659,33.38405374840388,268.2715708373698
43.51875,42.83125,245.50216092417213,35.967802039316034,281.4699629634882
43.51875,42.84375,244.96356418764037,34.85356643602262,279.817130623663
43.51875,42.85625,267.6312592939136,27.561153388726222,295.1924126826398
43.51875,42.86875,296.78558268535267,31.95397652085031,328.73955920620296
43.51875,42.88125,269.24555718453945,30.903091547372362,300.1486487319118
43.51875,42.89375,263.71904554030505,29.908758961727486,293.6278045020325
43.51875,42.90625,249.134762862089,26.861738956948333,275.99650181903735
43.51875,42.91875,223.4987755881275,25.093322351790214,248.59209793991772
43.51875,42.93125,232.82590541579086,26.344535124998803,259.1704405407897
43.51875,42.94375,266.7421278916878,28.4606284859487,295.2027563776365
43.51875,42.95625,258.08069362268816,33.693178178447496,291.77387180113567
43.51875,42.96875,231.29726530281349,27.136855903572325,258.43412120638584
43.51875,42.98125,230.2489061054647,29.481180571974996,259.7300866774397
43.51875,42.99375,227.94161363580446,28.6563564304491,256.59797006625354
43.50625,42.00625,225.400470587856,21.92507278171274,247.32554336956875
43.50625,42.01875,181.83604096974312,23.556724173321193,205.3927651430643
43.50625,42.03125,189.5341759596368,26.43563745918538,215.96981341882218
43.50625,42.04375,234.8641936319741,27.26852987788785,262.13272350986193
43.50625,42.05625,245.60847377142633,29.536727423320805,275.14520119474713
43.50625,42.06875,231.81023012586292,25.20446965238996,257.01469977825286
43.50625,42.08125,195.1985244475838,20.78050941272753,215.97903386031132
43.50625,42.09375,170.69328813735729,21.02178000287253,191.71506814022982
43.50625,42.10625,147.80340676050605,24.37166723802767,172.17507399853372
43.50625,42.11875,151.09265630019155,28.302441531943415,179.39509783213498
43.50625,42.13125,195.75952735636574,25.045342330725994,220.80486968709172
43.50625,42.14375,216.4975825819651,25.523397163028775,242.0209797449939
43.50625,42.15625,238.59776347258247,30.70015016767305,269.2979136402555
43.50625,42.16875,216.77645029192504,21.53156054005685,238.3080108319819
43.50625,42.18125,227.08240626942754,25.64137943162546,252.723785701053
43.50625,42.19375,217.18544172177624,21.77037218141105,238.9558139031873
43.50625,42.20625,219.8175850146656,25.658168675532714,245.47575369019833
43.50625,42.21875,213.51118496957986,30.631286440112575,244.14247140969243
43.50625,42.23125,213.68185838623387,30.318556707723864,244.00041509395774
43.50625,42.24375,189.42014572020003,32.63311471864373,222.05326043884375
43.50625,42.25625,189.2640694334882,30.05734303635843,219.32141246984662
43.50625,42.26875,214.329487302252,32.035974921073944,246.36546222332595
43.50625,42.28125,221.23780431588807,28.40532235992938,249.64312667581746
43.50625,42.29375,213.97865886052094,30.229962255369834,244.20862111589076
43.50625,42.30625,220.31907927005025,27.99010933293905,248.3091886029893
43.50625,42.31875,221.75560862149297,27.716406420258117,249.4720150417511
43.50625,42.33125,220.4697296112396,28.092946721681148,248.56267633292074
43.50625,42.34375,236.9053444906534,31.47558059180584,268.3809250824592
43.50625,42.35625,250.39890380270435,31.620327515071324,282.0192313177757
43.50625,42.36875,253.81216831998822,37.12670611155811,290.9388744315463
43.50625,42.38125,252.8382043632668,40.45029977379401,293.28850413706084
43.50625,42.39375,258.82320024366015,40.938441932690715,299.76164217635085
43.50625,42.40625,260.34360306302716,40.41992835638158,300.76353141940876
43.50625,42.41875,259.9922374160705,41.31916454604151,301.31140196211203
43.50625,42.43125,252.1374581642364,41.29556628413775,293.4330244483741
43.50625,42.44375,263.908627675323,42.35707451694205,306.26570219226505
43.50625,42.45625,266.0994906698205,41.834944752182835,307.93443542200333
43.50625,42.46875,262.29038215727337,40.81641698838036,303.1067991456537
43.50625,42.48125,254.0284206484859,39.84611328581107,293.874533934297
43.50625,42.49375,238.2093521391603,38.77197371791286,276.98132585707316
43.50625,42.50625,236.01873638464616,38.593872694647914,274.6126090792941
43.50625,42.51875,239.96854267124155,36.89355574029829,276.8620984115398
43.50625,42.53125,259.1502284535427,38.37476103226348,297.52498948580615
43.50625,42.54375,251.5357712187586,35.165371585745156,286.7011428045038
43.50625,42.55625,237.78424270353835,33.49818783883219,271.28243054237055
43.50625,42.56875,231.9297918446596,33.43050184229455,265.36029368695415
43.50625,42.58125,238.04004678143443,31.106753342300465,269.1468001237349
43.50625,42.59375,256.3999604277938,32.979857530098215,289.37981795789204
43.50625,42.60625,270.9356192048228,40.550854902021925,311.4864741068447
43.50625,42.61875,267.7910951463588,41.97742682830862,309.76852197466746
43.50625,42.63125,269.83806674073224,42.28194136938187,312.1200081101141
43.50625,42.64375,270.9071811700675,43.222412056241794,314.1295932263093
43.50625,42.65625,264.31287781114906,40.164316618532354,304.4771944296814
43.50625,42.66875,272.6071502422816,41.6375459632424,314.244696205524
43.50625,42.68125,263.42464315366215,40.34734410298405,303.7719872566462
43.50625,42.69375,249.61064048499085,38.05697613056731,287.66761661555813
43.50625,42.70625,248.6227392235654,35.972674549888524,284.5954137734539
43.50625,42.71875,239.53896009773854,35.17687488508107,274.7158349828196
43.50625,42.73125,248.90877880047478,34.61436326663697,283.52314206711173
43.50625,42.74375,251.77216385899337,35.8953792032351,287.66754306222845
43.50625,42.75625,242.072360715682,34.40734260123005,276.47970331691204
43.50625,42.76875,256.74916288211693,36.13822115351578,292.8873840356327
43.50625,42.78125,257.55608981142,35.071341135853245,292.62743094727324
43.50625,42.79375,234.07041743701012,31.20624875756269,265.27666619457284
43.50625,42.80625,236.6151113580025,35.55022738719178,272.1653387451943
43.50625,42.81875,221.77699111264963,33.900711380823054,255.67770249347268
43.50625,42.83125,228.57831358925318,33.12690873510927,261.70522232436247
43.50625,42.84375,240.9295429252784,33.54605525973327,274.4755981850117
43.50625,42.85625,262.113188419181,28.938791041696334,291.0519794608773
43.50625,42.86875,269.9765872977855,31.844606144741277,301.8211934425268
43.50625,42.88125,268.6894745607107,30.700883696679732,299.39035825739046
43.50625,42.89375,258.0347954621485,27.34155744017691,285.37635290232544
43.50625,42.90625,249.11814612325105,28.75608357107344,277.87422969432447
43.50625,42.91875,258.67046156002476,27.907349130054662,286.57781069007945
43.50625,42.93125,286.840024569817,31.691658857004374,318.53168342682136
43.50625,42.94375,278.3331732680101,32.07488133563518,310.40805460364527
43.50625,42.95625,273.70120204681035,31.324565098820187,305.02576714563054
43.50625,42.96875,263.2865484232165,29.872144787661355,293.15869321087786
43.50625,42.98125,251.1439750751605,30.845209630077477,281.989184705238
43.50625,42.99375,252.2184340503324,30.059156326969564,282.277590377302
43.49375,42.00625,248.1525808299366,26.766332589591503,274.9189134195281
43.49375,42.01875,182.76547706521856,24.341010391767632,207.1064874569862
43.49375,42.03125,222.26428697478264,17.898960999611283,240.16324797439393
43.49375,42.04375,236.53740990630172,14.483316381200133,251.02072628750184
43.49375,42.05625,251.41785879145246,23.94514046346723,275.3629992549197
43.49375,42.06875,238.9455624122569,18.876575443298726,257.82213785555564
43.49375,42.08125,211.97086809235765,22.495638237872573,234.46650633023023
43.49375,42.09375,179.19271462298715,24.436009957047098,203.62872458003426
43.49375,42.10625,146.94262972171958,29.5200589876915,176.46268870941108
43.49375,42.11875,182.39273988478334,20.673551927468743,203.06629181225208
43.49375,42.13125,197.25416710989697,17.042362814444253,214.29652992434123
43.49375,42.14375,186.23027803979807,20.685150411188822,206.9154284509869
43.49375,42.15625,214.33395883422227,26.383181083730687,240.71713991795295
43.49375,42.16875,229.94679797392476,24.088352737964826,254.03515071188957
43.49375,42.18125,278.58477158467457,30.26577968180805,308.8505512664826
43.49375,42.19375,268.75801437215824,26.919408721558078,295.6774230937163
43.49375,42.20625,244.35720579262016,28.63363038369313,272.9908361763133
43.49375,42.21875,231.9176313626297,26.515791640882064,258.43342300351173
43.49375,42.23125,216.97079721589066,26.721014038345306,243.69181125423597
43.49375,42.24375,191.9628597739316,29.585956721587614,221.54881649551922
43.49375,42.25625,180.76943564025956,27.867043193841887,208.63647883410144
43.49375,42.26875,199.4310432088206,29.058893838682057,228.48993704750265
43.49375,42.28125,210.016840711839,29.049752463274338,239.06659317511333
43.49375,42.29375,241.4701592599928,33.687480936872056,275.15764019686486
43.49375,42.30625,239.57147984777131,28.304408505619236,267.87588835339056
43.49375,42.31875,268.6793571505917,32.37380542412,301.05316257471173
43.49375,42.33125,256.5674945119817,30.004315430291733,286.57180994227343
43.49375,42.34375,249.82633203806637,29.185950148120437,279.0122821861868
43.49375,42.35625,270.9223317453584,33.46250530478554,304.3848370501439
43.49375,42.36875,272.7609419597719,36.97125395149541,309.73219591126735
43.49375,42.38125,266.5442760172771,35.84089744807943,302.38517346535656
43.49375,42.39375,265.01815653772104,38.94279268113597,303.960949218857
43.49375,42.40625,274.18573116085565,40.61628918770748,314.80202034856313
43.49375,42.41875,266.8004204109338,38.3207412629573,305.1211616738911
43.49375,42.43125,269.16082664834266,38.4718259992856,307.6326526476283
43.49375,42.44375,268.1850929580785,40.1545460081519,308.3396389662304
43.49375,42.45625,267.85192025223506,39.73807494923521,307.5899952014703
43.49375,42.46875,255.75607346890243,38.33001425767669,294.08608772657914
43.49375,42.48125,248.4791328951526,36.88853201494877,285.3676649101014
43.49375,42.49375,245.31712322160573,37.74349738065166,283.06062060225736
43.49375,42.50625,246.82250162254192,38.38526643856565,285.2077680611076
43.49375,42.51875,247.8826397675355,38.185357267278036,286.0679970348135
43.49375,42.53125,259.16095067434895,38.05858911917257,297.2195397935215
43.49375,42.54375,249.1218706666889,36.73244609053612,285.85431675722504
43.49375,42.55625,228.06382991367866,34.01992582034316,262.0837557340218
43.49375,42.56875,243.86801047870702,35.764829430919065,279.6328399096261
43.49375,42.58125,234.98581278225774,32.025044249367724,267.01085703162545
43.49375,42.59375,245.4793183364851,32.373675083042826,277.85299341952793
43.49375,42.60625,260.2776422541823,35.82512890246189,296.10277115664417
43.49375,42.61875,249.6224117514329,34.60349132878198,284.2259030802149
43.49375,42.63125,254.5915049980962,36.9789355750841,291.5704405731803
43.49375,42.64375,258.46524552427314,38.16399026751051,296.6292357917837
43.49375,42.65625,273.7094184998724,42.432716373892816,316.14213487376526
43.49375,42.66875,268.8507348272959,40.437425633929756,309.2881604612257
43.49375,42.68125,273.55971435509383,39.040220579107775,312.5999349342016
43.49375,42.69375,266.4487081426944,37.18439786293545,303.6331060056298
43.49375,42.70625,267.7682675328838,38.49216282011589,306.26043035299966
43.49375,42.71875,236.79879813775545,34.03297599787548,270.83177413563095
43.49375,42.73125,266.53949825870706,35.58367144530255,302.1231697040096
43.49375,42.74375,257.892752306953,34.597901254438284,292.4906535613913
43.49375,42.75625,245.91755262281262,34.108947180552306,280.0264998033649
43.49375,42.76875,263.0228123404365,35.53843868315002,298.56125102358646
43.49375,42.78125,265.2429179265026,35.9335726009169,301.1764905274195
43.49375,42.79375,242.26700127462433,32.40614879990577,274.6731500745301
43.49375,42.80625,248.4158221235822,36.036852886112115,284.4526750096943
43.49375,42.81875,234.81099148308073,36.014015330677836,270.8250068137586
43.49375,42.83125,253.91738464515686,39.78020780732277,293.6975924524796
43.49375,42.84375,246.96181078148135,36.39949111434397,283.3613018958253
43.49375,42.85625,253.81253487186197,35.338676866855415,289.1512117387174
43.49375,42.86875,274.67194489079156,27.81679406336262,302.4887389541542
43.49375,42.88125,303.94488171936104,29.625046148843374,333.5699278682044
43.49375,42.89375,264.2420935183872,22.433292117891394,286.6753856362786
43.49375,42.90625,258.3735216317121,27.71036565106362,286.0838872827757
43.49375,42.91875,243.15000800787422,22.18935538457831,265.3393633924525
43.49375,42.93125,230.96590745321578,22.138651224801848,253.1045586780176
43.49375,42.94375,229.17618950974173,21.463736019262484,250.63992552900422
43.49375,42.95625,270.24984964921526,23.69664919286808,293.9464988420833
43.49375,42.96875,228.56069913345652,16.570863864510507,245.13156299796702
43.49375,42.98125,232.21100172625907,17.975160565959825,250.1861622922189
43.49375,42.99375,269.83800834846,20.238449144206513,290.0764574926665
43.48125,42.00625,203.41541525437376,20.619873962079993,224.03528921645375
43.48125,42.01875,205.36406086931845,15.399739176404733,220.76380004572317
43.48125,42.03125,246.1448961770814,16.938854804171083,263.0837509812525
43.48125,42.04375,281.45578109295366,24.553449763288285,306.00923085624197
43.48125,42.05625,297.2710044719802,25.663898279830768,322.93490275181097
43.48125,42.06875,258.06867782401264,18.223287082351113,276.2919649063638
43.48125,42.08125,207.10338535142296,16.50873186543435,223.6121172168573
43.48125,42.09375,172.43157355434565,20.784413081616183,193.21598663596183
43.48125,42.10625,149.34271458905437,22.154304113666832,171.4970187027212
43.48125,42.11875,187.996530356544,16.28242014700946,204.27895050355346
43.48125,42.13125,246.01143836178358,19.773378821139204,265.7848171829228
43.48125,42.14375,228.37341936798984,16.646444350952162,245.019863718942
43.48125,42.15625,229.71526435671967,16.089103406544755,245.80436776326442
43.48125,42.16875,253.85438926720647,20.474289636156435,274.3286789033629
43.48125,42.18125,271.4913854010812,22.343338174675946,293.8347235757571
43.48125,42.19375,284.57579538475227,26.48284037798194,311.0586357627342
43.48125,42.20625,290.8806580706164,28.046159333428328,318.9268174040447
43.48125,42.21875,263.00495409811356,26.56222912384929,289.56718322196286
43.48125,42.23125,210.85153338299972,19.778181068319768,230.6297144513195
43.48125,42.24375,230.3547601466914,16.18536995512996,246.54013010182138
43.48125,42.25625,233.18565969731554,18.32479602743386,251.5104557247494
43.48125,42.26875,230.38388983353883,21.857973382455427,252.24186321599427
43.48125,42.28125,219.01708146338456,23.022119046016677,242.03920050940124
43.48125,42.29375,216.1063440611288,21.25617093836258,237.36251499949137
43.48125,42.30625,223.40554926716726,27.519077532740553,250.9246267999078
43.48125,42.31875,241.758388510507,29.617771634339327,271.3761601448463
43.48125,42.33125,264.5807416462766,31.748848780074333,296.32959042635093
43.48125,42.34375,271.0377491008234,32.29592096411058,303.333670064934
43.48125,42.35625,295.42713490978326,34.083516485129906,329.51065139491317
43.48125,42.36875,303.7165509298025,36.5920076998546,340.3085586296571
43.48125,42.38125,293.9767088846114,34.87024213440778,328.8469510190192
43.48125,42.39375,283.39513610423785,34.926494154521535,318.3216302587594
43.48125,42.40625,290.81698031949753,37.1488978967022,327.9658782161997
43.48125,42.41875,290.84035130718775,34.64860451686272,325.48895582405044
43.48125,42.43125,286.6704486307074,34.83551701857369,321.5059656492811
43.48125,42.44375,278.21514984134046,32.229816652399776,310.44496649374025
43.48125,42.45625,282.3388159382507,30.43135803242388,312.7701739706746
43.48125,42.46875,280.5069305143827,29.99226846637881,310.4991989807615
43.48125,42.48125,276.1229352430786,32.60649524088604,308.7294304839646
43.48125,42.49375,268.5164400883996,31.262500098260332,299.7789401866599
43.48125,42.50625,256.49603670590665,30.283398698722486,286.7794354046291
43.48125,42.51875,256.2616101448226,36.404047835260926,292.66565798008355
43.48125,42.53125,261.0593049177715,34.81841495504609,295.8777198728176
43.48125,42.54375,232.4983448462525,29.91451330079088,262.4128581470434
43.48125,42.55625,244.46927579927979,36.76148685375769,281.23076265303746
43.48125,42.56875,238.8510869758262,32.406643883745616,271.25773085957184
43.48125,42.58125,249.96445665495494,29.267427375264635,279.2318840302196
43.48125,42.59375,264.2023462969828,31.97174063082054,296.17408692780333
43.48125,42.60625,289.4630837241474,36.616618334677895,326.0797020588253
43.48125,42.61875,281.5523434285579,33.51243024416222,315.0647736727201
43.48125,42.63125,288.7038704444483,35.57578576517479,324.27965620962306
43.48125,42.64375,279.08545577257047,35.148164979000576,314.23362075157104
43.48125,42.65625,281.0872604102282,35.14821054735245,316.2354709575807
43.48125,42.66875,279.2057835705295,35.98678668129937,315.19257025182884
43.48125,42.68125,286.3344601481521,40.24001249963591,326.574472647788
43.48125,42.69375,279.5684460288309,36.99481492378881,316.5632609526197
43.48125,42.70625,260.52633352370196,31.979470107726193,292.50580363142814
43.48125,42.71875,259.9848640102056,34.90125586711027,294.8861198773159
43.48125,42.73125,257.6747933748681,34.129187703666005,291.8039810785341
43.48125,42.74375,273.1560119517555,38.45122668357318,311.60723863532866
43.48125,42.75625,258.7914131255276,35.519532736433945,294.3109458619615
43.48125,42.76875,279.4234522097036,37.87172856491189,317.2951807746155
43.48125,42.78125,278.20112244244683,37.11082678110911,315.3119492235559
43.48125,42.79375,259.88813008679574,35.00603637108972,294.8941664578855
43.48125,42.80625,257.0592353956592,34.317053956964045,291.37628935262325
43.48125,42.81875,254.7658245957915,37.18959328268424,291.95541787847577
43.48125,42.83125,254.3748779099585,37.77034512048962,292.14522303044816
43.48125,42.84375,243.1507375225591,37.0302745347489,280.181012057308
43.48125,42.85625,231.80818004860797,31.066863581465874,262.87504363007383
43.48125,42.86875,250.26684559225512,24.727043414235567,274.9938890064907
43.48125,42.88125,243.68889860090172,23.981963685696424,267.67086228659815
43.48125,42.89375,236.7689358793023,20.62933505656575,257.398270935868
43.48125,42.90625,214.3371537932795,27.511652573878795,241.8488063671583
43.48125,42.91875,237.12088934356998,31.95259852267498,269.073487866245
43.48125,42.93125,195.71201702936725,27.283085541338725,222.99510257070597
43.48125,42.94375,194.65006093654537,17.76143310368587,212.41149404023125
43.48125,42.95625,196.38764917299926,16.216713838465022,212.60436301146427
43.48125,42.96875,192.61142890609258,14.47722759587339,207.08865650196597
43.48125,42.98125,165.12581093222084,12.043661655042158,177.169472587263
43.48125,42.99375,192.31762638097854,14.836371834936555,207.1539982159151
43.46875,42.00625,226.192249603334,21.54819764778885,247.74044725112284
43.46875,42.01875,253.92497370891888,22.42840970813581,276.3533834170547
43.46875,42.03125,300.5230376492854,28.087198625041154,328.61023627432655
43.46875,42.04375,266.2792804872911,17.14729174295773,283.42657223024884
43.46875,42.05625,254.49298170057673,16.831739273901853,271.32472097447857
43.46875,42.06875,220.55160204965998,14.151432679784175,234.70303472944414
43.46875,42.08125,210.98927067706077,18.933974539681145,229.92324521674192
43.46875,42.09375,164.6144371843366,19.0365809555134,183.65101813985
43.46875,42.10625,160.072177755557,22.710614425562657,182.78279218111965
43.46875,42.11875,226.41465027782994,20.5501334967926,246.96478377462253
43.46875,42.13125,264.7299590304908,21.03964315126195,285.76960218175276
43.46875,42.14375,297.5105087393587,23.87759803025723,321.38810676961594
43.46875,42.15625,293.3858205473794,23.55057406753187,316.93639461491125
43.46875,42.16875,314.7326032355779,27.17600066487833,341.9086039004562
43.46875,42.18125,308.705424105523,27.015919475789367,335.72134358131234
43.46875,42.19375,325.9000980366309,30.31280443342571,356.2129024700566
43.46875,42.20625,279.98181806991045,23.454815673105855,303.4366337430163
43.46875,42.21875,239.78721583803807,20.645703845858197,260.4329196838963
43.46875,42.23125,263.92158484955536,13.649676486523369,277.57126133607875
43.46875,42.24375,291.87842843884573,15.390015267663145,307.2684437065089
43.46875,42.25625,289.1338401556186,17.8663963030184,307.000236458637
43.46875,42.26875,271.7783116005667,16.17709798859088,287.9554095891576
43.46875,42.28125,278.877040965127,17.12117519949416,295.9982161646211
43.46875,42.29375,273.61284256300814,16.98472688336977,290.5975694463779
43.46875,42.30625,244.1785397736787,19.745878735182213,263.9244185088609
43.46875,42.31875,237.40000473440423,23.329425684443528,260.72943041884776
43.46875,42.33125,241.964427845044,23.294457995213953,265.25888584025796
43.46875,42.34375,250.80550083814683,25.24857703727771,276.0540778754245
43.46875,42.35625,253.71473659839347,27.67228105537105,281.38701765376453
43.46875,42.36875,280.3693045701971,27.030670306972958,307.39997487717005
43.46875,42.38125,307.184192950385,28.7115657200465,335.8957586704315
43.46875,42.39375,316.04635623044595,32.07411853194087,348.12047476238683
43.46875,42.40625,318.8076131226449,31.863605311001173,350.67121843364606
43.46875,42.41875,325.45926799233877,33.041049565118925,358.5003175574577
43.46875,42.43125,303.3475829841275,28.917295424591977,332.2648784087195
43.46875,42.44375,304.1607933652793,31.755630269162985,335.91642363444225
43.46875,42.45625,334.5045537013429,35.748381262928234,370.25293496427116
43.46875,42.46875,313.4793241311657,31.28574616420312,344.7650702953688
43.46875,42.48125,318.7613371627661,35.872281756108805,354.6336189188749
43.46875,42.49375,312.1154650967796,35.189690183807784,347.30515528058737
43.46875,42.50625,271.8873141383803,32.49150215227701,304.3788162906573
43.46875,42.51875,271.16225791323757,35.22897234598157,306.3912302592191
43.46875,42.53125,281.21019457217346,32.805653030577076,314.01584760275057
43.46875,42.54375,258.67343802812206,32.816237120780954,291.489675148903
43.46875,42.55625,249.6520553006425,34.65190010229688,284.3039554029394
43.46875,42.56875,249.84662547987173,32.424189969444235,282.270815449316
43.46875,42.58125,264.4570920582628,32.70206255966233,297.15915461792514
43.46875,42.59375,295.0257019300274,33.68774384069769,328.7134457707251
43.46875,42.60625,301.26022985064486,29.466025687338977,330.72625553798383
43.46875,42.61875,309.7311211537428,34.557018085673676,344.28813923941647
43.46875,42.63125,315.4755420052219,35.66551134207755,351.1410533472994
43.46875,42.64375,308.6953641714949,35.292449341804435,343.98781351329933
43.46875,42.65625,317.2327550982783,35.00607247905732,352.2388275773356
43.46875,42.66875,310.8197623576368,34.04540865195547,344.8651710095923
43.46875,42.68125,311.20552224098077,34.68957103539709,345.89509327637785
43.46875,42.69375,299.0644304980359,30.67948281704965,329.74391331508554
43.46875,42.70625,277.24634658243684,32.456012925930196,309.70235950836707
43.46875,42.71875,286.8881775128594,34.140113751747535,321.02829126460693
43.46875,42.73125,268.41975706249127,31.135012939485883,299.55477000197715
43.46875,42.74375,277.66863088841166,34.963726120398974,312.63235700881063
43.46875,42.75625,278.8972739218111,39.409829536590195,318.30710345840134
43.46875,42.76875,284.1188316919369,37.53071822420422,321.64954991614115
43.46875,42.78125,289.9844736868034,38.63398425738581,328.61845794418923
43.46875,42.79375,279.88392750100405,35.02260577673666,314.9065332777407
43.46875,42.80625,271.5213588452277,32.685454786092436,304.2068136313202
43.46875,42.81875,272.694919387976,36.94269747433593,309.6376168623119
43.46875,42.83125,263.4898204411568,36.08701401860543,299.5768344597622
43.46875,42.84375,259.42324737594396,38.30894026801467,297.73218764395864
43.46875,42.85625,253.7900967601045,32.979058543724456,286.76915530382894
43.46875,42.86875,225.6570034832127,29.64623241728973,255.30323590050241
43.46875,42.88125,211.33903447978295,30.258729551581446,241.5977640313644
43.46875,42.89375,227.01645773509102,31.77205743473106,258.78851516982206
43.46875,42.90625,197.66276159612818,29.109574871667633,226.7723364677958
43.46875,42.91875,220.62744371047796,29.27698008391056,249.90442379438852
43.46875,42.93125,199.18026749895893,26.53430441027102,225.71457190922996
43.46875,42.94375,174.5695783354358,28.898808273595897,203.4683866090317
43.46875,42.95625,163.0064856509459,28.85429345632712,191.86077910727303
43.46875,42.96875,150.99650315776142,27.29676160202896,178.2932647597904
43.46875,42.98125,142.67148107290816,27.496582421340563,170.1680634942487
43.46875,42.99375,159.4036953861077,25.437201268140697,184.8408966542484
43.45625,42.00625,273.0732627223891,26.28826977756693,299.361532499956
43.45625,42.01875,294.8547499050946,29.59265383106472,324.4474037361593
43.45625,42.03125,284.1036483584764,23.680593388608127,307.78424174708454
43.45625,42.04375,238.60974720686747,13.252115003573017,251.86186221044048
43.45625,42.05625,202.92131624826158,19.975750148340747,222.89706639660233
43.45625,42.06875,196.84178170133907,22.367132889057494,219.20891459039657
43.45625,42.08125,166.48512380604842,27.284211520616275,193.7693353266647
43.45625,42.09375,156.07092459243023,28.874267773854136,184.94519236628437
43.45625,42.10625,157.86351318426844,24.670831362099193,182.53434454636763
43.45625,42.11875,178.5527530049947,16.721065103698642,195.27381810869335
43.45625,42.13125,198.43318109732496,12.288758310889047,210.721939408214
43.45625,42.14375,237.05568444147934,12.263434424374669,249.31911886585402
43.45625,42.15625,276.22864964537655,17.956954341864904,294.18560398724145
43.45625,42.16875,296.09913668603735,26.832952963528236,322.93208964956557
43.45625,42.18125,298.12055046273747,23.38317445658678,321.50372491932427
43.45625,42.19375,294.68321435430624,23.57479405247727,318.2580084067835
43.45625,42.20625,304.7943229877685,26.469827785489578,331.2641507732581
43.45625,42.21875,275.9563496132807,27.90118153227172,303.8575311455524
43.45625,42.23125,301.3425352866003,22.617318153926583,323.9598534405269
43.45625,42.24375,342.7460917093761,30.530160945392705,373.2762526547688
43.45625,42.25625,342.03640202793446,32.167311614803964,374.2037136427384
43.45625,42.26875,320.8472822732341,26.539111326888783,347.38639360012286
43.45625,42.28125,346.0608430252167,31.645610846475613,377.7064538716923
43.45625,42.29375,302.1670247411397,23.383030412571138,325.55005515371084
43.45625,42.30625,294.7186508417958,22.764510119351918,317.48316096114775
43.45625,42.31875,282.6156886853708,20.347639960705052,302.96332864607587
43.45625,42.33125,301.01480570855887,22.00959540020232,323.0244011087612
43.45625,42.34375,316.5472929004805,26.109405636550363,342.6566985370309
43.45625,42.35625,281.5917517518001,22.558554648807114,304.1503064006072
43.45625,42.36875,270.387740527413,23.558746005921183,293.94648653333417
43.45625,42.38125,335.8004031400629,31.538616956140185,367.33902009620306
43.45625,42.39375,333.88240314220417,29.52925385507738,363.41165699728157
43.45625,42.40625,361.10106454660377,37.03855323019689,398.13961777680066
43.45625,42.41875,358.1753776568151,31.47245952028894,389.64783717710407
43.45625,42.43125,324.5050322722034,27.52447368153437,352.0295059537377
43.45625,42.44375,312.99004063058044,29.123238106702942,342.1132787372834
43.45625,42.45625,354.0976103936706,37.57596183211872,391.6735722257893
43.45625,42.46875,314.199259367589,30.46216859954697,344.661427967136
43.45625,42.48125,305.1682367984079,32.63116873798089,337.7994055363888
43.45625,42.49375,292.6651772641429,29.0758384624705,321.74101572661345
43.45625,42.50625,285.97453942045166,28.085197102115707,314.0597365225674
43.45625,42.51875,294.5060297253095,30.92858806639275,325.43461779170224
43.45625,42.53125,287.0234072500239,31.02450192435976,318.0479091743837
43.45625,42.54375,264.72706764646676,31.249342302574995,295.97640994904174
43.45625,42.55625,240.85247540035243,30.98440001307145,271.83687541342385
43.45625,42.56875,278.28692324033386,30.979090425054295,309.2660136653882
43.45625,42.58125,261.06823990690987,29.27497702649003,290.3432169333999
43.45625,42.59375,264.4705512616743,29.52793626829836,293.99848752997264
43.45625,42.60625,297.11797887463865,27.878519677094136,324.99649855173277
43.45625,42.61875,336.8336997659223,35.168713291346855,372.00241305726917
43.45625,42.63125,338.47481828369956,42.89969951432028,381.37451779801984
43.45625,42.64375,340.29032683983127,40.58787199098779,380.8781988308191
43.45625,42.65625,338.5423809747421,39.05315884810143,377.59553982284353
43.45625,42.66875,353.5745295692511,38.916994200393134,392.49152376964423
43.45625,42.68125,345.9465189481643,36.237591728758105,382.1841106769224
43.45625,42.69375,319.74682179423417,28.25523614876498,348.00205794299916
43.45625,42.70625,306.92726738961636,30.215927352758506,337.1431947423749
43.45625,42.71875,318.10330376090855,35.54702789952237,353.65033166043094
43.45625,42.73125,304.2554120894783,30.910218810706645,335.1656309001849
43.45625,42.74375,278.3177895919163,30.37397814401656,308.6917677359329
43.45625,42.75625,286.97908516478816,31.435151854376585,318.4142370191647
43.45625,42.76875,283.31247939020113,34.12703733345106,317.4395167236522
43.45625,42.78125,289.72879794190686,38.27955496397446,328.00835290588134
43.45625,42.79375,302.7166021954289,39.551370987707,342.2679731831359
43.45625,42.80625,281.92310604038886,38.78545670728677,320.7085627476756
43.45625,42.81875,281.24591291763187,40.8070706908592,322.05298360849105
43.45625,42.83125,268.3985285930204,33.94741881764746,302.34594741066786
43.45625,42.84375,258.19984955202915,35.21795289256611,293.4178024445953
43.45625,42.85625,242.325776019243,30.942029418339466,273.26780543758247
43.45625,42.86875,204.373804425489,28.245968913092156,232.61977333858115
43.45625,42.88125,200.43960773418365,25.969978784899812,226.40958651908346
43.45625,42.89375,190.69885888947474,27.333290317451517,218.03214920692625
43.45625,42.90625,186.1584665778158,24.925255535116506,211.08372211293232
43.45625,42.91875,179.4325030401962,24.596796068607397,204.0292991088036
43.45625,42.93125,198.11179834929953,25.179981954799374,223.2917803040989
43.45625,42.94375,196.306761233446,27.524802093835866,223.83156332728186
43.45625,42.95625,194.19397240823,27.629181004126696,221.8231534123567
43.45625,42.96875,188.08874103379807,26.684422218160428,214.7731632519585
43.45625,42.98125,173.12498721260297,27.56904202801909,200.69402924062206
43.45625,42.99375,149.04294947271177,23.03741419351109,172.08036366622287
43.44375,42.00625,298.799768991354,23.045357476443094,321.84512646779706
43.44375,42.01875,268.9079927751109,18.80393083138392,287.71192360649485
43.44375,42.03125,233.37586242973234,17.404438972544398,250.78030140227673
43.44375,42.04375,191.47053907661333,16.028736207846173,207.49927528445951
43.44375,42.05625,165.65640571554977,21.777057606843478,187.43346332239324
43.44375,42.06875,164.85578878734415,26.50653129973866,191.36232008708282
43.44375,42.08125,174.56126378163762,14.99927531781249,189.56053909945012
43.44375,42.09375,202.12807575472348,17.781466806088428,219.9095425608119
43.44375,42.10625,185.60405711353303,16.348662618372842,201.95271973190586
43.44375,42.11875,163.47161451150822,20.870561392980015,184.34217590448824
43.44375,42.13125,169.1365040528092,24.03634337267638,193.17284742548557
43.44375,42.14375,201.39882370771406,19.901477195765597,221.30030090347967
43.44375,42.15625,240.49678178419794,18.55691257696764,259.0536943611656
43.44375,42.16875,247.7723878541572,18.358225227255755,266.13061308141295
43.44375,42.18125,269.64322999243456,25.630054468905836,295.2732844613404
43.44375,42.19375,234.27356264295082,20.342266413510046,254.61582905646088
43.44375,42.20625,246.21220159683648,23.817212297646133,270.0294138944826
43.44375,42.21875,276.2146280261862,30.611825394051273,306.82645342023744
43.44375,42.23125,282.5755532630257,28.589819429235227,311.1653726922609
43.44375,42.24375,300.7637156242973,30.883849415841727,331.647565040139
43.44375,42.25625,308.73276555543794,33.21065474413311,341.943420299571
43.44375,42.26875,316.6464848809568,30.33784781366495,346.98433269462174
43.44375,42.28125,334.5812782443707,33.1925114006188,367.7737896449895
43.44375,42.29375,322.42140093422927,33.41796370958018,355.83936464380946
43.44375,42.30625,326.61242048645613,31.40212729696946,358.0145477834256
43.44375,42.31875,302.4116803850012,29.55856898937345,331.97024937437465
43.44375,42.33125,339.3625718440323,30.594461276674068,369.95703312070634
43.44375,42.34375,357.6562357560831,33.48536252359355,391.14159827967666
43.44375,42.35625,349.3068652025636,32.722886427731694,382.02975163029527
43.44375,42.36875,312.26290529826406,30.729153980879293,342.99205927914335
43.44375,42.38125,288.68826156525415,29.998575370513116,318.68683693576725
43.44375,42.39375,321.2466912196015,30.07520571856341,351.32189693816485
43.44375,42.40625,372.5924216462164,32.45097610816647,405.04339775438285
43.44375,42.41875,388.8789491007352,39.12672181295694,428.00567091369214
43.44375,42.43125,354.2588532837176,31.548638358006354,385.80749164172397
43.44375,42.44375,346.03441276394193,33.53990064945935,379.5743134134013
43.44375,42.45625,374.7648978890525,40.54191723237646,415.306815121429
43.44375,42.46875,347.60915576217684,34.88178897409455,382.4909447362714
43.44375,42.48125,339.44847458692465,37.56164104011095,377.0101156270356
43.44375,42.49375,328.11362904471736,36.15499843406484,364.2686274787822
43.44375,42.50625,336.8598953059463,41.1936055502738,378.05350085622007
43.44375,42.51875,311.03459894579146,35.255458529754286,346.2900574755457
43.44375,42.53125,289.42179361437707,27.668146896237516,317.0899405106146
43.44375,42.54375,259.3880560569179,29.554256439717175,288.94231249663505
43.44375,42.55625,261.41765060623254,31.882658319841312,293.30030892607385
43.44375,42.56875,289.0543825909917,31.731972702406015,320.7863552933977
43.44375,42.58125,312.21839022524057,32.75501277637849,344.9734030016191
43.44375,42.59375,279.47720997406594,30.464222587255435,309.9414325613214
43.44375,42.60625,270.1554498948685,27.254038916043932,297.4094888109125
43.44375,42.61875,306.5525850463407,33.301327149401935,339.8539121957426
43.44375,42.63125,326.66498122847725,35.55577101220691,362.22075224068413
43.44375,42.64375,332.11746758057916,33.59054137334226,365.7080089539214
43.44375,42.65625,336.12821993446823,33.73317099466398,369.8613909291322
43.44375,42.66875,358.129665290402,35.614790328359035,393.74445561876104
43.44375,42.68125,374.7916805387155,42.1381002292739,416.9297807679894
43.44375,42.69375,355.01389892687746,36.895194924045455,391.9090938509229
43.44375,42.70625,345.5145230814108,34.3997769205037,379.9143000019145
43.44375,42.71875,330.6061880505196,35.09321257036807,365.6994006208877
43.44375,42.73125,325.7704461464366,29.45530512627833,355.22575127271494
43.44375,42.74375,317.14542176449424,33.348535458768865,350.4939572232631
43.44375,42.75625,331.954785868612,37.6277555190355,369.58254138764755
43.44375,42.76875,323.5913736521825,40.1550001830669,363.7463738352494
43.44375,42.78125,311.3697481567212,40.76867979459384,352.138427951315
43.44375,42.79375,307.1185932628888,40.0415760665578,347.1601693294466
43.44375,42.80625,280.46386189768356,30.986026349483488,311.44988824716705
43.44375,42.81875,277.2250229702531,35.575038978514385,312.8000619487675
43.44375,42.83125,262.03184868150475,32.90843628183991,294.94028496334465
43.44375,42.84375,234.2854088316266,30.840253611214102,265.1256624428407
43.44375,42.85625,240.84135688770138,27.566534948066614,268.407891835768
43.44375,42.86875,259.48951539938736,29.54284847854486,289.0323638779322
43.44375,42.88125,237.60853413670486,26.35486476972087,263.9633989064257
43.44375,42.89375,218.07301704832966,24.833695340057666,242.90671238838732
43.44375,42.90625,230.80535706801356,24.403224974956675,255.20858204297025
43.44375,42.91875,236.7541555040539,25.380738819132624,262.13489432318653
43.44375,42.93125,226.84822248056147,26.794790603599466,253.64301308416094
43.44375,42.94375,199.07632949951153,21.36875441949546,220.445083919007
43.44375,42.95625,207.95636374453048,25.865628170132467,233.82199191466293
43.44375,42.96875,182.921992650895,24.143366708403427,207.0653593592984
43.44375,42.98125,148.75494582594965,23.145323046207217,171.90026887215686
43.44375,42.99375,132.3355377761701,23.009452128149526,155.34498990431962
43.43125,42.00625,230.75990396573485,18.494971850699038,249.2548758164339
43.43125,42.01875,193.66016205723838,15.244327502199987,208.90448955943836
43.43125,42.03125,174.35311887386692,21.48112748532572,195.83424635919263
43.43125,42.04375,181.351323398397,18.347591366854957,199.69891476525197
43.43125,42.05625,201.65123067896457,16.413522911785712,218.06475359075029
43.43125,42.06875,220.73149538476244,17.55255877025674,238.2840541550192
43.43125,42.08125,205.2582495100755,18.226362963980367,223.48461247405587
43.43125,42.09375,272.23890444256836,24.375165378306416,296.61406982087476
43.43125,42.10625,252.90368503485078,16.655705533839935,269.55939056869073
43.43125,42.11875,209.8327639820611,14.199233820415678,224.03199780247678
43.43125,42.13125,176.35160244077937,18.536334626081306,194.88793706686067
43.43125,42.14375,167.12389642967946,25.816928993473198,192.94082542315266
43.43125,42.15625,177.31392857091384,21.983319060264154,199.297247631178
43.43125,42.16875,197.22805996690735,19.387379236935494,216.61543920384284
43.43125,42.18125,209.0618270596379,17.46943141230447,226.53125847194235
43.43125,42.19375,216.19836843784947,22.652438209708357,238.85080664755782
43.43125,42.20625,260.97363758121645,24.15799533599075,285.1316329172072
43.43125,42.21875,287.99675593403504,28.026529436537896,316.0232853705729
43.43125,42.23125,273.511831535052,27.517163671094966,301.028995206147
43.43125,42.24375,276.1533004717211,28.621613221621164,304.7749136933422
43.43125,42.25625,291.89308537749764,29.983777328750943,321.8768627062486
43.43125,42.26875,286.15397674172374,24.992676084585412,311.14665282630915
43.43125,42.28125,300.6972732325168,26.92733959129259,327.6246128238094
43.43125,42.29375,288.56016417198094,27.591592694088995,316.15175686606995
43.43125,42.30625,331.501073575718,32.95739383241385,364.45846740813187
43.43125,42.31875,335.6744459900013,36.76060270137704,372.4350486913783
43.43125,42.33125,333.10109669749926,32.28984961476698,365.39094631226624
43.43125,42.34375,344.87646376444656,33.94899355593205,378.82545732037863
43.43125,42.35625,342.95665522473115,34.60990404446538,377.56655926919655
43.43125,42.36875,331.98706683953634,30.15835013647984,362.1454169760162
43.43125,42.38125,326.76042311756464,31.50152060351775,358.2619437210824
43.43125,42.39375,302.588832020355,29.027772905094643,331.6166049254497
43.43125,42.40625,337.54226198201826,29.394093331787,366.9363553138053
43.43125,42.41875,369.9851439794916,37.096359265433364,407.081503244925
43.43125,42.43125,357.7199428010378,38.015068391052814,395.7350111920906
43.43125,42.44375,329.56409799501535,35.98261668291788,365.5467146779332
43.43125,42.45625,325.1276070256509,33.94662036939025,359.07422739504113
43.43125,42.46875,320.419489323561,31.357070762622712,351.7765600861837
43.43125,42.48125,321.5343930822074,36.15284251222038,357.68723559442776
43.43125,42.49375,310.3771971347774,34.75037072211951,345.1275678568969
43.43125,42.50625,291.0925908161818,36.697375547253934,327.7899663634358
43.43125,42.51875,287.0056668044936,34.692576591998794,321.6982433964924
43.43125,42.53125,285.1858519347625,35.064012595158296,320.24986452992084
43.43125,42.54375,273.3779499237732,35.21791543994061,308.5958653637138
43.43125,42.55625,265.5255344181854,25.103863430976975,290.62939784916233
43.43125,42.56875,313.0055770345956,28.638155198181337,341.6437322327769
43.43125,42.58125,310.00109924375863,31.847772253319256,341.8488714970779
43.43125,42.59375,312.2787662143651,34.300410239545755,346.5791764539108
43.43125,42.60625,265.97067619975866,32.13937547110109,298.1100516708598
43.43125,42.61875,287.87312840741413,31.383338368814073,319.2564667762282
43.43125,42.63125,287.5263771666644,32.85784474300027,320.3842219096647
43.43125,42.64375,288.194532347448,33.62223156252782,321.8167639099758
43.43125,42.65625,294.7018733543536,31.88843452797304,326.59030788232667
43.43125,42.66875,314.53653839528374,31.43708259917745,345.9736209944612
43.43125,42.68125,321.9305089115467,33.90502126478062,355.8355301763273
43.43125,42.69375,336.92468259328786,35.78275446655399,372.7074370598418
43.43125,42.70625,351.0812016071377,38.45174375235054,389.5329453594882
43.43125,42.71875,369.39695421232375,38.83232410210787,408.2292783144316
43.43125,42.73125,350.47924292155744,34.13236419449947,384.6116071160569
43.43125,42.74375,348.65950418517366,38.02413984259658,386.68364402777024
43.43125,42.75625,320.09463212886214,33.53390246485458,353.6285345937167
43.43125,42.76875,289.3770015018649,33.647589180334734,323.0245906821997
43.43125,42.78125,301.90654041777987,35.10282207178213,337.009362489562
43.43125,42.79375,295.3166439581746,35.865339364885784,331.1819833230604
43.43125,42.80625,277.255736073032,32.57463411011298,309.83037018314496
43.43125,42.81875,242.52181061803054,29.942337899396676,272.46414851742725
43.43125,42.83125,249.70154244847566,28.762064570087126,278.4636070185628
43.43125,42.84375,266.5371321782807,29.91270776000092,296.44983993828157
43.43125,42.85625,269.3329083967127,29.174557698671034,298.50746609538373
43.43125,42.86875,270.16851196710775,31.255809693343323,301.4243216604511
43.43125,42.88125,266.8954425161198,29.68659292743634,296.5820354435561
43.43125,42.89375,263.0340235683493,30.208584363716497,293.2426079320658
43.43125,42.90625,256.037079231784,23.927147090337854,279.9642263221218
43.43125,42.91875,231.49913777786279,20.617146966045315,252.1162847439081
43.43125,42.93125,196.1578379796867,21.030758217433196,217.1885961971199
43.43125,42.94375,159.6526792966378,19.369712513152166,179.02239180978998
43.43125,42.95625,141.45473992312387,23.3552833394248,164.81002326254867
43.43125,42.96875,137.50155503592742,22.39538246656781,159.89693750249523
43.43125,42.98125,157.1310516855097,19.676303407804433,176.80735509331413
43.43125,42.99375,193.94319276981173,25.246076785341522,219.18926955515326
43.41875,42.00625,175.46816323321224,28.122894778534487,203.59105801174672
43.41875,42.01875,177.3566959428723,16.924233207033584,194.2809291499059
43.41875,42.03125,221.6599632961884,12.858164544154782,234.5181278403432
43.41875,42.04375,239.6790178715035,13.978321648544977,253.65733952004848
43.41875,42.05625,275.50559711879384,17.865908488238304,293.37150560703213
43.41875,42.06875,261.21706046839097,15.361203809197892,276.57826427758886
43.41875,42.08125,245.1140575988407,18.34898251019793,263.4630401090386
43.41875,42.09375,220.43568870193596,17.974827234921882,238.41051593685785
43.41875,42.10625,283.23230123404704,24.17981694827341,307.41211818232046
43.41875,42.11875,272.6525677761632,16.688568246319928,289.3411360224831
43.41875,42.13125,227.5308066203168,11.683894674945876,239.21470129526267
43.41875,42.14375,204.9298064860641,15.660456395325156,220.59026288138926
43.41875,42.15625,172.52769320218954,27.614206367915756,200.1418995701053
43.41875,42.16875,172.09865884545042,25.39813047946805,197.49678932491847
43.41875,42.18125,236.45623963303316,28.531128653108404,264.9873682861416
43.41875,42.19375,235.17607871090087,19.60684879358907,254.78292750448995
43.41875,42.20625,207.5099589774528,19.764580781440134,227.27453975889296
43.41875,42.21875,213.48600940906016,20.434794697381722,233.9208041064419
43.41875,42.23125,229.11773422836453,21.103789558222537,250.22152378658706
43.41875,42.24375,241.29234482821377,24.20440606783145,265.4967508960452
43.41875,42.25625,234.00924715857872,24.971778856022787,258.9810260146015
43.41875,42.26875,235.97285892747516,27.271087839753104,263.24394676722824
43.41875,42.28125,246.30046101700836,25.56547956868812,271.8659405856965
43.41875,42.29375,260.2937880781921,25.38859764849825,285.68238572669037
43.41875,42.30625,277.2236499171261,26.0434597138531,303.26710963097923
43.41875,42.31875,280.3691746396237,27.904851328817045,308.2740259684407
43.41875,42.33125,295.87797499703936,28.371534176011494,324.24950917305085
43.41875,42.34375,325.414345103429,32.2291523447611,357.6434974481901
43.41875,42.35625,345.98852732723486,30.7480048380586,376.73653216529345
43.41875,42.36875,377.2922933420279,38.06913887808092,415.36143222010884
43.41875,42.38125,362.2391790110287,33.61334304868177,395.85252205971045
43.41875,42.39375,330.7005281781454,33.29739609831193,363.99792427645735
43.41875,42.40625,361.6733234301332,32.38534173025741,394.05866516039066
43.41875,42.41875,369.56183550020506,36.7610609271176,406.3228964273227
43.41875,42.43125,340.3376350610782,37.52431529078402,377.8619503518622
43.41875,42.44375,346.43692319778734,41.83632112349538,388.27324432128273
43.41875,42.45625,342.29766025735245,41.53561032792932,383.83327058528175
43.41875,42.46875,330.29186258941695,39.634282522946435,369.9261451123634
43.41875,42.48125,329.74678554792837,41.81496105140364,371.561746599332
43.41875,42.49375,320.9120963456163,38.422040034533566,359.33413638014986
43.41875,42.50625,327.1234286426218,38.96042851626285,366.0838571588846
43.41875,42.51875,308.45087960641047,36.437615440588694,344.88849504699914
43.41875,42.53125,302.4316000262991,36.35062906962702,338.78222909592614
43.41875,42.54375,298.80074032730516,34.38696991186501,333.1877102391702
43.41875,42.55625,296.9897643660114,30.62139118847877,327.61115555449015
43.41875,42.56875,348.5772266693983,30.953938679208495,379.5311653486068
43.41875,42.58125,328.4369596488589,32.66875229848578,361.1057119473447
43.41875,42.59375,304.55481345218374,28.127986713560286,332.682800165744
43.41875,42.60625,296.2215037034409,29.28590210468674,325.5074058081276
43.41875,42.61875,298.1108225346322,28.350388711005408,326.46121124563757
43.41875,42.63125,307.0724707567956,28.064235091631282,335.1367058484269
43.41875,42.64375,327.9119933937086,30.595840063755606,358.5078334574642
43.41875,42.65625,334.45524171728607,27.51358640261174,361.9688281198978
43.41875,42.66875,316.04665441773324,28.07736047442198,344.12401489215523
43.41875,42.68125,318.15393913025457,27.690786482122054,345.84472561237664
43.41875,42.69375,322.8919978322903,35.359343523306876,358.2513413555972
43.41875,42.70625,333.54432568949585,38.376544145673755,371.9208698351696
43.41875,42.71875,331.7545053588016,36.53901238082075,368.29351773962236
43.41875,42.73125,306.47763536054896,30.766012519620354,337.2436478801693
43.41875,42.74375,291.7882614818847,29.28913555348597,321.07739703537067
43.41875,42.75625,282.8394286453467,29.40683909184233,312.246267737189
43.41875,42.76875,273.27254100888547,33.249261999412646,306.5218030082981
43.41875,42.78125,268.98478493733523,31.34729164657378,300.33207658390904
43.41875,42.79375,266.9159169408255,31.346466555402444,298.262383496228
43.41875,42.80625,266.8766980542144,28.37129879141463,295.247996845629
43.41875,42.81875,286.44351631910615,27.093182992067437,313.5366993111736
43.41875,42.83125,294.56256826649945,26.538867395572094,321.10143566207154
43.41875,42.84375,294.5295611515947,27.947989816050537,322.47755096764524
43.41875,42.85625,279.73328278379546,31.18270277789255,310.915985561688
43.41875,42.86875,277.81475218984826,31.44825691688839,309.26300910673666
43.41875,42.88125,274.3343961881607,29.86637578209209,304.2007719702528
43.41875,42.89375,249.55448497113636,27.364894298498776,276.91937926963516
43.41875,42.90625,202.5522254480195,19.066848471016794,221.61907391903628
43.41875,42.91875,169.7593266433295,13.997892131829232,183.75721877515872
43.41875,42.93125,152.2828246711153,16.772783401174756,169.05560807229006
43.41875,42.94375,141.872032653453,21.38011043192971,163.25214308538273
43.41875,42.95625,185.6629181985234,19.05095100268162,204.71386920120503
43.41875,42.96875,185.81877132804712,17.06359931841747,202.88237064646458
43.41875,42.98125,184.6535594906231,17.53363003385786,202.18718952448097
43.41875,42.99375,219.72722854487782,24.706365024104272,244.43359356898208
43.40625,42.00625,196.03749101769355,17.263123269036388,213.30061428672994
43.40625,42.01875,230.15956438796914,21.354830259223267,251.5143946471924
43.40625,42.03125,288.53825540570426,13.138579906410627,301.6768353121149
43.40625,42.04375,319.0962108963716,20.140248763361896,339.2364596597335
43.40625,42.05625,322.6971094916434,20.303669005344254,343.00077849698766
43.40625,42.06875,280.6259113728715,21.657544673677943,302.2834560465494
43.40625,42.08125,305.886513313206,24.451593683510037,330.3381069967161
43.40625,42.09375,240.93394225884254,20.10040720381442,261.03434946265696
43.40625,42.10625,277.0542465763087,18.80497953468727,295.85922611099596
43.40625,42.11875,300.0520280030513,18.544149507036515,318.59617751008784
43.40625,42.13125,297.4096269688244,17.4154724571843,314.8250994260087
43.40625,42.14375,234.61198705569294,13.401616474239404,248.01360352993234
43.40625,42.15625,230.12902200901385,17.203635790866052,247.3326577998799
43.40625,42.16875,176.2915266872229,18.361602651448138,194.65312933867102
43.40625,42.18125,176.29645129217116,22.734684280063277,199.03113557223443
43.40625,42.19375,243.19493779394918,20.660211288482806,263.855149082432
43.40625,42.20625,285.67210264387614,24.599958419154515,310.27206106303066
43.40625,42.21875,275.4216593054693,15.701849008524867,291.12350831399414
43.40625,42.23125,301.88980380262103,16.878001713540055,318.7678055161611
43.40625,42.24375,294.7396909975698,19.507191598252838,314.2468825958227
43.40625,42.25625,308.05386638481883,24.10444308619067,332.1583094710095
43.40625,42.26875,262.84332182555113,24.096893726633503,286.9402155521846
43.40625,42.28125,285.4112250764553,28.31917156738316,313.73039664383845
43.40625,42.29375,260.8548140631975,25.92514873954983,286.7799628027474
43.40625,42.30625,271.84309566893853,29.372981706646723,301.21607737558526
43.40625,42.31875,313.44528031317753,33.194194603992855,346.6394749171704
43.40625,42.33125,312.93664491267833,32.238352822228634,345.174997734907
43.40625,42.34375,294.71655828370893,31.10227143224757,325.8188297159565
43.40625,42.35625,307.6795307682631,28.58551463414755,336.26504540241064
43.40625,42.36875,334.8811979574896,33.16868550807857,368.04988346556814
43.40625,42.38125,351.4500695333659,36.85919932329014,388.309268856656
43.40625,42.39375,366.63078976754673,34.981031872550176,401.6118216400969
43.40625,42.40625,365.38758608185196,35.894400668125556,401.28198674997753
43.40625,42.41875,390.2170956194716,41.400187066999,431.6172826864706
43.40625,42.43125,356.2176989207943,37.591416882712466,393.80911580350676
43.40625,42.44375,375.7808584190045,38.71529214735446,414.496150566359
43.40625,42.45625,374.00426701058694,38.21041594276706,412.214682953354
43.40625,42.46875,362.52508041246483,36.776758706274585,399.3018391187394
43.40625,42.48125,356.77916470780616,36.583024708158966,393.36218941596513
43.40625,42.49375,345.5060284016317,37.488829372249036,382.9948577738807
43.40625,42.50625,350.1824593003121,39.3084303088629,389.490889609175
43.40625,42.51875,335.4442471338707,36.803053929279564,372.24730106315025
43.40625,42.53125,335.14723921431784,40.64908345424147,375.7963226685593
43.40625,42.54375,338.8570254029285,38.18527811035319,377.0423035132817
43.40625,42.55625,333.9657094393765,37.98699711285093,371.9527065522274
43.40625,42.56875,330.8023192917468,34.23687041092175,365.0391897026686
43.40625,42.58125,360.586559218595,40.65944235025417,401.2460015688492
43.40625,42.59375,318.53503087964697,32.93477557304846,351.4698064526954
43.40625,42.60625,305.2615253590127,31.096902989577195,336.3584283485899
43.40625,42.61875,345.9445584842891,35.77452128666061,381.7190797709497
43.40625,42.63125,327.194193811384,31.29141907986785,358.4856128912519
43.40625,42.64375,378.19223626157816,36.58824308680909,414.78047934838725
43.40625,42.65625,364.32881316086446,32.691383736741074,397.0201968976055
43.40625,42.66875,395.2987923160081,39.24948280027988,434.548275116288
43.40625,42.68125,349.3866245343064,31.69370155335748,381.0803260876639
43.40625,42.69375,341.30904831818657,33.64662710038655,374.95567541857315
43.40625,42.70625,361.4513917509814,34.00691031917866,395.45830207016
43.40625,42.71875,341.7765573756957,28.757665804598375,370.5342231802941
43.40625,42.73125,363.97544867070457,31.568371376968525,395.5438200476731
43.40625,42.74375,315.7210097034943,28.817438402377956,344.53844810587225
43.40625,42.75625,309.9652137900028,28.613098479906146,338.57831226990896
43.40625,42.76875,327.47420263028886,27.59867910353258,355.0728817338214
43.40625,42.78125,320.95505202309613,29.430921111977344,350.38597313507347
43.40625,42.79375,285.81272799677294,26.869822812791032,312.68255080956396
43.40625,42.80625,312.61678673332614,23.303506854793646,335.92029358811976
43.40625,42.81875,318.65820580920206,23.886282849425083,342.54448865862713
43.40625,42.83125,340.01457482496477,33.409635813227396,373.42421063819216
43.40625,42.84375,304.6641044870608,30.18969119878669,334.8537956858475
43.40625,42.85625,266.527590172914,27.043024043059233,293.57061421597325
43.40625,42.86875,234.80127513201748,25.81473244923998,260.61600758125746
43.40625,42.88125,227.0636870020348,22.25701625504906,249.32070325708386
43.40625,42.89375,215.46333474974034,18.186362676729807,233.64969742647014
43.40625,42.90625,201.3019701108874,19.212070400152452,220.51404051103984
43.40625,42.91875,160.1748456856496,19.80986752723779,179.98471321288739
43.40625,42.93125,146.8387955970196,21.634428007748305,168.47322360476792
43.40625,42.94375,186.80418149856953,17.871423464581955,204.6756049631515
43.40625,42.95625,210.41935146446016,14.974945475408944,225.3942969398691
43.40625,42.96875,233.47701206106575,20.881975197396883,254.35898725846263
43.40625,42.98125,234.31008143079706,22.583657404591378,256.89373883538843
43.40625,42.99375,229.90998366844576,24.188583994347987,254.09856766279376
43.39375,42.00625,251.69468597918234,16.242220094678807,267.93690607386117
43.39375,42.01875,288.7167542829937,11.949320271236463,300.66607455423014
43.39375,42.03125,286.31464484464044,18.323105200689067,304.6377500453295
43.39375,42.04375,337.8011288678984,30.643331027628697,368.4444598955271
43.39375,42.05625,348.31708854522407,30.1825751257258,378.4996636709499
43.39375,42.06875,316.83562804775397,29.8174286871594,346.6530567349134
43.39375,42.08125,313.7965936257462,23.493562165183075,337.29015579092925
43.39375,42.09375,252.21914585469332,20.582265324996424,272.80141117968975
43.39375,42.10625,295.75992721026483,20.251953717831967,316.0118809280968
43.39375,42.11875,345.3332606026265,30.11878898351378,375.45204958614033
43.39375,42.13125,316.5789693021504,18.03954352618922,334.61851282833965
43.39375,42.14375,275.1756547388903,18.262401508223046,293.4380562471133
43.39375,42.15625,277.7655401627778,14.833144139681991,292.5986843024598
43.39375,42.16875,222.59645798268616,20.479736736761932,243.0761947194481
43.39375,42.18125,171.58729731001134,28.12956843544343,199.71686574545475
43.39375,42.19375,212.4807338251347,18.95976909210982,231.44050291724452
43.39375,42.20625,247.00434039793737,17.584541183394652,264.58888158133203
43.39375,42.21875,294.48336116848475,21.876185214848725,316.35954638333345
43.39375,42.23125,339.1907268305528,26.757127259022266,365.94785408957506
43.39375,42.24375,350.31044545458604,34.327165188409445,384.63761064299547
43.39375,42.25625,340.2916171292057,30.44909678865425,370.7407139178599
43.39375,42.26875,280.70373753091246,28.2996642638267,309.00340179473915
43.39375,42.28125,313.6553385543419,26.75135695561669,340.4066955099586
43.39375,42.29375,308.0647583776775,25.554789784955023,333.6195481626325
43.39375,42.30625,279.883066841413,26.581464969085605,306.4645318104986
43.39375,42.31875,283.65370373807815,28.9136178228396,312.5673215609178
43.39375,42.33125,337.9027978458383,27.224910755589068,365.12770860142734
43.39375,42.34375,329.87843692255643,31.27875320263673,361.15719012519315
43.39375,42.35625,322.5447461415861,32.04505592314317,354.58980206472927
43.39375,42.36875,340.63446825986057,35.57124523902856,376.2057134988891
43.39375,42.38125,348.6653435751201,32.82395690432581,381.48930047944594
43.39375,42.39375,386.6360523970425,33.7544763200919,420.3905287171344
43.39375,42.40625,405.2484901143768,38.235231990687865,443.48372210506466
43.39375,42.41875,386.9890956266049,36.52049914987509,423.50959477648
43.39375,42.43125,391.1851663695684,36.88179378308024,428.0669601526486
43.39375,42.44375,413.0291641193622,39.65921856927214,452.6883826886343
43.39375,42.45625,419.7120175980488,40.213488966664016,459.9255065647128
43.39375,42.46875,405.1177479237368,38.21536614380898,443.33311406754575
43.39375,42.48125,400.27714285920985,37.23536012338422,437.51250298259407
43.39375,42.49375,380.9167666272401,37.1692652321001,418.0860318593402
43.39375,42.50625,371.5683856581651,40.457772173481985,412.0261578316471
43.39375,42.51875,354.1453425958727,41.01925671637754,395.16459931225023
43.39375,42.53125,350.0957960670732,42.70681470292152,392.8026107699947
43.39375,42.54375,359.91244791687774,45.71538297456724,405.627830891445
43.39375,42.55625,362.25089685177494,45.58125790587747,407.8321547576524
43.39375,42.56875,349.06815979682125,33.18313003107287,382.25128982789414
43.39375,42.58125,355.27040787934993,32.73246728292108,388.00287516227104
43.39375,42.59375,341.03694925111165,30.14156684488789,371.17851609599956
43.39375,42.60625,325.5139513976308,30.046195926294644,355.56014732392543
43.39375,42.61875,340.2412008241813,32.66237319132591,372.9035740155072
43.39375,42.63125,359.5677067098239,37.850743982562484,397.4184506923864
43.39375,42.64375,371.9772283725339,38.075324596083426,410.0525529686173
43.39375,42.65625,353.728467600693,30.3889966229235,384.11746422361654
43.39375,42.66875,357.17924702196524,30.709981073832882,387.8892280957981
43.39375,42.68125,365.1665777164782,32.28258419973153,397.44916191620973
43.39375,42.69375,372.4270783621084,32.673680299815636,405.10075866192403
43.39375,42.70625,390.4992017723144,36.61775644411546,427.11695821642985
43.39375,42.71875,387.90213123733196,34.4683185156844,422.3704497530164
43.39375,42.73125,367.26480977509254,34.00594574034193,401.2707555154345
43.39375,42.74375,339.7898027301839,31.41892514475092,371.2087278749348
43.39375,42.75625,346.8423393379888,30.995168540252394,377.8375078782412
43.39375,42.76875,363.55210265867896,34.30525677116374,397.8573594298427
43.39375,42.78125,332.97199233786273,25.506718616858745,358.47871095472146
43.39375,42.79375,320.2279388870495,28.779665498079712,349.00760438512924
43.39375,42.80625,356.7676726965452,27.371662203570292,384.1393349001155
43.39375,42.81875,366.1450789011437,33.64236932705209,399.7874482281958
43.39375,42.83125,330.02174234359046,27.603250900305913,357.62499324389637
43.39375,42.84375,298.42107820798725,27.144715419736514,325.5657936277238
43.39375,42.85625,266.07968195944255,21.497647308785744,287.5773292682283
43.39375,42.86875,246.3255298624364,23.834911983309475,270.1604418457459
43.39375,42.88125,236.50130267029263,22.7061671619128,259.20746983220545
43.39375,42.89375,220.0676781292655,21.867894668434868,241.93557279770036
43.39375,42.90625,180.89017740925425,25.1833875416749,206.07356495092915
43.39375,42.91875,146.788600845596,27.96660111642074,174.75520196201674
43.39375,42.93125,157.933732596492,24.404917700619357,182.33865029711137
43.39375,42.94375,205.5573094863963,21.573554075139846,227.13086356153613
43.39375,42.95625,242.52389947434742,28.26804562256516,270.79194509691257
43.39375,42.96875,250.07744411907208,31.932023248713215,282.0094673677853
43.39375,42.98125,268.5492338114015,35.62119249684028,304.17042630824176
43.39375,42.99375,262.9459585536825,32.97118622293106,295.91714477661355
43.38125,42.00625,238.50545642531517,20.29169034500103,258.7971467703162
43.38125,42.01875,305.1162172769846,20.414973167916624,325.53119044490126
43.38125,42.03125,355.4488140256961,31.808827310096824,387.2576413357929
43.38125,42.04375,318.63562754926267,29.865700504822016,348.5013280540847
43.38125,42.05625,352.1494517067987,35.90624247375138,388.05569418055006
43.38125,42.06875,341.5183548566614,35.48284789310239,377.0012027497638
43.38125,42.08125,345.01083511403715,26.90271477065324,371.9135498846904
43.38125,42.09375,279.9147809060508,23.285758437273742,303.2005393433245
43.38125,42.10625,307.80310931034063,24.28157673491159,332.0846860452522
43.38125,42.11875,350.60220920885934,31.523420168730034,382.12562937758935
43.38125,42.13125,333.6144189808245,25.765540505599777,359.3799594864243
43.38125,42.14375,332.6337978145062,30.916367599175707,363.5501654136819
43.38125,42.15625,279.3599648139851,20.20226817517412,299.5622329891592
43.38125,42.16875,241.38401471839015,15.222028792117882,256.606043510508
43.38125,42.18125,181.00556102613095,20.110615024805057,201.11617605093602
43.38125,42.19375,194.6076051383916,20.863503673283898,215.4711088116755
43.38125,42.20625,258.88150609286214,20.117664857191926,278.99917095005407
43.38125,42.21875,269.1598375347216,19.474529668778292,288.6343672034999
43.38125,42.23125,322.14102855025436,23.175390081048377,345.3164186313027
43.38125,42.24375,331.57594323449354,30.24920660779726,361.8251498422908
43.38125,42.25625,336.03419924624296,28.253972639717038,364.28817188596
43.38125,42.26875,289.1335760788169,25.154780539353627,314.2883566181705
43.38125,42.28125,325.19702398044956,30.345790769365404,355.54281474981497
43.38125,42.29375,351.37145125039683,31.024805991527746,382.39625724192456
43.38125,42.30625,317.3298548748088,27.308554622558983,344.6384094973678
43.38125,42.31875,272.8650640868938,31.810367536623453,304.6754316235173
43.38125,42.33125,335.23979748960573,28.339041423198076,363.5788389128038
43.38125,42.34375,377.95387163824074,40.083534913684844,418.0374065519256
43.38125,42.35625,360.95951171735015,38.78362590750518,399.7431376248553
43.38125,42.36875,348.34418322215936,32.374205376698974,380.7183885988583
43.38125,42.38125,372.1301647541792,36.601738173895754,408.73190292807493
43.38125,42.39375,397.7621835394273,23.55744842612149,421.3196319655488
43.38125,42.40625,444.74907806614834,35.516030590346396,480.26510865649476
43.38125,42.41875,426.018427006384,33.41159875434198,459.430025760726
43.38125,42.43125,428.7898245373978,29.505126985860617,458.2949515232584
43.38125,42.44375,450.5307469084959,32.603733959965,483.1344808684609
43.38125,42.45625,450.0035080547901,36.14705068501965,486.15055873980975
43.38125,42.46875,444.1058257161496,34.011246161213165,478.1170718773627
43.38125,42.48125,434.80638692489754,33.35010967906966,468.1564966039672
43.38125,42.49375,407.98335252993974,36.59712390804915,444.58047643798886
43.38125,42.50625,391.81909730419505,39.87783210993619,431.69692941413126
43.38125,42.51875,381.82982450781503,41.822169263755356,423.6519937715704
43.38125,42.53125,371.9139848796167,46.66786691803691,418.5818517976536
43.38125,42.54375,365.59317349969194,47.50967165665196,413.1028451563439
43.38125,42.55625,357.78990335110126,39.15042212945803,396.9403254805593
43.38125,42.56875,370.54197023690176,32.83460467756873,403.3765749144705
43.38125,42.58125,401.33780262547805,36.30971171502071,437.6475143404988
43.38125,42.59375,367.0872188002165,30.668535264025856,397.75575406424235
43.38125,42.60625,362.3679143165254,35.450482111994205,397.8183964285196
43.38125,42.61875,389.88336693762676,37.91828467280692,427.8016516104337
43.38125,42.63125,359.88300558863125,36.06422587116182,395.94723145979304
43.38125,42.64375,350.19289520292097,30.810579524888734,381.0034747278097
43.38125,42.65625,327.9036777671943,28.429198133450818,356.33287590064515
43.38125,42.66875,317.7184286051374,31.602167599872438,349.3205962050098
43.38125,42.68125,314.5225101586307,28.633539151955627,343.15604931058635
43.38125,42.69375,340.2672322770267,26.405026572627875,366.6722588496546
43.38125,42.70625,331.8216973236836,27.172116995583757,358.99381431926736
43.38125,42.71875,346.48352067696965,27.834580828355353,374.318101505325
43.38125,42.73125,330.9251003276906,25.92739068571413,356.8524910134047
43.38125,42.74375,345.58180874984834,29.12894347447351,374.7107522243218
43.38125,42.75625,360.5335180713358,29.09746440736664,389.63098247870244
43.38125,42.76875,344.43520912254456,27.15029306712248,371.58550218966707
43.38125,42.78125,353.93490419303276,29.419606633319106,383.3545108263519
43.38125,42.79375,354.4043165414862,33.39718948600609,387.8015060274923
43.38125,42.80625,373.34874966118906,34.70910988864169,408.05785954983077
43.38125,42.81875,389.46532743179966,35.78754583530613,425.25287326710577
43.38125,42.83125,347.34391417670605,26.27929069374432,373.62320487045037
43.38125,42.84375,307.6372285966768,20.55014245718233,328.1873710538591
43.38125,42.85625,281.09408711066965,19.508657816235765,300.6027449269054
43.38125,42.86875,264.4581400221992,17.415336480899548,281.87347650309874
43.38125,42.88125,256.2154692160633,18.259776972158342,274.47524618822166
43.38125,42.89375,229.09850860912508,20.88266674410764,249.98117535323271
43.38125,42.90625,166.18999404063857,22.255754774511324,188.4457488151499
43.38125,42.91875,155.0569670145494,19.539789908140214,174.59675692268962
43.38125,42.93125,177.04622846940626,22.088291323084974,199.13451979249123
43.38125,42.94375,194.10975893219072,17.939588319813712,212.04934725200442
43.38125,42.95625,213.82826700873565,20.251199833062916,234.07946684179856
43.38125,42.96875,232.8233511360609,27.347031965303422,260.17038310136434
43.38125,42.98125,258.84209346278425,32.77433835455183,291.6164318173361
43.38125,42.99375,255.432644224825,34.583179455576925,290.0158236804019
43.36875,42.00625,226.66201352832115,19.131377585864847,245.793391114186
43.36875,42.01875,256.30025168201365,12.011978935409545,268.3122306174232
43.36875,42.03125,296.22847457414747,22.246411569665366,318.47488614381285
43.36875,42.04375,334.82739105401157,25.91202207833334,360.7394131323449
43.36875,42.05625,361.2820637864335,29.710034639207368,390.9920984256409
43.36875,42.06875,363.50270720488965,38.3897025725434,401.89240977743304
43.36875,42.08125,325.4895455306003,30.336814709832343,355.8263602404327
43.36875,42.09375,289.2993998132747,28.333726710761617,317.6331265240363
43.36875,42.10625,311.23216305100476,27.244100441696816,338.4762634927016
43.36875,42.11875,368.9167561509482,36.088315192363254,405.00507134331144
43.36875,42.13125,360.82768759340047,35.2969340051492,396.12462159854965
43.36875,42.14375,339.4521850816126,25.404059192035124,364.8562442736477
43.36875,42.15625,315.4712384584666,25.182009208630348,340.65324766709693
43.36875,42.16875,265.65514197930577,17.432956145855556,283.0880981251613
43.36875,42.18125,202.92092677315063,19.192768862436644,222.11369563558728
43.36875,42.19375,183.531602192217,22.712271727965692,206.2438739201827
43.36875,42.20625,258.5315988814338,21.079463863941804,279.6110627453756
43.36875,42.21875,302.59252048452265,23.851706425835598,326.4442269103582
43.36875,42.23125,301.098870465101,21.79883552601144,322.89770599111245
43.36875,42.24375,332.8737688588136,29.693439883665604,362.56720874247924
43.36875,42.25625,358.60215142793714,30.30628419226676,388.90843562020393
43.36875,42.26875,326.7801386046971,28.926201141109146,355.7063397458062
43.36875,42.28125,329.77408797971566,33.36289593593614,363.1369839156518
43.36875,42.29375,363.63452626611524,34.412884467947634,398.04741073406285
43.36875,42.30625,341.0585150360846,27.376108736695233,368.43462377277984
43.36875,42.31875,283.48536838756246,30.435198615571522,313.920567003134
43.36875,42.33125,329.82417851833264,28.452210320789877,358.27638883912255
43.36875,42.34375,379.13346708506964,35.76662639126248,414.90009347633213
43.36875,42.35625,383.8960635058597,36.786856982893624,420.6829204887533
43.36875,42.36875,384.2227309272382,39.20946797828734,423.4321989055256
43.36875,42.38125,396.93458314748887,36.3930811570776,433.3276643045665
43.36875,42.39375,422.9381856399098,31.65905727362387,454.5972429135337
43.36875,42.40625,491.3141770368652,35.8009628264837,527.1151398633489
43.36875,42.41875,504.3880211249583,29.742883879297366,534.1309050042556
43.36875,42.43125,512.3692392580363,25.19745798891796,537.5666972469542
43.36875,42.44375,526.5618817085513,28.134832200787713,554.696713909339
43.36875,42.45625,520.645360895813,31.686865210449838,552.3322261062629
43.36875,42.46875,506.40708128333483,33.66575904299073,540.0728403263256
43.36875,42.48125,467.89945110791444,32.17972381752138,500.07917492543584
43.36875,42.49375,434.9398850159118,38.7798833436555,473.7197683595673
43.36875,42.50625,414.7913449526812,42.54035314035147,457.3316980930326
43.36875,42.51875,392.5239671914086,44.60413637186966,437.1281035632783
43.36875,42.53125,380.76553762026475,47.78855530771445,428.5540929279792
43.36875,42.54375,370.014584918636,46.79265236576983,416.8072372844058
43.36875,42.55625,369.65167235408563,44.113573197201674,413.7652455512873
43.36875,42.56875,388.82100531554283,37.12179517035914,425.94280048590196
43.36875,42.58125,391.9846577646767,31.594473084478224,423.5791308491549
43.36875,42.59375,371.2144170496478,30.33764414776076,401.5520611974086
43.36875,42.60625,356.25296136708886,34.350215952146485,390.60317731923533
43.36875,42.61875,350.06044678565524,31.7511867530793,381.81163353873455
43.36875,42.63125,342.5598002729433,31.694005702279263,374.2538059752225
43.36875,42.64375,317.10733080028,30.872147118418244,347.97947791869825
43.36875,42.65625,291.93273581643575,28.262133765109144,320.1948695815449
43.36875,42.66875,276.52230060666875,32.432926519593124,308.9552271262619
43.36875,42.68125,282.11336213105204,31.254957500798273,313.36831963185034
43.36875,42.69375,310.09624467038043,32.8057087005887,342.9019533709691
43.36875,42.70625,310.9128001152565,30.636167408524344,341.54896752378085
43.36875,42.71875,286.31843973061524,23.8759608727746,310.19440060338985
43.36875,42.73125,276.16920600094727,26.588502573671427,302.7577085746187
43.36875,42.74375,285.04716286659004,20.870256087607913,305.91741895419796
43.36875,42.75625,307.3317002420803,25.94446057960282,333.2761608216831
43.36875,42.76875,294.2869509642222,24.900207794861835,319.18715875908407
43.36875,42.78125,349.9959327781799,30.997939969746632,380.99387274792656
43.36875,42.79375,364.39625777250455,31.962235535237514,396.3584933077421
43.36875,42.80625,334.52018524527597,21.743260700045507,356.26344594532145
43.36875,42.81875,340.637699917006,26.157927921506225,366.7956278385122
43.36875,42.83125,312.48160320349325,14.922679867231999,327.4042830707252
43.36875,42.84375,298.00636840466814,9.798963524684645,307.8053319293528
43.36875,42.85625,236.53617014064773,14.785772239861661,251.3219423805094
43.36875,42.86875,203.2372032371577,18.09934447225998,221.3365477094177
43.36875,42.88125,165.1761007745445,15.845977561029557,181.02207833557407
43.36875,42.89375,155.57774147731135,14.919806985043692,170.49754846235504
43.36875,42.90625,160.8451844992217,14.435428234439886,175.28061273366157
43.36875,42.91875,206.1306067827102,17.881846648934136,224.01245343164433
43.36875,42.93125,207.8633256677729,18.44065241418571,226.3039780819586
43.36875,42.94375,228.1643993214979,25.355486284355827,253.51988560585374
43.36875,42.95625,260.9051961943421,26.04564419125579,286.9508403855979
43.36875,42.96875,270.0859507131957,24.569441257106384,294.6553919703021
43.36875,42.98125,282.3465021718618,27.702029076893513,310.0485312487553
43.36875,42.99375,254.82397837224187,27.39068462122398,282.2146629934658
43.35625,42.00625,204.79877931015193,25.126791400188885,229.92557071034082
43.35625,42.01875,269.86716624588354,22.392987724255118,292.2601539701387
43.35625,42.03125,306.4896163884116,24.38719813859915,330.87681452701077
43.35625,42.04375,295.5537225432191,23.13722635737298,318.6909489005921
43.35625,42.05625,328.0986774678356,29.5382481472136,357.6369256150492
43.35625,42.06875,356.83801267342494,35.995497874289335,392.8335105477143
43.35625,42.08125,355.4722707325287,35.8631897964336,391.33546052896236
43.35625,42.09375,298.3650071244524,29.769811027811627,328.134818152264
43.35625,42.10625,323.2810603820408,30.533845939545888,353.81490632158665
43.35625,42.11875,349.74544667931747,31.28745020321618,381.03289688253363
43.35625,42.13125,347.12213705922886,23.484097221950094,370.60623428117896
43.35625,42.14375,311.86840760003895,19.87931828259044,331.74772588262937
43.35625,42.15625,266.8653116603861,18.9665519005805,285.8318635609666
43.35625,42.16875,234.00370257466253,18.328013859374355,252.33171643403688
43.35625,42.18125,202.2549056303715,19.235881046016623,221.49078667638813
43.35625,42.19375,184.4853468220094,25.094533416828725,209.57988023883814
43.35625,42.20625,242.61143686353682,19.827727228382162,262.439164091919
43.35625,42.21875,271.86106470806305,21.910519053820565,293.7715837618836
43.35625,42.23125,318.07266472495854,28.99289363096679,347.0655583559253
43.35625,42.24375,350.4231409703418,32.455691448867654,382.87883241920946
43.35625,42.25625,359.34210257755603,31.794300412190665,391.13640298974667
43.35625,42.26875,357.7518412561142,32.976049632469454,390.7278908885836
43.35625,42.28125,337.1966636803225,31.352675512960907,368.5493391932834
43.35625,42.29375,360.8797163436909,36.353538535530845,397.23325487922176
43.35625,42.30625,354.3168701826541,26.62774294249946,380.9446131251536
43.35625,42.31875,310.2414641742315,27.123837839266034,337.36530201349757
43.35625,42.33125,301.2835918153792,26.42227445983293,327.70586627521214
43.35625,42.34375,308.93819731949475,28.06776566424472,337.0059629837395
43.35625,42.35625,345.06909466966255,32.64868223137471,377.71777690103727
43.35625,42.36875,366.90540012466624,34.2589317414955,401.1643318661618
43.35625,42.38125,374.44565578288257,22.17125343918515,396.6169092220677
43.35625,42.39375,425.72165432849584,24.226587705263334,449.9482420337592
43.35625,42.40625,472.56580221269445,30.024259028853333,502.5900612415478
43.35625,42.41875,532.0212892607233,37.360297279271435,569.3815865399947
43.35625,42.43125,582.1061959275899,42.59902527745895,624.7052212050488
43.35625,42.44375,605.2994056436584,47.47708133878443,652.7764869824427
43.35625,42.45625,577.9454496366666,43.024499768160666,620.9699494048273
43.35625,42.46875,542.0267446816181,33.96651881721722,575.9932634988353
43.35625,42.48125,492.6426760962634,37.38790856057835,530.0305846568417
43.35625,42.49375,455.4875760960926,42.94022360048629,498.42779969657886
43.35625,42.50625,426.4820408307383,45.26463171543344,471.74667254617174
43.35625,42.51875,404.1596658599239,45.261022174772165,449.42068803469607
43.35625,42.53125,388.9704187221911,46.47072368859067,435.44114241078177
43.35625,42.54375,380.01796238675087,42.28826395113793,422.3062263378888
43.35625,42.55625,381.176087542859,41.77527180400636,422.9513593468654
43.35625,42.56875,394.6394315564102,40.772101913241826,435.41153346965206
43.35625,42.58125,367.15772901725416,34.26700746816793,401.4247364854221
43.35625,42.59375,334.7060443597001,32.38002153363982,367.08606589333993
43.35625,42.60625,332.51942432016676,29.239503731322007,361.7589280514888
43.35625,42.61875,330.01482970357273,30.212804757130137,360.22763446070286
43.35625,42.63125,328.6843128889494,32.59559342447564,361.27990631342504
43.35625,42.64375,292.04891840845846,29.88038857632724,321.9293069847857
43.35625,42.65625,318.9488597204538,27.702858539257313,346.6517182597111
43.35625,42.66875,337.3087650527812,31.33808598597964,368.6468510387609
43.35625,42.68125,295.1961357367472,27.278404048811087,322.47453978555825
43.35625,42.69375,275.5578153421907,30.198047356065562,305.75586269825624
43.35625,42.70625,269.70373023772635,28.360980924388492,298.06471116211486
43.35625,42.71875,262.2030117979709,30.73951534923717,292.94252714720807
43.35625,42.73125,246.60686633575838,26.902698955705763,273.5095652914641
43.35625,42.74375,254.8581961396108,24.804553120481057,279.66274926009186
43.35625,42.75625,259.2902368358912,24.4858347288623,283.7760715647535
43.35625,42.76875,304.5783495079788,24.971604536074782,329.5499540440536
43.35625,42.78125,345.53351735707616,27.717414078225133,373.2509314353013
43.35625,42.79375,307.5011372784059,15.238146847234503,322.73928412564044
43.35625,42.80625,298.1513667042201,19.744016283631208,317.8953829878513
43.35625,42.81875,272.45668804571875,14.804065248550039,287.2607532942688
43.35625,42.83125,288.452831122833,11.635160196357674,300.0879913191907
43.35625,42.84375,236.3775536849391,14.7206398533441,251.0981935382832
43.35625,42.85625,174.40894018265914,11.137859377094237,185.54679955975337
43.35625,42.86875,176.26061004493016,16.392455145692594,192.65306519062275
43.35625,42.88125,184.80934154674696,18.58723620521113,203.3965777519581
43.35625,42.89375,246.29850594005833,18.508404239888858,264.8069101799472
43.35625,42.90625,270.84324934446073,16.003189882863,286.84643922732374
43.35625,42.91875,257.52316177090614,14.547037521125104,272.07019929203125
43.35625,42.93125,232.02091871314704,25.12406017384836,257.1449788869954
43.35625,42.94375,243.21756834128155,25.03383054473452,268.2513988860161
43.35625,42.95625,244.27905823081284,29.855362546086006,274.1344207768988
43.35625,42.96875,273.898897655122,27.257106801848785,301.15600445697083
43.35625,42.98125,299.5611493189031,29.548181584845803,329.1093309037489
43.35625,42.99375,322.8814699595127,33.703332636566486,356.58480259607916
43.34375,42.00625,201.08109901702053,21.435127231508666,222.5162262485292
43.34375,42.01875,262.7020123690253,22.25524073556863,284.9572531045939
43.34375,42.03125,316.4811721576544,27.596519972937696,344.0776921305921
43.34375,42.04375,354.58114425528964,37.992228140462025,392.5733723957517
43.34375,42.05625,331.83265512012576,32.15328004783364,363.9859351679594
43.34375,42.06875,352.9633223408313,39.691703155663625,392.65502549649494
43.34375,42.08125,334.34254091896423,34.67661610762026,369.0191570265845
43.34375,42.09375,310.94859898609616,34.16067789996259,345.10927688605875
43.34375,42.10625,344.03478213380754,33.343211777617284,377.3779939114248
43.34375,42.11875,342.36111294564995,30.45750922791476,372.81862217356473
43.34375,42.13125,297.58257328442545,23.295564948878532,320.87813823330396
43.34375,42.14375,258.75927271691785,23.589781714637223,282.3490544315551
43.34375,42.15625,249.58224114555162,22.681940933073502,272.26418207862514
43.34375,42.16875,293.9102885005463,21.672662110923778,315.5829506114701
43.34375,42.18125,256.2779039172298,18.562981134702863,274.8408850519327
43.34375,42.19375,194.8486594495208,24.77810194194621,219.626761391467
43.34375,42.20625,221.4302730741134,17.912024634327008,239.34229770844038
43.34375,42.21875,263.72351857444426,19.0815128134059,282.80503138785014
43.34375,42.23125,280.8449811543028,17.50139725591024,298.34637841021305
43.34375,42.24375,297.4000742193972,19.103998492097695,316.50407271149487
43.34375,42.25625,293.17858591066573,17.134834259230697,310.3134201698964
43.34375,42.26875,298.37220599280363,17.32573793066448,315.69794392346813
43.34375,42.28125,334.8357943565681,20.59221514630601,355.4280095028741
43.34375,42.29375,353.09420524903453,28.571874739661656,381.6660799886962
43.34375,42.30625,380.68907436851117,31.996562115632567,412.68563648414374
43.34375,42.31875,355.2063049355317,31.43184537584356,386.6381503113753
43.34375,42.33125,347.9259888048141,30.538934639391808,378.4649234442059
43.34375,42.34375,360.8670472996774,31.61334551677821,392.4803928164556
43.34375,42.35625,348.4179308561013,26.936754571391607,375.3546854274929
43.34375,42.36875,357.7115645146168,27.50086899971057,385.21243351432736
43.34375,42.38125,399.0456085321662,23.520362766227375,422.5659712983936
43.34375,42.39375,488.8580032445683,27.58196493864009,516.4399681832084
43.34375,42.40625,534.8021915191615,38.13142265374631,572.9336141729078
43.34375,42.41875,546.535885899871,35.743429775493055,582.279315675364
43.34375,42.43125,562.1987967047921,37.22163930943243,599.4204360142246
43.34375,42.44375,582.3137390485031,42.967941720934974,625.281680769438
43.34375,42.45625,597.7485724776475,41.272550769086905,639.0211232467344
43.34375,42.46875,541.8701590393536,34.82876241195521,576.6989214513087
43.34375,42.48125,493.266461593525,37.35792473115763,530.6243863246826
43.34375,42.49375,458.20016100879604,45.68626188088693,503.886422889683
43.34375,42.50625,433.1459533940951,46.72803528400147,479.87398867809657
43.34375,42.51875,416.44511564011935,47.35327297641621,463.7983886165356
43.34375,42.53125,413.73687865566484,46.57249023432572,460.30936888999054
43.34375,42.54375,398.09048094582676,39.382955697461604,437.4734366432884
43.34375,42.55625,413.1657361482061,38.97765470621166,452.14339085441776
43.34375,42.56875,379.7664210299264,38.42140767965398,418.18782870958034
43.34375,42.58125,378.04556628859734,32.015345633375645,410.060911921973
43.34375,42.59375,376.34469042467185,31.351285942235826,407.6959763669077
43.34375,42.60625,391.69445687878823,35.527141640754294,427.2215985195425
43.34375,42.61875,361.8347912496361,37.16203122400657,398.9968224736427
43.34375,42.63125,332.55461455758785,27.814915645176246,360.3695302027641
43.34375,42.64375,337.6964274339598,28.029374124711286,365.7258015586711
43.34375,42.65625,355.8658571559367,28.289142966241215,384.1550001221779
43.34375,42.66875,369.8919315181019,29.46124501736463,399.3531765354665
43.34375,42.68125,342.10678661866183,28.464782423623724,370.57156904228555
43.34375,42.69375,332.52153307265667,28.652313415179414,361.1738464878361
43.34375,42.70625,303.05603358211346,27.257419951109462,330.3134535332229
43.34375,42.71875,312.0651263396972,28.172573173513243,340.23769951321043
43.34375,42.73125,300.0384219245437,33.13574334634501,333.1741652708887
43.34375,42.74375,246.22904762237565,24.117155272367846,270.3462028947435
43.34375,42.75625,242.73047811495394,19.910516071218048,262.640994186172
43.34375,42.76875,288.8394620388546,16.985554746039803,305.8250167848944
43.34375,42.78125,321.52860369493175,17.982699056041653,339.5113027509734
43.34375,42.79375,276.99928233822385,12.911297683543186,289.91058002176703
43.34375,42.80625,225.12917674530945,15.441359241191016,240.57053598650046
43.34375,42.81875,231.18926315118625,18.757049970743296,249.94631312192956
43.34375,42.83125,198.81224581904942,16.90131750526679,215.71356332431623
43.34375,42.84375,164.81544115050863,14.87434350420854,179.6897846547172
43.34375,42.85625,189.6736577106857,15.519843969259416,205.19350167994511
43.34375,42.86875,251.95499446043038,21.251622895374233,273.2066173558046
43.34375,42.88125,211.9600082056319,14.54492534608547,226.5049335517174
43.34375,42.89375,270.556959888625,12.179888553659843,282.73684844228484
43.34375,42.90625,297.6484204226733,21.808250407970906,319.4566708306442
43.34375,42.91875,263.4056429145476,20.159251696876765,283.5648946114244
43.34375,42.93125,283.3164093739758,22.432915808952377,305.74932518292815
43.34375,42.94375,288.83288477858514,23.044554103177518,311.87743888176266
43.34375,42.95625,281.9934516590341,26.965063344503786,308.9585150035379
43.34375,42.96875,281.7902780559205,26.938743465704807,308.7290215216253
43.34375,42.98125,320.6921199259651,32.27336225456005,352.9654821805251
43.34375,42.99375,336.73475927434384,32.416525206727165,369.151284481071
43.33125,42.00625,192.2460145071133,21.898305012609715,214.144319519723
43.33125,42.01875,281.27670287207985,22.875848863187684,304.15255173526754
43.33125,42.03125,291.5125876745354,21.072744602407692,312.58533227694306
43.33125,42.04375,315.49462808357197,29.0161419259262,344.5107700094982
43.33125,42.05625,358.12008314628264,36.53377961294506,394.6538627592277
43.33125,42.06875,347.62716650203123,38.020312413206725,385.64747891523797
43.33125,42.08125,326.0505159161165,32.662919912779714,358.71343582889625
43.33125,42.09375,354.878147098819,40.692147592559174,395.5702946913782
43.33125,42.10625,314.9758060331315,33.18411230578067,348.1599183389122
43.33125,42.11875,289.5794056315355,23.74715679454758,313.3265624260831
43.33125,42.13125,306.33183926379456,22.541337920521485,328.87317718431603
43.33125,42.14375,311.6319898843169,23.733902213710344,335.36589209802725
43.33125,42.15625,271.64636850815066,23.878957517500616,295.5253260256513
43.33125,42.16875,321.7126218883282,24.820213184191697,346.5328350725199
43.33125,42.18125,259.8560121747328,20.270334381168045,280.12634655590085
43.33125,42.19375,200.32358617292246,16.898526890551665,217.22211306347413
43.33125,42.20625,239.58961102041687,18.577901809257654,258.16751282967454
43.33125,42.21875,215.46605493922317,17.141493486639845,232.607548425863
43.33125,42.23125,206.52139325968056,19.610308015681074,226.13170127536165
43.33125,42.24375,213.61559105904828,23.491712606683148,237.10730366573142
43.33125,42.25625,223.34168992649606,24.957080637278217,248.29877056377427
43.33125,42.26875,250.14492542226253,19.94783058193273,270.0927560041953
43.33125,42.28125,291.18660586025703,25.0732942816199,316.2599001418769
43.33125,42.29375,323.38697724321025,15.141716000045502,338.52869324325576
43.33125,42.30625,348.2377182810657,27.077247368425308,375.31496564949106
43.33125,42.31875,347.5510060701386,25.7845650224668,373.3355710926054
43.33125,42.33125,352.34196181644757,28.189965954849836,380.5319277712974
43.33125,42.34375,377.5774423259098,35.27318095882097,412.8506232847308
43.33125,42.35625,399.4528994412004,35.417458644947644,434.87035808614803
43.33125,42.36875,406.9476845527106,32.379887018314136,439.32757157102475
43.33125,42.38125,439.6166317149226,27.11912893097243,466.735760645895
43.33125,42.39375,438.8518051665647,17.02712108072854,455.87892624729324
43.33125,42.40625,455.41885169425944,21.12792794452484,476.5467796387843
43.33125,42.41875,475.925085938197,31.782775009185677,507.7078609473827
43.33125,42.43125,503.9441770915666,29.038762551766,532.9829396433325
43.33125,42.44375,519.4640794064786,30.91965062159648,550.3837300280751
43.33125,42.45625,518.8574902630608,33.74058394147471,552.5980742045355
43.33125,42.46875,493.0241274782548,27.654987955271217,520.679115433526
43.33125,42.48125,469.10990363100177,37.19477876314974,506.30468239415154
43.33125,42.49375,436.2580139833298,41.13211616301711,477.3901301463469
43.33125,42.50625,423.15337263068125,41.704036284000566,464.8574089146818
43.33125,42.51875,422.2218611467069,44.08528898275861,466.3071501294655
43.33125,42.53125,400.746549868355,39.73708085004114,440.4836307183961
43.33125,42.54375,398.58223898234166,38.468095022385796,437.05033400472746
43.33125,42.55625,365.84123706557926,36.14210309251294,401.98334015809223
43.33125,42.56875,367.6643952477716,31.335887492462625,399.00028274023424
43.33125,42.58125,397.67600240817416,35.16648206533807,432.84248447351223
43.33125,42.59375,409.89294958141045,30.89753592015422,440.79048550156466
43.33125,42.60625,403.319267386965,36.85572205139313,440.1749894383581
43.33125,42.61875,381.03352284015233,31.493512857694306,412.52703569784666
43.33125,42.63125,375.2984944894946,30.65738746538565,405.9558819548802
43.33125,42.64375,361.2140808220776,30.610466840363152,391.82454766244075
43.33125,42.65625,390.67147004468956,34.49456071703676,425.16603076172635
43.33125,42.66875,372.93166363612977,37.31063468156823,410.242298317698
43.33125,42.68125,352.2440764099862,33.668818510835116,385.9128949208213
43.33125,42.69375,342.825568120157,26.779147721628973,369.604715841786
43.33125,42.70625,331.43522016814194,26.59785693812876,358.0330771062707
43.33125,42.71875,299.59655636730247,20.24932242542488,319.8458787927274
43.33125,42.73125,275.48344035667475,25.849222316512968,301.3326626731877
43.33125,42.74375,244.3527526074958,20.62288195987316,264.97563456736896
43.33125,42.75625,211.69899861241214,16.932117604327253,228.6311162167394
43.33125,42.76875,263.0753235219974,15.707102498335566,278.782426020333
43.33125,42.78125,232.73457739259393,13.207686647748865,245.9422640403428
43.33125,42.79375,200.39702266312474,11.764239617784071,212.16126228090883
43.33125,42.80625,177.17410714686875,17.70888078347334,194.8829879303421
43.33125,42.81875,171.38968154646727,24.310503991446737,195.70018553791402
43.33125,42.83125,176.04286084193183,18.955094695903203,194.99795553783503
43.33125,42.84375,231.0367158443247,17.714505743195225,248.75122158751992
43.33125,42.85625,264.3501046237942,14.94760983825633,279.2977144620505
43.33125,42.86875,252.0170259501826,15.670874460528854,267.68790041071145
43.33125,42.88125,256.1977663703611,13.789402601626588,269.98716897198767
43.33125,42.89375,307.8216625234375,14.719094380121746,322.54075690355927
43.33125,42.90625,335.40163225595484,26.828916380777585,362.2305486367324
43.33125,42.91875,293.9194303689469,22.116255190828504,316.0356855597754
43.33125,42.93125,345.6837551174301,23.08210758997064,368.76586270740074
43.33125,42.94375,331.1739320598626,27.565449867732106,358.7393819275947
43.33125,42.95625,337.9374080024957,30.67127986361947,368.6086878661152
43.33125,42.96875,316.7669751113109,31.86458805402291,348.63156316533383
43.33125,42.98125,303.8943921089595,31.40907023267755,335.30346234163704
43.33125,42.99375,348.45688102989357,36.08447099587658,384.54135202577015
43.31875,42.00625,205.5996166056831,22.762860407015076,228.36247701269818
43.31875,42.01875,275.17010710650317,20.84257759835008,296.01268470485326
43.31875,42.03125,311.71405946180437,23.81680820590697,335.53086766771133
43.31875,42.04375,332.4188433557648,27.30359393317862,359.7224372889434
43.31875,42.05625,349.8598594674825,27.428586718546033,377.2884461860286
43.31875,42.06875,367.04807493546735,35.05958724266619,402.1076621781335
43.31875,42.08125,367.98795584706374,36.698642079813865,404.6865979268776
43.31875,42.09375,347.98160446262955,26.872259482932474,374.853863945562
43.31875,42.10625,332.45362883998905,22.59392910533598,355.047557945325
43.31875,42.11875,343.0668743143286,31.77993143393284,374.84680574826143
43.31875,42.13125,359.84287535783324,35.26566181756404,395.10853717539726
43.31875,42.14375,295.6642465686566,21.344933601866376,317.009180170523
43.31875,42.15625,342.72148691601546,27.11079222804713,369.83227914406257
43.31875,42.16875,284.574226598555,14.448316838018975,299.022543436574
43.31875,42.18125,224.36573831622428,17.585293351212748,241.95103166743704
43.31875,42.19375,243.90414352726916,17.35175602133597,261.2558995486051
43.31875,42.20625,309.3329204292589,15.98109777457882,325.3140182038377
43.31875,42.21875,297.2916998967122,14.454476563949989,311.7461764606622
43.31875,42.23125,280.657440739905,17.73344859056082,298.3908893304658
43.31875,42.24375,218.54858470781912,20.888203331275978,239.4367880390951
43.31875,42.25625,260.51512457802477,22.934532300813242,283.449656878838
43.31875,42.26875,254.9862821102426,20.704362164360028,275.6906442746026
43.31875,42.28125,231.44053696430763,24.025492415835345,255.46602938014297
43.31875,42.29375,267.3223182398428,21.22073636741632,288.5430546072591
43.31875,42.30625,300.8997389431852,26.097152479888965,326.99689142307415
43.31875,42.31875,300.98077647144584,25.053232935551197,326.03400940699703
43.31875,42.33125,354.110227427619,27.097207700453964,381.207435128073
43.31875,42.34375,371.13860254333764,31.624184149863652,402.7627866932013
43.31875,42.35625,368.9491377440042,26.410070254920235,395.35920799892443
43.31875,42.36875,380.56973975334506,28.423041382058376,408.99278113540345
43.31875,42.38125,363.20143199998836,26.42693446115884,389.6283664611472
43.31875,42.39375,365.31522767193997,26.6141316818226,391.92935935376255
43.31875,42.40625,419.8603329317993,27.67537426426788,447.53570719606716
43.31875,42.41875,439.97518796421457,39.01065665687302,478.9858446210876
43.31875,42.43125,439.3410400322044,34.20089012737802,473.5419301595824
43.31875,42.44375,460.3324847668759,37.191122695240125,497.52360746211605
43.31875,42.45625,463.11288517133994,40.488845198095156,503.6017303694351
43.31875,42.46875,451.182439628985,38.4880636592537,489.6705032882387
43.31875,42.48125,437.1087119866164,38.657185195134545,475.765897181751
43.31875,42.49375,428.00907519281907,39.05874054128201,467.0678157341011
43.31875,42.50625,410.51168813327723,44.01121036752857,454.5228985008058
43.31875,42.51875,383.8452579458889,39.768664536682834,423.6139224825717
43.31875,42.53125,366.48932514025876,30.020746217014555,396.5100713572733
43.31875,42.54375,389.3193989239199,33.677303592011015,422.9967025159309
43.31875,42.55625,374.30101551732497,32.06689719472057,406.36791271204555
43.31875,42.56875,342.85770082232773,34.44554435034092,377.30324517266865
43.31875,42.58125,327.6839168178966,29.6141691376817,357.2980859555783
43.31875,42.59375,360.38883416660866,25.10115832185663,385.4899924884653
43.31875,42.60625,380.2428312164407,27.37043708120861,407.6132682976493
43.31875,42.61875,415.95439667245734,37.38943277538252,453.3438294478399
43.31875,42.63125,414.7341304535067,36.81670675650669,451.55083721001336
43.31875,42.64375,403.90371463685904,32.88217362361085,436.7858882604699
43.31875,42.65625,403.58570541910996,33.98582239382603,437.571527812936
43.31875,42.66875,377.26641685000885,25.947278799999513,403.2136956500084
43.31875,42.68125,373.1784003241883,31.31855904431359,404.4969593685019
43.31875,42.69375,339.3551777020327,28.01046077315018,367.36563847518283
43.31875,42.70625,293.63120076502054,22.792263805206648,316.42346457022717
43.31875,42.71875,255.56627695729648,19.44403335982839,275.0103103171249
43.31875,42.73125,226.43350654668174,16.528992467938078,242.96249901461982
43.31875,42.74375,217.77649074922093,23.269122013233165,241.04561276245408
43.31875,42.75625,206.41683445272906,22.656466627806257,229.07330108053532
43.31875,42.76875,173.99760456553986,22.078299061050824,196.07590362659067
43.31875,42.78125,175.8981232467526,19.834152145235127,195.7322753919877
43.31875,42.79375,188.25430516750976,19.085034530144114,207.33933969765388
43.31875,42.80625,200.88923905535358,16.45808452381912,217.3473235791727
43.31875,42.81875,235.06232077288448,17.349950340192212,252.41227111307668
43.31875,42.83125,224.34158597505737,8.65171317648964,232.993299151547
43.31875,42.84375,265.42358306404356,8.272787825108779,273.6963708891523
43.31875,42.85625,307.17127765474663,22.838167505868036,330.0094451606147
43.31875,42.86875,262.1933002872494,18.73924417528085,280.93254446253025
43.31875,42.88125,291.6582744161101,17.205489286854892,308.863763702965
43.31875,42.89375,357.83645225611343,18.94826904673173,376.7847213028452
43.31875,42.90625,364.3281904658807,26.325069528752202,390.6532599946329
43.31875,42.91875,334.69009671826683,21.942275123969186,356.632371842236
43.31875,42.93125,336.76132886278964,22.618888790335593,359.3802176531252
43.31875,42.94375,381.872034979626,32.74506763057781,414.6171026102038
43.31875,42.95625,369.25760661597764,31.459891729366667,400.7174983453443
43.31875,42.96875,344.91617765202346,29.434421907726627,374.3505995597501
43.31875,42.98125,337.08931286898314,32.15280492455345,369.2421177935366
43.31875,42.99375,339.4194198375687,26.921475312082528,366.3408951496512
43.30625,42.00625,201.51244428502858,25.67420571853528,227.18665000356387
43.30625,42.01875,225.46354291789407,15.895325245196712,241.3588681630908
43.30625,42.03125,249.23650174967577,18.327866127334897,267.5643678770107
43.30625,42.04375,273.7680304236271,23.52146547479768,297.2894958984248
43.30625,42.05625,308.2035769871351,26.367260747919712,334.5708377350548
43.30625,42.06875,347.946060822586,25.877977656011577,373.8240384785976
43.30625,42.08125,368.2858737134371,33.86238097468332,402.14825468812046
43.30625,42.09375,386.17905669338495,34.45458140346366,420.6336380968486
43.30625,42.10625,369.11981417936653,33.68597481766542,402.8057889970319
43.30625,42.11875,375.3898192903246,38.99371140868356,414.3835306990082
43.30625,42.13125,332.35636340633,30.973913860450388,363.3302772667804
43.30625,42.14375,343.7911479619784,28.115131434319498,371.9062793962979
43.30625,42.15625,371.5546754369508,30.788781234615694,402.34345667156646
43.30625,42.16875,298.7824299145539,18.356241259658418,317.13867117421233
43.30625,42.18125,217.84260333532964,24.02968642076401,241.87228975609366
43.30625,42.19375,274.7841680092082,16.927643035518805,291.711811044727
43.30625,42.20625,333.2765453469924,23.83998815891736,357.1165335059098
43.30625,42.21875,348.53278580956993,32.487757265926085,381.020543075496
43.30625,42.23125,311.86670656286856,19.644200282456268,331.5109068453248
43.30625,42.24375,253.15709334912725,19.719933371658513,272.87702672078575
43.30625,42.25625,249.7474060521209,22.823489706698744,272.57089575881963
43.30625,42.26875,324.47358847105465,26.60580588235047,351.0793943534051
43.30625,42.28125,289.8266761645729,22.312085300799453,312.13876146537234
43.30625,42.29375,272.4395828869097,19.781958900323467,292.22154178723315
43.30625,42.30625,243.63004030128582,26.230954218717823,269.86099452000366
43.30625,42.31875,257.31066854145615,22.150518168573882,279.46118671003
43.30625,42.33125,305.6730943510643,22.9222245007468,328.5953188518111
43.30625,42.34375,308.42774145405616,26.192146291905722,334.6198877459619
43.30625,42.35625,346.5793182525679,26.208740442420247,372.78805869498814
43.30625,42.36875,322.47113800843385,22.79258055032468,345.2637185587585
43.30625,42.38125,322.4015269721441,30.85295828848903,353.25448526063315
43.30625,42.39375,354.2498019949902,30.533867305350352,384.78366930034053
43.30625,42.40625,404.1861244018602,37.384623206616794,441.57074760847695
43.30625,42.41875,409.667600953433,43.237556356542036,452.90515730997504
43.30625,42.43125,402.38072971350846,40.27344329129806,442.6541730048065
43.30625,42.44375,422.3543980572065,42.649505051090685,465.00390310829715
43.30625,42.45625,423.55282093711645,41.1252884926993,464.6781094298158
43.30625,42.46875,427.0774074994993,41.509737936611074,468.5871454361104
43.30625,42.48125,413.64531828364255,37.49566721668435,451.1409855003269
43.30625,42.49375,392.1379975626434,33.057199904959795,425.19519746760324
43.30625,42.50625,370.8110795321703,33.58010824383178,404.3911877760021
43.30625,42.51875,395.18270407423336,35.60363095728388,430.78633503151724
43.30625,42.53125,365.5507822328608,30.79951431284991,396.3502965457107
43.30625,42.54375,319.8789611770649,24.337977793478302,344.2169389705432
43.30625,42.55625,330.6702734240396,26.20770038080656,356.87797380484614
43.30625,42.56875,356.2343901362816,29.949441969253723,386.1838321055353
43.30625,42.58125,347.7889373798225,29.701526178375392,377.4904635581979
43.30625,42.59375,316.2456991296647,28.288184048183783,344.53388317784845
43.30625,42.60625,373.2980164815435,25.32628361457945,398.62430009612297
43.30625,42.61875,381.35342587292087,28.38154414645458,409.73497001937545
43.30625,42.63125,402.07471297839396,32.503589496452,434.57830247484594
43.30625,42.64375,359.5995492247845,25.7772624792484,385.3768117040329
43.30625,42.65625,329.71394468958493,15.006919341975994,344.72086403156095
43.30625,42.66875,340.5532658959512,18.187665926337147,358.74093182228836
43.30625,42.68125,301.2646519198517,13.65198149632623,314.91663341617794
43.30625,42.69375,300.41896151407946,13.285456348738936,313.7044178628184
43.30625,42.70625,286.8658218398725,15.405189627326507,302.27101146719906
43.30625,42.71875,236.24267279828658,16.069896348711858,252.31256914699844
43.30625,42.73125,210.33872250567418,20.38043877583404,230.71916128150824
43.30625,42.74375,178.06502107853876,25.06378235789343,203.12880343643218
43.30625,42.75625,176.65780636221095,25.81634023420782,202.47414659641876
43.30625,42.76875,238.72630240036432,17.619120972665957,256.34542337303026
43.30625,42.78125,266.94683634889776,12.190202434003886,279.13703878290164
43.30625,42.79375,280.12467814241546,11.07676061920916,291.2014387616246
43.30625,42.80625,286.5656107565018,12.873750754148979,299.4393615106508
43.30625,42.81875,291.8280772441489,12.60407651818111,304.43215376233
43.30625,42.83125,289.97014515163164,15.679277180076564,305.6494223317082
43.30625,42.84375,338.7492767861317,17.110076685315455,355.85935347144715
43.30625,42.85625,350.76049647633357,26.16147187591957,376.92196835225315
43.30625,42.86875,280.58065745410187,19.2087410448231,299.789398498925
43.30625,42.88125,297.600956826666,21.476558773263452,319.0775155999294
43.30625,42.89375,358.2390428458941,26.6699481708703,384.9089910167644
43.30625,42.90625,404.35485365558714,31.358396107196416,435.71324976278356
43.30625,42.91875,375.132501935746,27.87677641858473,403.0092783543307
43.30625,42.93125,367.7355742853478,28.242263159972687,395.9778374453205
43.30625,42.94375,413.56849349611434,33.543256579010006,447.11175007512435
43.30625,42.95625,387.1487739505974,28.539525149604817,415.6882991002022
43.30625,42.96875,375.8363347090661,27.373728847686206,403.2100635567523
43.30625,42.98125,368.04997709645596,26.682264498777503,394.73224159523346
43.30625,42.99375,373.17093613026634,27.68963489897191,400.86057102923826
43.29375,42.00625,222.93369927224973,28.469320146550125,251.40301941879986
43.29375,42.01875,229.37972386701034,20.021178300077004,249.40090216708734
43.29375,42.03125,298.99800417006884,28.804022731156177,327.802026901225
43.29375,42.04375,270.9122639699082,22.53643802386474,293.44870199377294
43.29375,42.05625,264.93711368893344,25.974474853162093,290.9115885420955
43.29375,42.06875,310.71197950543706,25.70270631287903,336.4146858183161
43.29375,42.08125,328.9035876679201,25.40778258500586,354.31137025292594
43.29375,42.09375,365.85941513273536,30.140713458845287,396.0001285915807
43.29375,42.10625,373.5035457388491,31.3222263604286,404.8257720992777
43.29375,42.11875,376.8258053209684,37.83439476572553,414.6602000866939
43.29375,42.13125,342.9323443278625,32.5234247420634,375.4557690699259
43.29375,42.14375,366.92165511939515,38.30627435945604,405.2279294788512
43.29375,42.15625,330.3715731841216,21.089471714955096,351.4610448990767
43.29375,42.16875,262.19358635656613,13.726626398292211,275.9202127548583
43.29375,42.18125,232.7873835069456,22.915767092668766,255.70315059961436
43.29375,42.19375,310.8641507127853,13.147368549987906,324.0115192627732
43.29375,42.20625,355.6144977148649,20.21091124620828,375.8254089610732
43.29375,42.21875,346.9472183445762,27.79193494363011,374.7391532882063
43.29375,42.23125,332.8359731050104,19.129310222707673,351.96528332771805
43.29375,42.24375,274.7616726066338,24.739399434024808,299.5010720406586
43.29375,42.25625,244.9464955135732,24.720567402745864,269.6670629163191
43.29375,42.26875,319.2526542780158,23.00865888349117,342.261313161507
43.29375,42.28125,349.1387904287053,28.368887615075213,377.5076780437805
43.29375,42.29375,326.53321166739903,20.433908069832217,346.96711973723126
43.29375,42.30625,313.51121630721155,28.07358080975677,341.58479711696833
43.29375,42.31875,252.40534881901544,25.832820830436685,278.2381696494521
43.29375,42.33125,276.513284043919,21.899868368709516,298.4131524126285
43.29375,42.34375,275.05810832108625,22.960198002921256,298.0183063240075
43.29375,42.35625,274.54830413095516,28.450162927670323,302.99846705862547
43.29375,42.36875,344.80507414799894,31.401849899319302,376.20692404731824
43.29375,42.38125,353.62397083020943,27.38707614938885,381.0110469795983
43.29375,42.39375,385.16552364130956,32.79175679409332,417.9572804354029
43.29375,42.40625,380.11626950784176,42.05367611369394,422.1699456215357
43.29375,42.41875,379.95353372599516,45.833094303821426,425.7866280298166
43.29375,42.43125,384.99904833956765,40.0765576189908,425.07560595855847
43.29375,42.44375,392.70711832016804,40.68807968882342,433.39519800899143
43.29375,42.45625,391.221390184057,39.185513035297994,430.406903219355
43.29375,42.46875,386.2028636768145,36.24966250238808,422.45252617920255
43.29375,42.48125,380.05190320230315,35.853796081568575,415.90569928387174
43.29375,42.49375,353.98865823333176,27.57628227835602,381.5649405116878
43.29375,42.50625,325.8987048420996,25.28089493948893,351.17959978158854
43.29375,42.51875,367.5850000179055,24.48191981270899,392.0669198306145
43.29375,42.53125,407.1942585157402,33.801019244045094,440.9952777597853
43.29375,42.54375,366.9348589433301,29.42903036307152,396.3638893064016
43.29375,42.55625,326.42862947110933,23.92358278564283,350.3522122567522
43.29375,42.56875,285.3569973876799,26.069216297502702,311.4262136851826
43.29375,42.58125,278.29705668225216,29.034515872334836,307.331572554587
43.29375,42.59375,277.9411215543876,21.99501962156102,299.93614117594865
43.29375,42.60625,314.85981215138617,25.97735139052423,340.8371635419104
43.29375,42.61875,337.10397379358136,17.90050541014611,355.00447920372744
43.29375,42.63125,383.85458376285476,27.74480208906864,411.5993858519234
43.29375,42.64375,357.45609473726114,19.552028484417413,377.00812322167855
43.29375,42.65625,316.4279431296936,21.261702940436308,337.68964607012987
43.29375,42.66875,256.15682247694417,15.898421684687225,272.0552441616314
43.29375,42.68125,270.2210053619034,15.87256355738548,286.0935689192889
43.29375,42.69375,231.055607389922,22.140488318332658,253.19609570825463
43.29375,42.70625,209.90767131315334,18.118379902006232,228.02605121515958
43.29375,42.71875,182.63485272438737,20.797235615326915,203.43208833971428
43.29375,42.73125,197.5315873014765,13.147088917905698,210.6786762193822
43.29375,42.74375,236.17835148171667,18.887380411609552,255.06573189332622
43.29375,42.75625,216.5004185270224,14.230475362213124,230.73089388923552
43.29375,42.76875,243.7903209066736,15.867589140274191,259.6579100469478
43.29375,42.78125,316.7839669083405,19.4785629369049,336.2625298452454
43.29375,42.79375,346.9678494533948,24.632025209586565,371.5998746629814
43.29375,42.80625,340.63465832827546,19.306436411724558,359.94109474000004
43.29375,42.81875,347.0179651145315,23.96853152875848,370.98649664328997
43.29375,42.83125,353.43496000115476,22.046546810212487,375.48150681136724
43.29375,42.84375,348.6735928693285,23.340635966312195,372.0142288356407
43.29375,42.85625,379.4958258538904,28.987717706548878,408.4835435604393
43.29375,42.86875,305.1197404970573,24.691941313734688,329.811681810792
43.29375,42.88125,302.119131272593,26.056342679807255,328.17547395240024
43.29375,42.89375,353.1815233446588,27.5482362786909,380.7297596233497
43.29375,42.90625,398.3661739377214,32.35833676346167,430.7245107011831
43.29375,42.91875,438.13311700958457,39.50200106827036,477.63511807785494
43.29375,42.93125,406.9687810408839,38.129591465108575,445.09837250599253
43.29375,42.94375,412.0710188483897,36.45350242723598,448.5245212756257
43.29375,42.95625,423.281139706476,35.67290477462603,458.954044481102
43.29375,42.96875,443.55154169210897,35.90268527625816,479.45422696836715
43.29375,42.98125,405.77817843602577,28.386955801556006,434.16513423758175
43.29375,42.99375,346.2878862229963,24.535515543122507,370.8234017661188
43.28125,42.00625,226.77781081880946,28.119090357767696,254.89690117657716
43.28125,42.01875,239.8826222287561,17.52869718523985,257.41131941399595
43.28125,42.03125,306.2843346290942,19.316590068466226,325.6009246975604
43.28125,42.04375,318.38608125856973,25.488607927154742,343.8746891857245
43.28125,42.05625,312.4919576649703,26.943957516275354,339.43591518124566
43.28125,42.06875,287.79129487111123,25.75064930911906,313.5419441802303
43.28125,42.08125,338.03149621293574,33.426365310518854,371.4578615234546
43.28125,42.09375,337.997449494886,29.94067642598067,367.93812592086664
43.28125,42.10625,352.5777175397421,34.96143023342777,387.5391477731699
43.28125,42.11875,391.4340303027684,35.66751101807823,427.10154132084665
43.28125,42.13125,337.9614235347454,19.638621153712624,357.600044688458
43.28125,42.14375,340.8131589017149,26.618188149916875,367.4313470516318
43.28125,42.15625,319.5123181266259,27.18952272962702,346.70184085625294
43.28125,42.16875,241.15511017064688,23.379256652619578,264.53436682326645
43.28125,42.18125,266.5759252414493,21.63077110134163,288.2066963427909
43.28125,42.19375,320.68216471085424,15.83864363292868,336.5208083437829
43.28125,42.20625,385.643702517734,32.87824589687189,418.5219484146059
43.28125,42.21875,389.14145659869223,33.15988533845311,422.30134193714537
43.28125,42.23125,339.08081348508,24.15294166929215,363.23375515437215
43.28125,42.24375,276.27572899749674,22.479204841530695,298.75493383902744
43.28125,42.25625,239.082405499372,27.13658521601802,266.21899071539
43.28125,42.26875,305.6140745622234,23.596604475469107,329.2106790376925
43.28125,42.28125,345.92665144658304,25.73925784124873,371.66590928783177
43.28125,42.29375,350.47561906939603,35.55202039436144,386.02763946375745
43.28125,42.30625,309.1721525514487,27.304388459562933,336.4765410110116
43.28125,42.31875,270.4444935620774,26.116608013703463,296.56110157578087
43.28125,42.33125,329.57735270313947,24.891711640086303,354.4690643432258
43.28125,42.34375,350.443821097064,30.49393951748733,380.93776061455134
43.28125,42.35625,296.15345266930376,25.850251655656482,322.00370432496027
43.28125,42.36875,292.7610535113584,23.544278468188832,316.30533197954725
43.28125,42.38125,353.76686887039375,26.898690765604336,380.6655596359981
43.28125,42.39375,372.50491214408675,27.848751251456846,400.3536633955436
43.28125,42.40625,384.79358851752124,36.841351394249266,421.6349399117705
43.28125,42.41875,372.2070584115954,43.268787603193715,415.4758460147891
43.28125,42.43125,366.3155829634954,31.918575453176306,398.2341584166717
43.28125,42.44375,356.96701111934465,30.604991413847774,387.5720025331924
43.28125,42.45625,348.8139316582029,31.782739697343466,380.59667135554633
43.28125,42.46875,358.4474368417573,31.78665386085064,390.23409070260794
43.28125,42.48125,336.1822770773455,29.667348331849098,365.8496254091946
43.28125,42.49375,338.6043651334569,32.91417878964669,371.5185439231036
43.28125,42.50625,295.1280410350941,26.826705004560527,321.95474603965465
43.28125,42.51875,307.32331408829396,17.980186362560396,325.30350045085436
43.28125,42.53125,354.72839350480245,24.635486383616794,379.36387988841926
43.28125,42.54375,395.23730182739746,35.49775915403701,430.73506098143446
43.28125,42.55625,374.5856056303168,25.374579065806575,399.9601846961234
43.28125,42.56875,344.83335722301484,28.53398376679539,373.36734098981026
43.28125,42.58125,338.3209751755313,27.704939261840693,366.025914437372
43.28125,42.59375,320.1856656091106,25.09317553283654,345.2788411419471
43.28125,42.60625,266.9992837248672,23.950166761684265,290.9494504865515
43.28125,42.61875,287.80214496318973,16.481187330090066,304.2833322932798
43.28125,42.63125,328.0821627008102,18.724298427470394,346.8064611282806
43.28125,42.64375,331.7855019172834,13.831066461036272,345.6165683783197
43.28125,42.65625,264.12218455459066,13.46025099850634,277.582435553097
43.28125,42.66875,251.92965609232823,19.796403760134414,271.72605985246264
43.28125,42.68125,212.4802074497513,27.27180761229179,239.75201506204309
43.28125,42.69375,199.34287527622638,26.07530019406375,225.41817547029012
43.28125,42.70625,201.5089028940869,15.350320719753684,216.85922361384058
43.28125,42.71875,240.59925223989498,13.510927005561548,254.11017924545652
43.28125,42.73125,242.12196643394753,11.556589355638032,253.67855578958557
43.28125,42.74375,307.179355906038,23.6099539845545,330.7893098905925
43.28125,42.75625,254.60910038600923,18.236365825090193,272.84546621109945
43.28125,42.76875,218.09305037034318,16.430613760490797,234.52366413083396
43.28125,42.78125,288.1349897158722,18.680632922652027,306.81562263852425
43.28125,42.79375,339.6131155703482,21.645220589863122,361.25833616021134
43.28125,42.80625,361.6997215484601,26.243361111074453,387.9430826595346
43.28125,42.81875,400.0672147580892,35.248185624374145,435.3154003824634
43.28125,42.83125,413.08510728622315,31.094300922752506,444.17940820897564
43.28125,42.84375,391.5262761381847,30.01803918027364,421.54431531845836
43.28125,42.85625,357.49483582586737,17.525745003588057,375.0205808294554
43.28125,42.86875,317.99781783571405,26.474007513343796,344.47182534905784
43.28125,42.88125,299.3416342106547,25.958373170357905,325.3000073810126
43.28125,42.89375,358.70210968444763,31.01699811303764,389.71910779748526
43.28125,42.90625,395.6457968181945,31.201149333376595,426.8469461515711
43.28125,42.91875,400.1511548315118,38.14151249107522,438.292667322587
43.28125,42.93125,424.69656185650274,42.67740079571348,467.3739626522162
43.28125,42.94375,427.1739848784783,39.50966093090821,466.68364580938646
43.28125,42.95625,388.8178039510808,34.177154910491495,422.9949588615723
43.28125,42.96875,368.84650466235047,29.164595224365904,398.01109988671635
43.28125,42.98125,345.21155300619836,24.765758644472424,369.9773116506708
43.28125,42.99375,321.3776817879047,22.21911341315007,343.59679520105476
43.26875,42.00625,222.70164362314875,31.37315113297965,254.0747947561284
43.26875,42.01875,249.1643848078406,20.412769696166567,269.5771545040072
43.26875,42.03125,326.6389488967422,25.851409661706864,352.49035855844903
43.26875,42.04375,340.2835895331181,32.48079884962476,372.7643883827429
43.26875,42.05625,339.5262379806272,27.5604174638164,367.0866554444436
43.26875,42.06875,302.9782718832599,26.618833314154625,329.5971051974145
43.26875,42.08125,331.6069751937303,31.301010748466034,362.9079859421963
43.26875,42.09375,360.5024743070869,39.154010844158826,399.65648515124576
43.26875,42.10625,376.86800773940047,35.657566318137356,412.5255740575378
43.26875,42.11875,342.10158227381606,21.632935786195887,363.73451806001196
43.26875,42.13125,303.490713553445,20.032372078480844,323.5230856319258
43.26875,42.14375,260.38248372680414,23.57058552106923,283.9530692478734
43.26875,42.15625,257.2908819227522,21.774292728998635,279.06517465175085
43.26875,42.16875,250.2784755897068,22.350261963181648,272.6287375528884
43.26875,42.18125,284.0804581382585,23.883319347263363,307.96377748552186
43.26875,42.19375,332.46169821715057,20.913243592427733,353.37494180957833
43.26875,42.20625,356.6220717330215,28.16530247053422,384.78737420355577
43.26875,42.21875,391.79954137995503,37.26394637152674,429.0634877514818
43.26875,42.23125,362.35735924521725,26.47873373226525,388.8360929774825
43.26875,42.24375,319.73745613682905,20.64297667582443,340.38043281265345
43.26875,42.25625,251.31608746687152,24.640263734457342,275.95635120132886
43.26875,42.26875,265.9279685897938,21.503128635843428,287.43109722563725
43.26875,42.28125,312.4504352028824,25.752933361849845,338.2033685647322
43.26875,42.29375,355.49779919464095,30.858390680636436,386.3561898752774
43.26875,42.30625,324.4228609262474,31.39438163915009,355.81724256539746
43.26875,42.31875,274.1544036683447,29.59036497623103,303.74476864457574
43.26875,42.33125,333.8814411049785,28.68779112605575,362.5692322310342
43.26875,42.34375,374.2774478837212,31.356949769347267,405.6343976530685
43.26875,42.35625,352.2281496727754,27.54307246755695,379.7712221403323
43.26875,42.36875,325.78123020731175,31.19995852764131,356.98118873495304
43.26875,42.38125,290.5345931394934,26.355115728691054,316.8897088681844
43.26875,42.39375,326.29613311784635,29.68462775182456,355.9807608696709
43.26875,42.40625,358.8545217353464,35.52786821135426,394.38238994670064
43.26875,42.41875,375.74978278987385,39.471937630794955,415.2217204206688
43.26875,42.43125,348.92652805982203,29.007232006155082,377.93376006597714
43.26875,42.44375,313.29502123365734,29.188169841262706,342.48319107492006
43.26875,42.45625,283.31508923050654,27.196966198646557,310.5120554291531
43.26875,42.46875,292.3734193510167,28.819098622113952,321.19251797313063
43.26875,42.48125,282.00403007123174,26.677711960525453,308.6817420317572
43.26875,42.49375,300.11984621392264,28.8402904888346,328.96013670275727
43.26875,42.50625,310.23839205178194,33.04020792105513,343.27859997283707
43.26875,42.51875,282.5444354005906,25.555872999749596,308.10030840034017
43.26875,42.53125,332.82311413513065,19.304023530893556,352.1271376660242
43.26875,42.54375,365.4247320239967,24.61750040085587,390.04223242485256
43.26875,42.55625,359.51812010993024,23.52752342377482,383.04564353370506
43.26875,42.56875,340.4362204713308,24.58456165142167,365.02078212275245
43.26875,42.58125,331.1435934873589,24.056336689182697,355.19993017654156
43.26875,42.59375,324.93044939640623,23.23370338108712,348.16415277749337
43.26875,42.60625,322.5145610786729,30.76734576687587,353.28190684554875
43.26875,42.61875,265.6496340806038,23.72769185108296,289.37732593168676
43.26875,42.63125,250.7916526387479,15.69950654820109,266.491159186949
43.26875,42.64375,255.28740315974466,17.077949749022636,272.3653529087673
43.26875,42.65625,214.3962845746854,14.754278148870602,229.15056272355602
43.26875,42.66875,199.53322936491017,26.945746117395075,226.47897548230526
43.26875,42.68125,218.9035619552346,20.134163889718614,239.03772584495323
43.26875,42.69375,242.97630045478158,16.03975670457946,259.016057159361
43.26875,42.70625,262.97618371457094,9.091142467714434,272.06732618228534
43.26875,42.71875,311.2546249575056,9.093615028963594,320.3482399864692
43.26875,42.73125,295.0795251454416,14.452204326695597,309.5317294721372
43.26875,42.74375,298.29563908195996,23.572491525906337,321.8681306078663
43.26875,42.75625,300.9297032301991,20.18068247849961,321.1103857086987
43.26875,42.76875,240.508755525381,18.386382292807646,258.89513781818863
43.26875,42.78125,250.08118008101755,16.81561281449676,266.8967928955143
43.26875,42.79375,318.04145583156964,20.081925649472414,338.12338148104203
43.26875,42.80625,368.97600835454125,17.767572718670753,386.743581073212
43.26875,42.81875,408.01163833332834,29.130164044531288,437.1418023778596
43.26875,42.83125,410.96264799683456,31.36965850329963,442.33230650013417
43.26875,42.84375,454.6177543441385,35.725998085468625,490.34375242960715
43.26875,42.85625,402.1310082979901,24.239919486705602,426.3709277846957
43.26875,42.86875,365.76372885608583,19.419697966819665,385.1834268229055
43.26875,42.88125,343.93710838336176,31.26124434960976,375.1983527329715
43.26875,42.89375,388.9216947867152,34.240120522084155,423.16181530879936
43.26875,42.90625,395.55136705217785,33.42015869598322,428.97152574816107
43.26875,42.91875,420.0706775024492,39.58206542045738,459.65274292290655
43.26875,42.93125,424.31558196033086,39.91713603331676,464.2327179936476
43.26875,42.94375,413.13031429349843,39.17956569369438,452.3098799871928
43.26875,42.95625,424.24180454481086,39.59470073702438,463.83650528183523
43.26875,42.96875,406.9827468015843,35.637099420045445,442.61984622162976
43.26875,42.98125,387.7017217936342,35.92645392547389,423.62817571910807
43.26875,42.99375,354.51171895415706,28.85787257734109,383.36959153149814
43.25625,42.00625,219.274020360182,25.212405527088816,244.4864258872708
43.25625,42.01875,248.49011737369906,19.008829549618174,267.49894692331725
43.25625,42.03125,289.80807658810517,23.97906541633444,313.7871420044396
43.25625,42.04375,330.32657726924407,24.61224737655373,354.9388246457978
43.25625,42.05625,357.92160851974614,30.79050676804516,388.7121152877913
43.25625,42.06875,360.3516850339487,25.768225670353136,386.11991070430184
43.25625,42.08125,353.7301619974775,27.263438331575685,380.9936003290532
43.25625,42.09375,371.8632275392184,37.84320989953547,409.7064374387539
43.25625,42.10625,349.43653214442884,35.2680654089255,384.70459755335435
43.25625,42.11875,309.8318395028162,26.63206566395055,336.4639051667667
43.25625,42.13125,256.0810967305613,30.603379978914198,286.68447670947546
43.25625,42.14375,299.21551951272073,29.597151629175617,328.8126711418964
43.25625,42.15625,329.94301128734725,27.18901628750032,357.13202757484754
43.25625,42.16875,310.00195326623026,24.150363599723615,334.1523168659539
43.25625,42.18125,250.54979819688938,28.51205172834237,279.06184992523174
43.25625,42.19375,322.75210280410175,28.818549652719756,351.5706524568215
43.25625,42.20625,351.5365548387843,29.7438147961475,381.2803696349318
43.25625,42.21875,365.1705119259079,33.694684885874565,398.8651968117824
43.25625,42.23125,362.7745302686446,28.594351678888053,391.36888194753266
43.25625,42.24375,300.55465643079464,21.135712431725985,321.69036886252064
43.25625,42.25625,320.2657056766846,24.979994028410324,345.2456997050949
43.25625,42.26875,304.0676593262874,24.17589226284842,328.24355158913585
43.25625,42.28125,267.1702632559449,24.321660905416163,291.49192416136106
43.25625,42.29375,326.04579386495163,31.3668567131898,357.41265057814144
43.25625,42.30625,343.23604045129633,31.992168439675467,375.2282088909718
43.25625,42.31875,283.34575229868216,30.088297722899952,313.4340500215821
43.25625,42.33125,331.73594207620596,28.859184917293888,360.59512699349983
43.25625,42.34375,383.9102352002808,36.70677817484936,420.61701337513017
43.25625,42.35625,367.5757522881188,37.98186779858376,405.55762008670257
43.25625,42.36875,346.0411921098072,30.235859020982602,376.2770511307898
43.25625,42.38125,335.1235962731103,31.569089430218305,366.6926857033286
43.25625,42.39375,335.366308367448,31.948984689992276,367.31529305744033
43.25625,42.40625,352.60303662779313,35.21591986340577,387.8189564911989
43.25625,42.41875,368.4082020550558,37.48685391182385,405.8950559668797
43.25625,42.43125,351.79922953846483,32.73269061304523,384.53192015151006
43.25625,42.44375,358.93649806484774,24.893321842270435,383.8298199071182
43.25625,42.45625,331.0929579647846,23.37834792140143,354.47130588618603
43.25625,42.46875,351.68774434354503,24.778223076213415,376.46596741975844
43.25625,42.48125,295.86885892239377,20.24974232339218,316.11860124578595
43.25625,42.49375,257.39743143624764,23.784894771691707,281.18232620793935
43.25625,42.50625,248.41989237575373,29.8455605742929,278.2654529500466
43.25625,42.51875,247.0603103116727,26.137580213965936,273.1978905256386
43.25625,42.53125,276.32371329268756,19.99762051953228,296.32133381221985
43.25625,42.54375,273.03340439127606,20.277107182038296,293.3105115733144
43.25625,42.55625,274.7499392525637,20.506952359575394,295.2568916121391
43.25625,42.56875,270.3233749643343,19.9556940054858,290.27906896982006
43.25625,42.58125,268.11727941839075,20.93409013932507,289.0513695577158
43.25625,42.59375,258.78188598573917,20.005297420462934,278.7871834062021
43.25625,42.60625,253.21607751547452,22.925899087619715,276.14197660309424
43.25625,42.61875,244.31496364058543,20.072100892203025,264.3870645327885
43.25625,42.63125,247.76630172442873,27.42854252352695,275.1948442479557
43.25625,42.64375,204.2022180060904,24.899728810443516,229.1019468165339
43.25625,42.65625,218.4947174904019,18.42632227018865,236.92103976059056
43.25625,42.66875,251.71437656756896,20.339012299682423,272.0533888672514
43.25625,42.68125,279.10363580685157,15.78903570555542,294.892671512407
43.25625,42.69375,311.89157955730803,13.939236308993735,325.83081586630175
43.25625,42.70625,336.1994337359625,12.100377148536921,348.2998108844994
43.25625,42.71875,367.44947388428955,12.00911187897373,379.4585857632633
43.25625,42.73125,343.7482338346187,14.979882935907156,358.72811677052584
43.25625,42.74375,314.51263374926634,13.385659663013747,327.8982934122801
43.25625,42.75625,332.14237044658773,15.293811578678472,347.4361820252662
43.25625,42.76875,293.43897298196043,14.17824306312357,307.617216045084
43.25625,42.78125,245.00583284523222,21.11415720704719,266.11999005227943
43.25625,42.79375,271.6867583742926,20.679711080288005,292.3664694545806
43.25625,42.80625,317.30444323564956,18.10218546154229,335.4066286971919
43.25625,42.81875,367.87195149532715,27.287558469679336,395.15950996500646
43.25625,42.83125,391.83579452095773,30.83890416125064,422.6746986822084
43.25625,42.84375,411.0314401410742,33.8884545353844,444.9198946764586
43.25625,42.85625,450.9608159638114,39.71573947527557,490.676555439087
43.25625,42.86875,405.9369363312483,26.440619251178013,432.37755558242634
43.25625,42.88125,374.0668033040964,29.408100833871146,403.47490413796754
43.25625,42.89375,380.0810679597194,32.7517652825786,412.832833242298
43.25625,42.90625,400.3175801893856,32.91884082985521,433.23642101924077
43.25625,42.91875,433.10475872511523,41.632422053273004,474.7371807783882
43.25625,42.93125,404.8416209772747,37.92980381491128,442.771424792186
43.25625,42.94375,377.17578365469325,35.060770956660626,412.2365546113539
43.25625,42.95625,398.83832534162013,32.41207690568674,431.25040224730685
43.25625,42.96875,381.2347444000177,33.53675495932737,414.77149935934506
43.25625,42.98125,358.89983567603247,32.89751934808973,391.7973550241222
43.25625,42.99375,360.47562406441523,28.87975006630913,389.3553741307244
43.24375,42.00625,286.5031713708904,21.159321181662587,307.662492552553
43.24375,42.01875,278.9036019881459,19.687774864200403,298.5913768523463
43.24375,42.03125,251.3391881728729,20.47662291403657,271.8158110869095
43.24375,42.04375,269.3748363890558,19.77668001588578,289.1515164049416
43.24375,42.05625,282.76704005320164,26.216531071077238,308.98357112427885
43.24375,42.06875,314.22846217301264,23.200400276553715,337.42886244956634
43.24375,42.08125,359.92969234837193,30.429896342377774,390.3595886907497
43.24375,42.09375,372.0396868554063,34.67078817905521,406.71047503446147
43.24375,42.10625,356.9150033379627,32.98180864105313,389.8968119790158
43.24375,42.11875,297.1455438655348,21.296813235336465,318.4423571008713
43.24375,42.13125,272.2458809917599,21.73420062378667,293.98008161554657
43.24375,42.14375,329.8402544421885,19.93129372465605,349.7715481668445
43.24375,42.15625,359.33239951142724,27.857604515500565,387.1900040269278
43.24375,42.16875,330.5673491195803,18.734735738301346,349.30208485788165
43.24375,42.18125,264.6375078222706,25.112514729921827,289.75002255219243
43.24375,42.19375,308.20613813214777,27.198128581958173,335.4042667141059
43.24375,42.20625,359.22891049549105,36.57898634512983,395.80789684062086
43.24375,42.21875,354.9422208151075,39.314634053780445,394.2568548688879
43.24375,42.23125,319.6615943826326,33.337877001304975,352.9994713839376
43.24375,42.24375,324.26152918544335,32.777479405315695,357.03900859075907
43.24375,42.25625,359.52747174375315,35.00441200876392,394.53188375251705
43.24375,42.26875,341.78827451481675,28.54951331092013,370.3377878257369
43.24375,42.28125,290.3531874974726,23.889259637365477,314.2424471348381
43.24375,42.29375,323.5181685492522,27.513153473255898,351.0313220225081
43.24375,42.30625,355.6195990271588,29.658366191687914,385.2779652188467
43.24375,42.31875,315.3922562742801,27.83247018363533,343.22472645791544
43.24375,42.33125,311.7998066952392,25.996124910951742,337.79593160619095
43.24375,42.34375,350.91668381498647,32.83393321540733,383.7506170303938
43.24375,42.35625,373.30492314459065,35.857394704042605,409.1623178486333
43.24375,42.36875,366.6318062892622,38.719623844144074,405.35143013340627
43.24375,42.38125,366.8370137406309,38.09034670361055,404.92736044424146
43.24375,42.39375,353.3685399063215,30.33072720973391,383.6992671160554
43.24375,42.40625,344.0817281406383,31.298220618489665,375.37994875912796
43.24375,42.41875,316.4130796875205,29.658546871937517,346.071626559458
43.24375,42.43125,355.1570340872648,32.67789248733299,387.8349265745978
43.24375,42.44375,398.63522076575896,37.81964759301039,436.4548683587693
43.24375,42.45625,390.52823614506775,37.18784351938231,427.71607966445004
43.24375,42.46875,390.4841732498455,32.81875904048235,423.3029322903279
43.24375,42.48125,357.5482543953663,21.44463634708547,378.9928907424518
43.24375,42.49375,330.26687831491284,24.67882489493645,354.9457032098493
43.24375,42.50625,300.29999951366517,29.68814497494953,329.9881444886147
43.24375,42.51875,255.2071410920104,32.305563368794125,287.5127044608045
43.24375,42.53125,237.31577588179988,21.499749283703082,258.81552516550295
43.24375,42.54375,244.9608271422247,18.562276338636472,263.52310348086115
43.24375,42.55625,239.18126255546616,16.745670098497175,255.92693265396335
43.24375,42.56875,241.79566633233452,19.36404825591779,261.1597145882523
43.24375,42.58125,240.9732156481323,18.395934415790457,259.36915006392275
43.24375,42.59375,218.23469588572422,22.5100036475677,240.7446995332919
43.24375,42.60625,233.7589031991877,19.430554296588664,253.18945749577637
43.24375,42.61875,238.2001798693614,17.864696759886332,256.06487662924775
43.24375,42.63125,225.50053728059825,18.500624698710617,244.00116197930888
43.24375,42.64375,233.974134340579,25.000633775706362,258.97476811628536
43.24375,42.65625,292.83928867732,24.949653198962025,317.788941876282
43.24375,42.66875,317.1067376222715,19.82711053892374,336.9338481611953
43.24375,42.68125,334.0802342007187,23.94395458488957,358.02418878560826
43.24375,42.69375,341.65463231071243,21.232380488509666,362.8870127992221
43.24375,42.70625,388.9281774392093,28.733388960443882,417.6615663996532
43.24375,42.71875,396.8887394635242,30.673013619037874,427.56175308256206
43.24375,42.73125,425.3729004486859,29.341725667816178,454.71462611650213
43.24375,42.74375,392.6253269193514,28.473441932610545,421.09876885196195
43.24375,42.75625,387.99880616399696,27.714735138723604,415.71354130272056
43.24375,42.76875,347.50136030162884,20.80927744215189,368.3106377437807
43.24375,42.78125,280.0308030946966,23.831091763432358,303.86189485812895
43.24375,42.79375,264.11650263554407,28.018563380072408,292.1350660156165
43.24375,42.80625,318.74726985408586,21.91375192283408,340.66102177691994
43.24375,42.81875,375.92522141002485,24.280757408807418,400.20597881883225
43.24375,42.83125,374.22332049114243,20.749786790409047,394.9731072815515
43.24375,42.84375,388.183601626648,27.251766306790344,415.43536793343833
43.24375,42.85625,410.49541665765594,32.56597789772359,443.06139455537954
43.24375,42.86875,419.37886642390396,35.15562023863791,454.5344866625419
43.24375,42.88125,438.68068965232936,34.9451245233662,473.62581417569555
43.24375,42.89375,442.35225023107216,37.525960706574736,479.8782109376469
43.24375,42.90625,389.2195628427396,32.3235177976696,421.5430806404092
43.24375,42.91875,373.95975111638944,33.087790778833345,407.04754189522276
43.24375,42.93125,385.9273140807425,33.41293755515131,419.3402516358938
43.24375,42.94375,373.45518566264764,31.856268366135463,405.3114540287831
43.24375,42.95625,344.2865440591613,26.839222150860174,371.1257662100215
43.24375,42.96875,382.80650086591083,30.13559962054858,412.9421004864594
43.24375,42.98125,349.4496665404675,33.167854855495825,382.6175213959633
43.24375,42.99375,329.7495811381104,27.448465985539617,357.19804712365
43.23125,42.00625,306.4734193144033,25.969674847590582,332.4430941619939
43.23125,42.01875,340.5102673707749,24.506071691188087,365.016339061963
43.23125,42.03125,304.65283306573207,23.034526404267798,327.6873594699999
43.23125,42.04375,287.1440642291772,20.88661697998117,308.0306812091584
43.23125,42.05625,342.15310207519343,29.36706192477896,371.5201639999724
43.23125,42.06875,315.7506454694239,26.860995093115672,342.61164056253955
43.23125,42.08125,323.04429986814785,27.692762260530394,350.73706212867825
43.23125,42.09375,354.27740183143413,32.79026719688234,387.06766902831646
43.23125,42.10625,383.5968090525592,32.98845375979168,416.5852628123509
43.23125,42.11875,310.0770710609344,21.05363728221682,331.1307083431512
43.23125,42.13125,287.6126645015539,21.14361979316439,308.7562842947183
43.23125,42.14375,342.0129673698883,18.739972024848026,360.75293939473636
43.23125,42.15625,372.8050126939961,31.51187945584575,404.31689214984186
43.23125,42.16875,348.20032474264696,19.325562995549284,367.5258877381962
43.23125,42.18125,298.4053534501906,16.254988750883285,314.6603422010739
43.23125,42.19375,351.0691806208795,19.153849245949928,370.2230298668294
43.23125,42.20625,346.3754838717063,21.431094781914332,367.80657865362065
43.23125,42.21875,365.33714697840617,38.58787620536017,403.9250231837663
43.23125,42.23125,340.28112543036247,33.2367049300641,373.51783036042656
43.23125,42.24375,364.9934995006551,33.34264015636502,398.3361396570201
43.23125,42.25625,360.27470039768457,35.70773018036817,395.98243057805274
43.23125,42.26875,319.3297888097738,31.99610150352497,351.32589031329877
43.23125,42.28125,289.42412418583143,27.615281375682457,317.0394055615139
43.23125,42.29375,333.0896077077491,24.44836321612938,357.5379709238785
43.23125,42.30625,373.3301709481799,35.226360156227024,408.55653110440693
43.23125,42.31875,342.38531852483504,28.655027696973676,371.0403462218087
43.23125,42.33125,311.31863680516835,29.296484836911457,340.6151216420798
43.23125,42.34375,341.3376945555235,33.59613254736855,374.93382710289205
43.23125,42.35625,350.62597867067296,35.93200912385761,386.55798779453056
43.23125,42.36875,314.96690964508554,27.435908039504238,342.40281768458976
43.23125,42.38125,322.6447027431449,27.998850218493292,350.6435529616382
43.23125,42.39375,304.05634403009725,26.396970294915416,330.4533143250127
43.23125,42.40625,295.3028091386853,23.29342988742685,318.59623902611213
43.23125,42.41875,330.9410533117678,27.65243426071989,358.5934875724877
43.23125,42.43125,356.6382474202897,28.592416169861576,385.23066359015127
43.23125,42.44375,386.19253260112487,33.14391340784525,419.33644600897014
43.23125,42.45625,370.5942198790335,31.493387189274873,402.0876070683084
43.23125,42.46875,339.78303172959977,30.329755960557247,370.112787690157
43.23125,42.48125,317.1917309179965,25.789297233871693,342.9810281518682
43.23125,42.49375,318.7309232174288,31.10366598493411,349.83458920236296
43.23125,42.50625,283.316965611055,23.471272324349435,306.7882379354045
43.23125,42.51875,274.09700760155437,16.00711762443559,290.10412522598995
43.23125,42.53125,288.5472536952669,21.938772041886146,310.486025737153
43.23125,42.54375,337.00437914796845,25.354153414508858,362.3585325624773
43.23125,42.55625,315.28197822227605,23.212336312644823,338.4943145349209
43.23125,42.56875,319.384941546252,24.747894085664743,344.13283563191675
43.23125,42.58125,315.58858063443796,25.427907876229497,341.01648851066744
43.23125,42.59375,258.07624203276526,21.711200150108382,279.78744218287363
43.23125,42.60625,292.89079425321626,19.02876025235617,311.9195545055724
43.23125,42.61875,323.22996541257226,19.641929514609583,342.8718949271818
43.23125,42.63125,296.37001539302383,16.601889958663964,312.9719053516878
43.23125,42.64375,248.38257268104928,12.654205062318194,261.03677774336745
43.23125,42.65625,226.76935083507456,17.366326603016297,244.13567743809085
43.23125,42.66875,267.9525636306918,19.372511874244562,287.32507550493636
43.23125,42.68125,299.2797729373405,20.822813845175826,320.1025867825163
43.23125,42.69375,330.7055211600077,19.519555773948312,350.225076933956
43.23125,42.70625,353.73189498040364,18.235273148373096,371.96716812877673
43.23125,42.71875,368.0188504050793,20.84922237940674,388.86807278448606
43.23125,42.73125,393.474544432111,26.25998748081111,419.7345319129221
43.23125,42.74375,413.5762451761279,38.67278896546082,452.2490341415887
43.23125,42.75625,369.9805752919433,32.53749430921378,402.5180696011571
43.23125,42.76875,338.8736469191932,22.20685403628452,361.08050095547776
43.23125,42.78125,309.4720907849759,14.385207789655219,323.8572985746311
43.23125,42.79375,290.902164227349,19.424435132517573,310.3265993598666
43.23125,42.80625,267.0474048802879,23.088974250146027,290.1363791304339
43.23125,42.81875,292.4296017272274,26.41029896245855,318.839900689686
43.23125,42.83125,327.56719766974345,26.953026991632843,354.5202246613763
43.23125,42.84375,350.6380033106288,32.63758034454834,383.2755836551771
43.23125,42.85625,372.88329845322994,33.15038369952955,406.03368215275947
43.23125,42.86875,407.62490597996936,37.893904191543136,445.5188101715125
43.23125,42.88125,445.95770443836926,38.815915585540054,484.7736200239093
43.23125,42.89375,433.4847040983173,35.34656984406027,468.8312739423776
43.23125,42.90625,442.7728031682957,35.49007705522048,478.26288022351616
43.23125,42.91875,393.9595034043441,34.51693280829263,428.4764362126367
43.23125,42.93125,348.10867092894534,29.21029600501704,377.3189669339624
43.23125,42.94375,327.5067170029754,25.99844230738944,353.50515931036483
43.23125,42.95625,299.3668741063952,26.58661259732039,325.95348670371555
43.23125,42.96875,305.0518767494241,23.8952703540386,328.94714710346267
43.23125,42.98125,342.09179938341504,29.2982063279636,371.39000571137865
43.23125,42.99375,305.4530621853558,27.463741842028483,332.9168040273843
43.21875,42.00625,314.1554158265172,23.361860614583733,337.51727644110093
43.21875,42.01875,368.29837615496524,29.67622785786924,397.9746040128345
43.21875,42.03125,310.57160019186523,23.992788635823135,334.5643888276884
43.21875,42.04375,288.5886298644146,23.887560885613826,312.4761907500284
43.21875,42.05625,353.7275965216513,30.14368682877194,383.87128335042325
43.21875,42.06875,356.5894632696828,24.41232671183412,381.00178998151694
43.21875,42.08125,340.50689449603624,27.070941495095425,367.5778359911317
43.21875,42.09375,378.29949884391954,28.488066739194473,406.78756558311403
43.21875,42.10625,367.92729333645934,29.543985143434405,397.4712784798937
43.21875,42.11875,328.1043764044358,28.673793901467647,356.7781703059035
43.21875,42.13125,351.8169277374226,24.354026755698182,376.17095449312075
43.21875,42.14375,381.71093281475584,31.8666778888248,413.57761070358066
43.21875,42.15625,362.98795833813443,28.5528133682067,391.54077170634116
43.21875,42.16875,368.06288869740024,23.847629150248018,391.91051784764824
43.21875,42.18125,380.3671395624356,29.03422891908503,409.40136848152065
43.21875,42.19375,408.3712375925923,32.80567251013784,441.1769101027302
43.21875,42.20625,350.7342760101783,17.346711088756507,368.08098709893477
43.21875,42.21875,323.25924416744186,25.04823663785692,348.3074808052988
43.21875,42.23125,317.100609309364,23.221124930553188,340.3217342399172
43.21875,42.24375,340.57163900989076,32.49661444890863,373.0682534587994
43.21875,42.25625,347.7365421350828,33.28831684243886,381.02485897752166
43.21875,42.26875,332.7416495544189,29.695302697285047,362.436952251704
43.21875,42.28125,338.2472703600283,30.740308676499335,368.9875790365277
43.21875,42.29375,346.92656662345115,25.622128483256418,372.54869510670756
43.21875,42.30625,382.83670448626975,31.44711906012088,414.28382354639064
43.21875,42.31875,365.26034698237436,28.658181943122692,393.91852892549707
43.21875,42.33125,356.99262772226155,22.762062280679206,379.7546900029408
43.21875,42.34375,342.2063389998363,23.798902266644742,366.00524126648105
43.21875,42.35625,322.4816284825414,22.872345553899212,345.3539740364406
43.21875,42.36875,319.7239036046758,26.797887213204422,346.52179081788023
43.21875,42.38125,276.5723225409669,27.974214734934492,304.5465372759014
43.21875,42.39375,266.37139258183794,22.84499973521194,289.2163923170499
43.21875,42.40625,307.95165612137,20.62328746939915,328.5749435907691
43.21875,42.41875,356.32145968794606,27.779397139378588,384.10085682732466
43.21875,42.43125,329.4919409416354,24.302910181534717,353.79485112317013
43.21875,42.44375,346.82056776729166,25.10887314768248,371.9294409149741
43.21875,42.45625,337.4412263358683,23.397550905964263,360.83877724183253
43.21875,42.46875,323.46434924900126,34.88228423363267,358.34663348263393
43.21875,42.48125,312.85778269212926,26.804840480477246,339.6626231726065
43.21875,42.49375,304.42137840651424,25.399731452753766,329.821109859268
43.21875,42.50625,298.26990932683265,15.090716227376433,313.3606255542091
43.21875,42.51875,362.45016364566027,21.742546337694165,384.19270998335446
43.21875,42.53125,360.9916571309269,20.806650778704167,381.7983079096311
43.21875,42.54375,375.92730543963995,28.554266253144814,404.48157169278477
43.21875,42.55625,345.8089991021885,25.462682796592258,371.2716818987808
43.21875,42.56875,351.02777306853125,30.698090498379024,381.7258635669103
43.21875,42.58125,321.68177810802104,28.679294425737925,350.36107253375894
43.21875,42.59375,277.49193760312426,29.005227726959973,306.4971653300842
43.21875,42.60625,306.59337730172064,26.085277114891163,332.6786544166118
43.21875,42.61875,358.0095459651869,34.16860107945194,392.1781470446388
43.21875,42.63125,349.4838387833102,25.272400068915044,374.75623885222524
43.21875,42.64375,291.8252741951619,20.570908987875143,312.39618318303707
43.21875,42.65625,244.29704110919377,16.1097302750302,260.406771384224
43.21875,42.66875,272.2264269001233,17.121637697263964,289.34806459738724
43.21875,42.68125,254.8011775233748,17.782993814410794,272.5841713377856
43.21875,42.69375,258.8673410748607,24.026298642138695,282.89363971699936
43.21875,42.70625,286.9191726849703,23.26561542575321,310.1847881107235
43.21875,42.71875,316.9238190330353,23.817538064838963,340.74135709787424
43.21875,42.73125,347.81721378600946,27.241395411013613,375.0586091970231
43.21875,42.74375,365.3913410223464,29.808691182816606,395.20003220516304
43.21875,42.75625,387.4574797655466,30.103314909223638,417.56079467477025
43.21875,42.76875,399.35237163166346,30.636263268210712,429.98863489987417
43.21875,42.78125,353.6071031161363,22.628838381252383,376.23594149738864
43.21875,42.79375,333.3977352026629,30.45513683093512,363.85287203359803
43.21875,42.80625,269.1878843040125,32.99619174778065,302.18407605179317
43.21875,42.81875,324.2831506899543,21.978225366806175,346.26137605676047
43.21875,42.83125,366.01790915418206,25.417051415126206,391.43496056930826
43.21875,42.84375,388.59463453375605,29.252454148094948,417.847088681851
43.21875,42.85625,386.4049946048911,29.98410867703127,416.38910328192236
43.21875,42.86875,386.43371852865505,33.00042575714592,419.434144285801
43.21875,42.88125,441.2469766692354,41.767088247224756,483.01406491646014
43.21875,42.89375,434.4221241923937,34.68699418307042,469.1091183754641
43.21875,42.90625,395.75990724733975,30.789746771949968,426.54965401928973
43.21875,42.91875,398.38185678768394,31.39339195898656,429.7752487466705
43.21875,42.93125,409.0443532739279,32.553247646142275,441.5976009200702
43.21875,42.94375,387.44950946487563,32.35425370685742,419.80376317173307
43.21875,42.95625,343.2059313300209,26.002152250112616,369.2080835801335
43.21875,42.96875,295.11272184351844,22.74089608274496,317.8536179262634
43.21875,42.98125,279.9670499527726,24.411874142117888,304.37892409489046
43.21875,42.99375,269.0172674178476,26.172564212466835,295.1898316303145
43.20625,42.00625,266.8726404511846,18.15228300079461,285.02492345197925
43.20625,42.01875,326.8989681276603,21.835058319480826,348.7340264471411
43.20625,42.03125,355.58919929592423,27.96631516526177,383.555514461186
43.20625,42.04375,317.8620282695282,25.905375490556303,343.7674037600845
43.20625,42.05625,319.74187594176556,29.745055893170427,349.486931834936
43.20625,42.06875,370.40963513127656,25.926720421352048,396.3363555526286
43.20625,42.08125,424.69560968124256,33.00149326008721,457.6971029413298
43.20625,42.09375,403.29361077612367,31.58333329342796,434.87694406955166
43.20625,42.10625,362.1237474212772,25.07734790494706,387.2010953262243
43.20625,42.11875,338.19570377976237,30.052926392818723,368.2486301725811
43.20625,42.13125,339.9812092225463,26.14008674532511,366.1212959678714
43.20625,42.14375,318.0403532951225,28.306613644301592,346.3469669394241
43.20625,42.15625,309.66066395592424,24.31574807604432,333.97641203196855
43.20625,42.16875,318.14080984872373,20.960501069628663,339.1013109183524
43.20625,42.18125,307.54286631367535,17.46255824841547,325.0054245620908
43.20625,42.19375,311.69950995705454,15.73103319160007,327.43054314865464
43.20625,42.20625,311.8744972120949,13.421826243978145,325.2963234560731
43.20625,42.21875,262.755947943751,17.09751805258587,279.85346599633687
43.20625,42.23125,314.5473557505184,20.586626339028772,335.1339820895472
43.20625,42.24375,332.3326190653444,26.801367959797517,359.1339870251419
43.20625,42.25625,332.0663439970787,28.577520278313248,360.643864275392
43.20625,42.26875,345.43394459591985,27.007476171091014,372.44142076701087
43.20625,42.28125,343.84555382562,27.402497646324733,371.24805147194473
43.20625,42.29375,348.72458474095566,26.47398387146951,375.19856861242516
43.20625,42.30625,324.2456945751697,21.505871992238752,345.7515665674084
43.20625,42.31875,311.61770369981883,12.545078909566278,324.1627826093851
43.20625,42.33125,284.7335451137266,16.45392556653191,301.1874706802585
43.20625,42.34375,247.8854569342326,17.299976487943997,265.1854334221766
43.20625,42.35625,245.6156361310764,23.909482104647424,269.5251182357238
43.20625,42.36875,248.4807461959152,27.310838597957364,275.7915847938726
43.20625,42.38125,275.5479807252505,29.756934448936338,305.3049151741869
43.20625,42.39375,306.15929722705465,28.007803853950595,334.1671010810052
43.20625,42.40625,361.5624879213426,23.778709875760512,385.3411977971031
43.20625,42.41875,391.85031346232137,32.43444617545734,424.28475963777873
43.20625,42.43125,321.17626959161345,22.356755570266735,343.5330251618802
43.20625,42.44375,285.33160034199443,23.417700742256113,308.74930108425053
43.20625,42.45625,330.30407928261707,28.60111942410991,358.905198706727
43.20625,42.46875,368.3579148133672,35.02597773848979,403.383892551857
43.20625,42.48125,381.74348977804857,18.639351942197194,400.3828417202458
43.20625,42.49375,378.482489678634,18.220107651677786,396.7025973303118
43.20625,42.50625,371.853381363006,15.212234407911936,387.06561577091793
43.20625,42.51875,421.0483750118542,19.68844813179615,440.7368231436503
43.20625,42.53125,372.74732433345156,17.721026474767328,390.4683508082189
43.20625,42.54375,362.5313567010455,29.08204816779247,391.613404868838
43.20625,42.55625,356.89699990871503,29.80108627222731,386.69808618094237
43.20625,42.56875,351.30394369073446,30.21640904414563,381.5203527348801
43.20625,42.58125,314.7357312012317,32.60258724495515,347.33831844618686
43.20625,42.59375,273.6444582003839,33.59249917858853,307.2369573789724
43.20625,42.60625,312.55070933531414,29.78019353381989,342.33090286913404
43.20625,42.61875,360.10471776466153,34.85833777893129,394.9630555435928
43.20625,42.63125,342.61930119505786,28.338964933183547,370.9582661282414
43.20625,42.64375,279.9363938585152,21.83497649413512,301.7713703526503
43.20625,42.65625,277.3720494672601,19.243720810715505,296.6157702779756
43.20625,42.66875,349.8514536709519,26.62214878120815,376.47360245216004
43.20625,42.68125,309.8386543690226,25.015286237287125,334.8539406063097
43.20625,42.69375,321.4022163057463,22.652856735153602,344.0550730408999
43.20625,42.70625,312.93323813340436,18.492901001513154,331.4261391349175
43.20625,42.71875,296.1099775277211,16.993285049493984,313.1032625772151
43.20625,42.73125,300.4233805612835,32.49679864213893,332.92017920342244
43.20625,42.74375,303.96525661427177,29.260971635155112,333.22622824942687
43.20625,42.75625,338.1855541931193,28.339876276695136,366.5254304698144
43.20625,42.76875,380.48805104748817,33.69220255533136,414.18025360281956
43.20625,42.78125,370.37611690215806,28.615788596527405,398.99190549868547
43.20625,42.79375,323.27328248721244,21.784825711880444,345.0581081990929
43.20625,42.80625,281.2274391460292,31.70541196989256,312.9328511159218
43.20625,42.81875,332.55481647034236,21.163352083632308,353.7181685539747
43.20625,42.83125,403.5995137396194,32.93247709440452,436.53199083402393
43.20625,42.84375,404.22372669977847,29.490215040852508,433.71394174063096
43.20625,42.85625,417.1098863886569,29.656456600835767,446.76634298949267
43.20625,42.86875,441.89816547443746,32.91272593866939,474.81089141310684
43.20625,42.88125,399.31364619388836,29.6636854338308,428.97733162771914
43.20625,42.89375,420.581444142959,33.85134433001365,454.4327884729727
43.20625,42.90625,359.12413798346256,28.52094152027932,387.6450795037419
43.20625,42.91875,340.1441858298981,20.680938817019396,360.8251246469175
43.20625,42.93125,359.7839328128462,24.20461428883302,383.9885471016792
43.20625,42.94375,320.58197047711326,22.398352143550596,342.98032262066386
43.20625,42.95625,304.35431884877136,17.93769763026187,322.29201647903324
43.20625,42.96875,262.21184468266614,22.48060416566797,284.6924488483341
43.20625,42.98125,238.991547611208,28.55975688689619,267.5513044981042
43.20625,42.99375,235.18864577635074,28.874194936548776,264.0628407128995
43.19375,42.00625,270.01283415604235,25.851761628927218,295.86459578496954
43.19375,42.01875,293.04668849894244,20.05487631184077,313.1015648107832
43.19375,42.03125,354.83640794658373,28.5875580877026,383.4239660342863
43.19375,42.04375,352.8121067741588,33.370141743013406,386.1822485171722
43.19375,42.05625,359.3073914053822,35.440389736865995,394.7477811422482
43.19375,42.06875,370.3040002364422,25.304585988245385,395.6085862246876
43.19375,42.08125,324.81430031058244,11.680659274189733,336.4949595847722
43.19375,42.09375,308.69543818916355,14.3059536603375,323.00139184950103
43.19375,42.10625,298.8240909616033,16.640022034686837,315.46411299629017
43.19375,42.11875,282.7581035697175,25.522741089226532,308.28084465894403
43.19375,42.13125,343.7757042509066,30.402337645646565,374.17804189655317
43.19375,42.14375,347.9761557652796,35.760200072569944,383.73635583784954
43.19375,42.15625,313.7718543348735,29.921308832335544,343.6931631672091
43.19375,42.16875,286.3201998091425,25.745335235565154,312.06553504470764
43.19375,42.18125,263.79366437300735,27.045993578605724,290.83965795161305
43.19375,42.19375,255.61814456901456,25.865872874527014,281.4840174435416
43.19375,42.20625,260.70025889342867,24.615648342864727,285.3159072362934
43.19375,42.21875,238.39903433445312,23.74034786548748,262.1393821999406
43.19375,42.23125,279.86329721867486,20.820724726560925,300.68402194523577
43.19375,42.24375,288.62279710079935,19.346648861079416,307.96944596187876
43.19375,42.25625,276.142213478626,19.29242170873113,295.4346351873571
43.19375,42.26875,269.40647739273106,14.923557169969648,284.3300345627007
43.19375,42.28125,263.01496361555286,14.438302474809895,277.4532660903628
43.19375,42.29375,266.8878985593736,16.350883865292598,283.23878242466617
43.19375,42.30625,285.63680675010755,19.526261069708685,305.16306781981626
43.19375,42.31875,275.1217360570768,24.305361981790735,299.42709803886754
43.19375,42.33125,226.77337466169783,24.10322974369774,250.87660440539557
43.19375,42.34375,275.0784290905554,22.517775210639083,297.59620430119446
43.19375,42.35625,317.1110269168165,23.87906096712691,340.99008788394343
43.19375,42.36875,307.3559284583395,21.764841724953538,329.1207701832931
43.19375,42.38125,319.91341929836705,20.560639885017956,340.474059183385
43.19375,42.39375,330.49915741674516,25.998119236791517,356.4972766535367
43.19375,42.40625,337.73468223583455,15.855636601215714,353.5903188370503
43.19375,42.41875,313.8876124761405,18.704736537318308,332.5923490134588
43.19375,42.43125,288.2040638947234,13.352910003335335,301.55697389805874
43.19375,42.44375,290.2845224905924,27.492069939610865,317.77659243020327
43.19375,42.45625,333.7979962112433,26.88916074328357,360.68715695452687
43.19375,42.46875,356.1774465908085,32.88216311584421,389.0596097066527
43.19375,42.48125,401.4213448131096,32.29111296120335,433.71245777431295
43.19375,42.49375,420.5038511661826,34.644645409554116,455.1484965757367
43.19375,42.50625,438.6154238881759,31.526616155976726,470.1420400441526
43.19375,42.51875,476.35157477697015,34.785327233616336,511.1369020105865
43.19375,42.53125,417.6009751319944,23.29177751624528,440.8927526482397
43.19375,42.54375,348.50086401005046,22.438626716093154,370.9394907261436
43.19375,42.55625,321.5274495074108,30.856728292117122,352.3841777995279
43.19375,42.56875,305.8646144178894,33.108293614799834,338.97290803268925
43.19375,42.58125,293.28431246170754,26.728952489778823,320.01326495148635
43.19375,42.59375,298.91134275019016,23.073388846548482,321.98473159673864
43.19375,42.60625,337.7733686509896,26.474849452597727,364.2482181035873
43.19375,42.61875,362.95054149882765,33.622841684809686,396.57338318363736
43.19375,42.63125,359.0593774019119,32.24233373749352,391.3017111394054
43.19375,42.64375,274.55582639872404,25.444198876951727,300.00002527567574
43.19375,42.65625,289.63452008778506,22.74018981181608,312.37470989960116
43.19375,42.66875,324.46101962380675,26.707554070578585,351.1685736943853
43.19375,42.68125,350.7191196572868,26.372477642276465,377.09159729956326
43.19375,42.69375,355.89710834529046,24.32005574377918,380.2171640890696
43.19375,42.70625,393.83871986092737,20.800084698257653,414.638804559185
43.19375,42.71875,339.05464285782284,21.702441540042418,360.75708439786524
43.19375,42.73125,322.20669658999,23.55373855709948,345.7604351470894
43.19375,42.74375,352.3397632638849,27.339151893232494,379.6789151571174
43.19375,42.75625,354.2689781782788,27.606139356988415,381.87511753526724
43.19375,42.76875,376.4831262350113,33.69611158322022,410.1792378182315
43.19375,42.78125,379.6662252239337,25.988063119293344,405.654288343227
43.19375,42.79375,351.8263883361318,15.679366417765653,367.50575475389746
43.19375,42.80625,333.6113874877078,20.499443621992945,354.11083110970077
43.19375,42.81875,309.5568906853293,22.85972007858103,332.4166107639103
43.19375,42.83125,323.2263483691081,29.77085705119865,352.9972054203068
43.19375,42.84375,346.4588564194752,32.17884305481908,378.63769947429427
43.19375,42.85625,369.22585693136944,25.67939435789149,394.90525128926095
43.19375,42.86875,414.16176062826935,29.72616129049371,443.8879219187631
43.19375,42.88125,398.7086795062596,28.265752421978217,426.97443192823783
43.19375,42.89375,345.2605475970472,26.640846704991937,371.90139430203914
43.19375,42.90625,362.60074776891435,23.45265999444945,386.0534077633638
43.19375,42.91875,319.16333431281123,26.233699579278422,345.39703389208967
43.19375,42.93125,272.98799804894594,27.45507302060864,300.4430710695546
43.19375,42.94375,276.1765756405879,23.99491853443009,300.171494175018
43.19375,42.95625,295.1266358142912,18.92478385589593,314.05141967018716
43.19375,42.96875,297.2535265549684,17.622914866811062,314.8764414217795
43.19375,42.98125,274.35855008582087,22.848859267577787,297.20740935339865
43.19375,42.99375,312.2690785486092,30.444299611717355,342.71337816032656
43.18125,42.00625,319.05775651080995,30.856093555312622,349.91385006612256
43.18125,42.01875,311.81789022814775,25.596807593272622,337.41469782142036
43.18125,42.03125,344.3429314054088,29.533421556469317,373.8763529618781
43.18125,42.04375,352.9645663231113,30.86065381923039,383.82522014234166
43.18125,42.05625,333.6016629120871,27.50635507235194,361.108017984439
43.18125,42.06875,307.1308043101096,20.751600490592363,327.882404800702
43.18125,42.08125,299.15373517037057,21.435982824821963,320.58971799519253
43.18125,42.09375,256.64809473278154,28.94879444583229,285.5968891786138
43.18125,42.10625,291.27026455157926,29.844351138975867,321.1146156905551
43.18125,42.11875,299.54421514838924,31.425229854576436,330.9694450029657
43.18125,42.13125,309.13350707074045,26.600465296238546,335.733972366979
43.18125,42.14375,350.40020697150607,36.91702037064397,387.31722734215003
43.18125,42.15625,336.345045634708,32.4854679702877,368.8305136049957
43.18125,42.16875,300.522830148754,25.889110991930636,326.41194114068463
43.18125,42.18125,326.22111385640466,26.76681308119446,352.9879269375991
43.18125,42.19375,278.5481035502969,22.194935232398905,300.7430387826958
43.18125,42.20625,288.59607513220595,27.578605977589973,316.1746811097959
43.18125,42.21875,263.22379121085834,25.796344530510417,289.02013574136873
43.18125,42.23125,235.83966832339988,27.43910931955272,263.2787776429526
43.18125,42.24375,230.00353406223184,24.65665501423799,254.66018907646983
43.18125,42.25625,232.97284778016171,23.66205521070108,256.63490299086277
43.18125,42.26875,225.10170415889124,20.910125195273558,246.0118293541648
43.18125,42.28125,194.69727801239708,23.59446797128947,218.29174598368655
43.18125,42.29375,205.43196461155395,21.087805536101854,226.5197701476558
43.18125,42.30625,225.312826419448,25.06545910175776,250.37828552120575
43.18125,42.31875,231.50857038845797,22.047639958010727,253.5562103464687
43.18125,42.33125,247.68314482308014,25.463459212001087,273.1466040350812
43.18125,42.34375,299.8960800122415,20.83910859409619,320.7351886063377
43.18125,42.35625,346.0344388789467,29.305355602741646,375.33979448168833
43.18125,42.36875,372.6444017082149,38.161358779561084,410.80576048777596
43.18125,42.38125,334.3177881571644,25.493146591617272,359.8109347487817
43.18125,42.39375,293.37209132723234,18.252774079418007,311.6248654066504
43.18125,42.40625,247.47417531107862,14.778453191032966,262.2526285021116
43.18125,42.41875,246.24284483337044,18.55691061465547,264.7997554480259
43.18125,42.43125,278.69499126447477,22.56091459978223,301.255905864257
43.18125,42.44375,267.8591503017535,23.867588700093386,291.7267390018469
43.18125,42.45625,317.32932207338575,24.8338357941585,342.16315786754427
43.18125,42.46875,362.917287505385,32.8589541483135,395.7762416536985
43.18125,42.48125,387.08011482951247,41.67214154110809,428.75225637062056
43.18125,42.49375,387.7733201991197,39.38084830574302,427.15416850486275
43.18125,42.50625,406.1007246335059,31.606176590992018,437.70690122449787
43.18125,42.51875,399.775515435756,29.05594171778369,428.8314571535397
43.18125,42.53125,419.449922820078,28.54547054993178,447.99539337000977
43.18125,42.54375,393.71933225966717,26.100446544686452,419.81977880435363
43.18125,42.55625,355.55951243216106,30.309792621653155,385.86930505381423
43.18125,42.56875,334.6301484367332,30.94686321659868,365.57701165333185
43.18125,42.58125,333.0303962974212,22.92303553340892,355.95343183083014
43.18125,42.59375,370.44228717099725,26.177175590903666,396.61946276190093
43.18125,42.60625,386.26427851401985,27.15187536558619,413.41615387960604
43.18125,42.61875,331.1590278747281,27.92088014510793,359.079908019836
43.18125,42.63125,303.14710613684605,23.889304545561043,327.0364106824071
43.18125,42.64375,295.3620648266195,23.244455725565782,318.60652055218526
43.18125,42.65625,340.8343299826357,17.818855068183737,358.65318505081945
43.18125,42.66875,378.9131566204658,17.975425297148192,396.88858191761403
43.18125,42.68125,394.3072196327345,26.36692948261978,420.6741491153542
43.18125,42.69375,388.0008456729104,26.45365706927677,414.4545027421871
43.18125,42.70625,438.1804792198796,30.17509287377257,468.3555720936522
43.18125,42.71875,415.2460546540043,22.466038913150975,437.71209356715525
43.18125,42.73125,418.5747079412034,31.888829657735624,450.46353759893907
43.18125,42.74375,409.17844615378635,31.052566393461014,440.23101254724736
43.18125,42.75625,390.5804005714412,35.216377465983584,425.7967780374248
43.18125,42.76875,377.1906861532782,32.327381199999465,409.5180673532777
43.18125,42.78125,401.442114146912,31.66307747501698,433.10519162192895
43.18125,42.79375,426.39775703330065,36.57111136038188,462.96886839368256
43.18125,42.80625,358.0297642347528,19.391070364681244,377.42083459943404
43.18125,42.81875,365.52808489979725,21.158569721408877,386.6866546212061
43.18125,42.83125,373.73435642456394,21.938076359142705,395.67243278370665
43.18125,42.84375,386.62766552684485,28.2545277487935,414.8821932756384
43.18125,42.85625,412.06456930327505,34.33845951731668,446.4030288205917
43.18125,42.86875,405.1736453316011,36.84897171612805,442.02261704772917
43.18125,42.88125,357.88200941991136,31.921838915022338,389.8038483349337
43.18125,42.89375,345.3708529705926,29.688981275655895,375.0598342462485
43.18125,42.90625,302.6093210327768,24.316439701559222,326.925760734336
43.18125,42.91875,298.03669188287404,22.422972086986995,320.459663969861
43.18125,42.93125,311.51681715297843,24.033913340972678,335.5507304939511
43.18125,42.94375,339.4508369714191,22.806712228101162,362.25754919952027
43.18125,42.95625,366.1444322943878,26.2412042863056,392.3856365806934
43.18125,42.96875,365.0141658383036,27.997183496081067,393.01134933438465
43.18125,42.98125,317.31603847062837,26.04428219498012,343.36032066560847
43.18125,42.99375,342.76587617513536,30.176217351615666,372.942093526751
43.16875,42.00625,290.19921082440436,30.429997584656356,320.6292084090607
43.16875,42.01875,340.2164664486071,31.24640529480287,371.46287174340995
43.16875,42.03125,334.3868441533641,32.8941196275695,367.28096378093363
43.16875,42.04375,299.0301935271077,27.091930234437527,326.12212376154525
43.16875,42.05625,299.07083087505646,21.996813917929284,321.06764479298573
43.16875,42.06875,265.1189951892599,22.903120442530078,288.02211563179
43.16875,42.08125,268.6434595740356,26.055796625067984,294.6992561991036
43.16875,42.09375,273.49767660634006,30.625905728186105,304.1235823345262
43.16875,42.10625,319.49393871153046,29.910389232868315,349.4043279443988
43.16875,42.11875,327.1686225991621,36.52063029263605,363.68925289179816
43.16875,42.13125,316.251982144459,35.42381559831908,351.6757977427781
43.16875,42.14375,331.514658641518,33.72982369952374,365.24448234104176
43.16875,42.15625,338.4966259092224,26.96800041240453,365.46462632162695
43.16875,42.16875,343.1355637265122,27.7883474892163,370.9239112157285
43.16875,42.18125,331.20081900878625,30.59417929090852,361.7949982996948
43.16875,42.19375,288.53112736729486,27.023804767223226,315.5549321345181
43.16875,42.20625,323.95192306100483,32.03871243763602,355.99063549864087
43.16875,42.21875,302.41436103998143,23.953378741280574,326.367739781262
43.16875,42.23125,295.98226767867845,28.534924760877672,324.51719243955614
43.16875,42.24375,292.0804103507143,26.674902113844972,318.75531246455927
43.16875,42.25625,287.9833715116025,20.278250288720272,308.2616218003228
43.16875,42.26875,224.9328886927434,19.856751778121524,244.78964047086492
43.16875,42.28125,209.4180688112717,17.995396883742323,227.41346569501403
43.16875,42.29375,270.12518105062054,22.36258220888322,292.48776325950377
43.16875,42.30625,288.36387526901785,18.121422402675954,306.4852976716938
43.16875,42.31875,278.43640042999084,16.213849229006954,294.6502496589978
43.16875,42.33125,288.880320524847,17.323827878308578,306.20414840315556
43.16875,42.34375,296.7039688550039,24.888935872816727,321.5929047278206
43.16875,42.35625,334.254215855471,31.637637842737732,365.8918536982087
43.16875,42.36875,335.70571884588264,31.970051943694322,367.675770789577
43.16875,42.38125,307.0777632511569,21.9843330736643,329.0620963248212
43.16875,42.39375,271.4830340525425,16.63915045070586,288.1221845032484
43.16875,42.40625,214.037274696545,22.26507771563808,236.3023524121831
43.16875,42.41875,282.1778844955812,22.75759895362528,304.9354834492065
43.16875,42.43125,324.17722527129087,24.79142845665462,348.9686537279455
43.16875,42.44375,323.41472028630176,17.454066700230953,340.8687869865327
43.16875,42.45625,326.52537346831207,20.364853219929184,346.8902266882412
43.16875,42.46875,379.9976736167555,29.750700579479467,409.748374196235
43.16875,42.48125,387.90109668532017,38.903515693561204,426.80461237888136
43.16875,42.49375,368.6840702443595,39.72444069852385,408.4085109428833
43.16875,42.50625,408.5012995703107,38.29074465420969,446.7920442245204
43.16875,42.51875,372.68406510794824,39.21650482880037,411.90056993674864
43.16875,42.53125,361.09961629732857,38.97598043854811,400.0755967358767
43.16875,42.54375,352.4198017799388,26.291036858342267,378.7108386382811
43.16875,42.55625,342.7445156955936,23.253052533494664,365.99756822908824
43.16875,42.56875,336.8852140931679,24.56124933001886,361.4464634231868
43.16875,42.58125,384.40060055553107,27.549317876337618,411.9499184318687
43.16875,42.59375,396.58196413410667,30.87018243289523,427.4521465670019
43.16875,42.60625,392.25707670658954,31.146111854341875,423.4031885609314
43.16875,42.61875,391.3632548301832,27.105376019464792,418.46863084964804
43.16875,42.63125,322.06716252896547,20.4400714224561,342.50723395142154
43.16875,42.64375,315.84163931150584,20.251308756719464,336.0929480682253
43.16875,42.65625,349.70683510569313,21.474331436056826,371.18116654175
43.16875,42.66875,403.1722898986081,32.5758240480647,435.7481139466728
43.16875,42.68125,422.14581059011715,32.63854990193734,454.7843604920545
43.16875,42.69375,393.84799363505545,22.1708151071301,416.01880874218557
43.16875,42.70625,374.19952171940514,21.192425353200708,395.39194707260583
43.16875,42.71875,397.04897828411737,24.133480495801532,421.1824587799189
43.16875,42.73125,367.983155646428,21.744002207539275,389.72715785396724
43.16875,42.74375,384.6859389526209,20.920266000876218,405.6062049534971
43.16875,42.75625,386.13418699229175,22.918896689784873,409.0530836820766
43.16875,42.76875,330.7030625595393,20.45632742938454,351.15938998892386
43.16875,42.78125,372.95725853812183,22.6425762093143,395.59983474743615
43.16875,42.79375,385.0085248313706,20.957167453959002,405.9656922853296
43.16875,42.80625,421.8787959956764,23.556228590108425,445.43502458578484
43.16875,42.81875,435.82097296983176,23.70767943128407,459.52865240111583
43.16875,42.83125,394.64768576945823,21.414718113817095,416.06240388327535
43.16875,42.84375,393.2170555086566,33.633218985577955,426.85027449423455
43.16875,42.85625,391.6129115056588,33.162328817110705,424.7752403227695
43.16875,42.86875,393.1801997332812,36.83065854984774,430.0108582831289
43.16875,42.88125,388.3190466355326,36.38833245928109,424.70737909481363
43.16875,42.89375,352.6047826198141,22.53658037632371,375.1413629961378
43.16875,42.90625,351.85855395520036,30.30395833691594,382.1625122921163
43.16875,42.91875,390.575582503978,26.914644067654578,417.4902265716326
43.16875,42.93125,352.2483625520069,20.066315739891525,372.3146782918984
43.16875,42.94375,381.37267044628396,22.707513005066215,404.0801834513502
43.16875,42.95625,399.99053111531936,31.718685525700085,431.70921664101945
43.16875,42.96875,379.89013843251087,24.394781727815143,404.284920160326
43.16875,42.98125,369.75753086009445,31.035687891885377,400.79321875197985
43.16875,42.99375,335.70594789847394,25.70476981847052,361.4107177169445
43.15625,42.00625,302.2766071661023,31.993141462805433,334.26974862890773
43.15625,42.01875,323.30847611711863,30.68882001357491,353.99729613069354
43.15625,42.03125,344.3739791029288,29.409182248718313,373.7831613516471
43.15625,42.04375,321.0400276555823,22.498111388110917,343.53813904369326
43.15625,42.05625,257.92740463708554,23.784315637670552,281.7117202747561
43.15625,42.06875,239.14323098398938,25.25023943609871,264.3934704200881
43.15625,42.08125,300.5837394206797,26.409657955844857,326.99339737652457
43.15625,42.09375,317.700798885036,31.753069914143005,349.453868799179
43.15625,42.10625,315.2933766955845,26.438587107923137,341.73196380350765
43.15625,42.11875,355.96524267671964,37.2015369951545,393.1667796718741
43.15625,42.13125,317.75965232783284,21.83112242850209,339.59077475633495
43.15625,42.14375,309.91016769033456,25.480189619275443,335.39035730961
43.15625,42.15625,285.43251498621953,20.739613876373486,306.172128862593
43.15625,42.16875,280.00200941699717,18.498591027270212,298.5006004442674
43.15625,42.18125,322.259946619915,20.021029123196513,342.2809757431115
43.15625,42.19375,329.58659813128435,24.18595616905875,353.7725543003431
43.15625,42.20625,300.03446071676944,21.119361448963712,321.1538221657332
43.15625,42.21875,305.53244245620436,20.56785126480016,326.1002937210045
43.15625,42.23125,301.82528285963883,18.948489963747846,320.7737728233867
43.15625,42.24375,258.04395472367935,12.783173081045113,270.82712780472446
43.15625,42.25625,216.63985233367683,12.768939248831991,229.40879158250883
43.15625,42.26875,175.016284466915,13.850135876561081,188.86642034347608
43.15625,42.28125,233.91668785161494,19.906824883791593,253.82351273540652
43.15625,42.29375,285.7070621100201,16.73721770973495,302.444279819755
43.15625,42.30625,319.78101401164804,30.033149821920375,349.8141638335684
43.15625,42.31875,347.900491937165,27.786985583943515,375.6874775211085
43.15625,42.33125,336.85146266147524,26.465600618278707,363.31706327975394
43.15625,42.34375,304.8700892459065,27.763122291251754,332.6332115371583
43.15625,42.35625,340.1412136988317,34.64785360419963,374.7890673030313
43.15625,42.36875,325.19829450866416,29.11859921214852,354.3168937208127
43.15625,42.38125,294.6188948372073,22.31673940171055,316.9356342389178
43.15625,42.39375,255.0687537556235,20.82889820561633,275.89765196123983
43.15625,42.40625,217.88517867478365,17.967254550804782,235.8524332255884
43.15625,42.41875,277.4652076755209,20.865629501507296,298.3308371770282
43.15625,42.43125,288.77263804029184,22.660559648694022,311.43319768898584
43.15625,42.44375,327.2014675994774,23.263041102817066,350.46450870229444
43.15625,42.45625,388.81430320284045,33.92564196776176,422.7399451706022
43.15625,42.46875,357.7058117700068,32.252628000840325,389.9584397708471
43.15625,42.48125,369.90282898140237,29.55654077817034,399.4593697595727
43.15625,42.49375,348.0314534124101,27.728195593610963,375.75964900602105
43.15625,42.50625,379.0250535463509,28.249996227705132,407.275049774056
43.15625,42.51875,379.7349714692335,25.995379239441466,405.730350708675
43.15625,42.53125,407.7089642939418,32.45994059841331,440.1689048923551
43.15625,42.54375,361.3635386570865,20.495360723203888,381.8588993802904
43.15625,42.55625,310.68263713557474,29.072239725057372,339.7548768606321
43.15625,42.56875,297.61991748863664,21.7019587017182,319.3218761903548
43.15625,42.58125,334.99534086169825,26.507594786991476,361.50293564868974
43.15625,42.59375,382.2969961519381,31.001215128661727,413.29821128059984
43.15625,42.60625,414.1530933385542,36.53416675302389,450.6872600915781
43.15625,42.61875,393.63904876511174,28.47741812550741,422.11646689061917
43.15625,42.63125,429.90070940967644,31.844705609533122,461.74541501920953
43.15625,42.64375,382.2911331914067,20.84087963772466,403.1320128291313
43.15625,42.65625,347.58430684041883,24.057581971512768,371.6418888119316
43.15625,42.66875,383.64627656999585,28.127248464080274,411.7735250340761
43.15625,42.68125,403.0409364303393,33.738499275364525,436.7794357057038
43.15625,42.69375,359.218385574772,28.995330579845714,388.2137161546177
43.15625,42.70625,364.0533969301863,33.356834088895766,397.41023101908206
43.15625,42.71875,323.69812227341265,31.720839218191205,355.41896149160385
43.15625,42.73125,318.84285646090103,24.641103844926064,343.4839603058271
43.15625,42.74375,289.6151545250482,23.472797993434245,313.08795251848244
43.15625,42.75625,269.81775296273804,16.14900668399111,285.96675964672914
43.15625,42.76875,264.5932533585489,16.38386108565679,280.9771144442057
43.15625,42.78125,278.5789002127825,23.24591438126175,301.82481459404426
43.15625,42.79375,292.7245894211825,16.478391440564735,309.2029808617472
43.15625,42.80625,308.8169012891728,12.068385154964908,320.8852864441377
43.15625,42.81875,320.55159739783846,16.210916305434118,336.7625137032726
43.15625,42.83125,335.7044739099475,23.072832923974744,358.77730683392224
43.15625,42.84375,355.8636107243535,32.82715668944054,388.69076741379405
43.15625,42.85625,365.0675557380925,37.74727731595337,402.81483305404583
43.15625,42.86875,390.23943199705514,34.90923920639092,425.14867120344604
43.15625,42.88125,428.0396912737223,33.76456112435151,461.80425239807386
43.15625,42.89375,388.9971596545124,29.576277731519642,418.5734373860321
43.15625,42.90625,386.0672042471361,37.29626259512577,423.36346684226186
43.15625,42.91875,389.3047404930738,29.807640802017257,419.11238129509104
43.15625,42.93125,435.735771952631,34.46515049391518,470.2009224465462
43.15625,42.94375,415.9967197629042,31.377542410266397,447.3742621731706
43.15625,42.95625,399.63907328872466,24.365599227038526,424.00467251576316
43.15625,42.96875,388.3662544129929,23.957422520919863,412.32367693391274
43.15625,42.98125,345.91324215458,23.637995663196175,369.5512378177762
43.15625,42.99375,303.78990802951006,19.19067060009656,322.9805786296066
43.14375,42.00625,320.7783890635603,30.564577865644132,351.34296692920447
43.14375,42.01875,325.39221046075096,25.72384888084203,351.116059341593
43.14375,42.03125,314.4693254908191,21.44607893864972,335.9154044294688
43.14375,42.04375,274.6171557327527,18.420309026630367,293.03746475938306
43.14375,42.05625,226.2613191404477,21.36129939710363,247.62261853755135
43.14375,42.06875,258.7837361566586,22.98223675641212,281.76597291307075
43.14375,42.08125,268.72831962679084,21.817191715666056,290.5455113424569
43.14375,42.09375,316.1676390925266,23.893824530280646,340.06146362280725
43.14375,42.10625,344.7959477275356,30.305258896718396,375.10120662425396
43.14375,42.11875,347.68593731688145,31.954076828902245,379.6400141457837
43.14375,42.13125,310.07427048947005,22.087544666169105,332.16181515563915
43.14375,42.14375,254.45243723209413,20.968982190958062,275.4214194230522
43.14375,42.15625,242.36120971826645,20.204088054627537,262.565297772894
43.14375,42.16875,211.5523863711364,15.3781740405879,226.93056041172431
43.14375,42.18125,246.50850728408597,6.290989872132407,252.79949715621837
43.14375,42.19375,250.51541251482163,8.477518974448273,258.9929314892699
43.14375,42.20625,223.7238196225878,8.282440245809333,232.00625986839714
43.14375,42.21875,221.19823827652573,13.756773132971375,234.9550114094971
43.14375,42.23125,209.50295037287557,12.605090016683938,222.1080403895595
43.14375,42.24375,181.18408883764963,8.500172763724631,189.68426160137426
43.14375,42.25625,164.3421178539349,19.70985793500264,184.05197578893754
43.14375,42.26875,194.4169281435576,22.167866706742057,216.58479485029966
43.14375,42.28125,243.7554970301544,18.033944692800603,261.789441722955
43.14375,42.29375,299.86670750423485,21.618334545756785,321.48504204999165
43.14375,42.30625,352.86223317548473,29.852678201904535,382.7149113773893
43.14375,42.31875,366.2230017559683,24.395380860315598,390.6183826162839
43.14375,42.33125,353.40959606945586,22.834497610128636,376.24409367958447
43.14375,42.34375,358.8673913163098,26.041023857073256,384.90841517338305
43.14375,42.35625,352.05022881337146,33.22833737985687,385.27856619322836
43.14375,42.36875,293.06559459522157,24.763122635003803,317.8287172302254
43.14375,42.38125,263.14956629687003,21.16101264436733,284.31057894123734
43.14375,42.39375,228.42564507782996,22.241182343539116,250.66682742136908
43.14375,42.40625,209.04523485705133,16.304654017079198,225.34988887413053
43.14375,42.41875,257.5268336603454,22.693820619945694,280.2206542802911
43.14375,42.43125,299.74722838881604,27.14973192081889,326.89696030963495
43.14375,42.44375,338.5016101891803,23.947576983577267,362.4491871727576
43.14375,42.45625,381.3476811754323,27.503330483950464,408.8510116593827
43.14375,42.46875,367.938038681903,30.6524530314416,398.5904917133446
43.14375,42.48125,335.1678887767015,30.59976516804419,365.7676539447457
43.14375,42.49375,306.6879708850798,27.823226602323693,334.5111974874035
43.14375,42.50625,306.6491631271301,22.320380449826196,328.9695435769563
43.14375,42.51875,302.42946716656957,17.303537356220808,319.7330045227904
43.14375,42.53125,323.4905987672027,21.362920277335135,344.85351904453785
43.14375,42.54375,309.46350822694706,17.289599924275564,326.7531081512226
43.14375,42.55625,267.9498856882531,23.80429407485521,291.7541797631083
43.14375,42.56875,316.47030283445656,25.061606305750427,341.531909140207
43.14375,42.58125,358.1962910129326,23.142985507306683,381.33927652023925
43.14375,42.59375,362.7697021595627,22.86515373706548,385.6348558966282
43.14375,42.60625,377.8186863062075,22.762537825982285,400.5812241321898
43.14375,42.61875,343.5044933918597,18.11376068590812,361.6182540777678
43.14375,42.63125,373.16859380966224,24.861410356806076,398.0300041664683
43.14375,42.64375,426.90456909741073,28.897159292479348,455.80172838989006
43.14375,42.65625,423.71455862202555,27.435092815112167,451.1496514371377
43.14375,42.66875,440.594416179318,27.936603109855856,468.53101928917386
43.14375,42.68125,399.487004940498,21.442095854500348,420.92910079499836
43.14375,42.69375,373.087466864609,9.704850210788134,382.79231707539714
43.14375,42.70625,314.8028449253853,24.081554046236285,338.8843989716216
43.14375,42.71875,368.4071667835489,24.569175789086856,392.97634257263576
43.14375,42.73125,369.8947670386364,28.594087109645123,398.4888541482815
43.14375,42.74375,318.9282956556308,24.873898711751625,343.8021943673824
43.14375,42.75625,305.1548817813222,19.259536906341413,324.4144186876636
43.14375,42.76875,258.6791370865597,19.453952912154065,278.1330899987138
43.14375,42.78125,325.7865231185097,24.733795527377,350.52031864588673
43.14375,42.79375,355.6490834334814,24.386229012348846,380.03531244583024
43.14375,42.80625,349.378156426577,21.16666988409454,370.5448263106715
43.14375,42.81875,350.1511722662581,21.51005824925858,371.66123051551665
43.14375,42.83125,370.0197186883696,25.071252097528493,395.0909707858981
43.14375,42.84375,415.17824498327286,33.28309865831855,448.4613436415914
43.14375,42.85625,387.38574169819833,29.151892021679245,416.5376337198776
43.14375,42.86875,369.4963011452702,25.403763039565813,394.900064184836
43.14375,42.88125,384.4225235440473,25.69028749551862,410.11281103956594
43.14375,42.89375,364.59244259579185,24.39236126139438,388.98480385718625
43.14375,42.90625,354.3013771997791,32.51064123744244,386.8120184372215
43.14375,42.91875,378.28463612168775,26.89263212553448,405.17726824722223
43.14375,42.93125,424.76377205951513,31.935030121909982,456.6988021814251
43.14375,42.94375,416.93067999065414,31.12885331619623,448.05953330685037
43.14375,42.95625,349.15509694533324,25.843560725143128,374.99865767047635
43.14375,42.96875,317.4349225845702,22.272534144306533,339.7074567288767
43.14375,42.98125,292.4667278815279,17.44926518013626,309.91599306166415
43.14375,42.99375,312.47889027108937,7.9787784618335,320.45766873292285
43.13125,42.00625,320.61351891643756,25.480704835732617,346.0942237521702
43.13125,42.01875,264.7851550302883,16.907471274838027,281.69262630512634
43.13125,42.03125,231.39446446753868,15.853374357420321,247.247838824959
43.13125,42.04375,205.13216372067257,17.36100792180655,222.49317164247913
43.13125,42.05625,240.45275723950613,22.86708837615798,263.3198456156641
43.13125,42.06875,302.0087908247367,22.047598465054016,324.05638928979073
43.13125,42.08125,330.40315909064464,24.50785912753666,354.9110182181813
43.13125,42.09375,324.1095466570081,26.369185681425787,350.4787323384339
43.13125,42.10625,356.7705508948922,33.04635628816066,389.8169071830529
43.13125,42.11875,363.5875901385925,24.870620078578064,388.4582102171705
43.13125,42.13125,307.2821412867336,20.55219598346262,327.8343372701962
43.13125,42.14375,293.1727184104081,27.320986501840366,320.49370491224846
43.13125,42.15625,284.54319811723803,24.11864965424458,308.6618477714826
43.13125,42.16875,264.64566254286257,17.750604270638387,282.396266813501
43.13125,42.18125,216.56990768386743,17.64665530516022,234.21656298902764
43.13125,42.19375,165.5649016619521,14.724884109963137,180.28978577191523
43.13125,42.20625,159.0424366702264,18.710550334398803,177.7529870046252
43.13125,42.21875,155.25125143843854,21.3569504281656,176.60820186660413
43.13125,42.23125,172.82261370895955,10.982564597983764,183.8051783069433
43.13125,42.24375,205.8719662542097,16.1882448230977,222.0602110773074
43.13125,42.25625,227.15480512447036,15.433708605998085,242.58851373046843
43.13125,42.26875,256.8195527887422,15.65506587130847,272.4746186600507
43.13125,42.28125,238.38857836384793,14.975669140711705,253.36424750455964
43.13125,42.29375,277.60983339542435,20.828223540896115,298.43805693632044
43.13125,42.30625,313.6569235124222,26.993826273919048,340.6507497863413
43.13125,42.31875,358.6045581393898,23.112126726724973,381.71668486611475
43.13125,42.33125,416.97352251965947,27.37632107684323,444.3498435965027
43.13125,42.34375,360.0165077190979,24.080750213227287,384.0972579323252
43.13125,42.35625,334.441361056007,32.06750543365091,366.5088664896579
43.13125,42.36875,312.59970484272174,20.049198139879458,332.6489029826012
43.13125,42.38125,280.27149889648865,21.314545779651603,301.58604467614026
43.13125,42.39375,219.66327069734712,20.93161721108592,240.59488790843304
43.13125,42.40625,203.0026002789156,20.200046243884742,223.20264652280034
43.13125,42.41875,267.8112381493449,20.429449012376068,288.240687161721
43.13125,42.43125,307.46632975681746,28.15786937463984,335.6241991314573
43.13125,42.44375,344.8937089814806,24.680750708833333,369.5744596903139
43.13125,42.45625,409.9461045325743,33.984259586730886,443.9303641193052
43.13125,42.46875,367.7812100327016,30.950789577100924,398.73199960980253
43.13125,42.48125,330.6312347721523,32.43987976547339,363.0711145376257
43.13125,42.49375,299.24147129127,27.00468478425052,326.2461560755205
43.13125,42.50625,321.2691583299217,28.40686606005977,349.6760243899815
43.13125,42.51875,318.05754187328347,25.900769331116027,343.9583112043995
43.13125,42.53125,270.0546973373189,27.32228225452503,297.3769795918439
43.13125,42.54375,280.4952037397478,23.647057342058204,304.142261081806
43.13125,42.55625,261.1980983133446,19.9345615622702,281.13265987561476
43.13125,42.56875,257.59909157738724,16.038760939343184,273.63785251673045
43.13125,42.58125,287.76837916591563,15.36999493747562,303.13837410339124
43.13125,42.59375,267.8117103749586,12.705234897815394,280.51694527277397
43.13125,42.60625,282.21876697654056,11.151049626406056,293.3698166029466
43.13125,42.61875,306.4691652190016,16.791751688725395,323.260916907727
43.13125,42.63125,321.73083070960905,23.60413308840649,345.33496379801556
43.13125,42.64375,339.1524358068941,17.874432838373934,357.02686864526805
43.13125,42.65625,405.92441099668287,16.090345676887257,422.0147566735701
43.13125,42.66875,448.9544314987957,17.429415295091946,466.38384679388764
43.13125,42.68125,422.91957278782786,21.05791559466514,443.977488382493
43.13125,42.69375,338.67140833008705,8.635201686527662,347.3066100166147
43.13125,42.70625,274.72524061848503,15.683139186203093,290.40837980468814
43.13125,42.71875,292.26566854094204,10.541834304798815,302.8075028457409
43.13125,42.73125,320.62704731423395,12.790590898240332,333.4176382124743
43.13125,42.74375,332.2474771643076,16.40977298381938,348.657250148127
43.13125,42.75625,263.0071512181277,13.139005659552517,276.14615687768026
43.13125,42.76875,242.5029391828131,17.047551572299493,259.5504907551126
43.13125,42.78125,309.16675721392966,21.11476440042913,330.2815216143588
43.13125,42.79375,364.4082168189929,19.516195832146874,383.9244126511398
43.13125,42.80625,413.14262295474447,31.466910669703594,444.6095336244481
43.13125,42.81875,428.89643137479555,33.933612502851304,462.83004387764686
43.13125,42.83125,404.27824781312603,27.693716891583886,431.97196470470993
43.13125,42.84375,384.0904675932,27.72114608099643,411.81161367419645
43.13125,42.85625,339.3768612637326,17.809919708776608,357.1867809725092
43.13125,42.86875,354.65677747445613,26.179267336403665,380.8360448108598
43.13125,42.88125,339.0576353678133,24.091302229331202,363.1489375971445
43.13125,42.89375,320.96592762218535,24.49819592132271,345.46412354350804
43.13125,42.90625,330.2327233914874,29.012424325724204,359.24514771721164
43.13125,42.91875,366.2692452901252,26.610513145027262,392.87975843515244
43.13125,42.93125,385.0961304833933,34.03552032413646,419.1316508075298
43.13125,42.94375,365.32307780419393,32.15277350841022,397.47585131260416
43.13125,42.95625,376.95692351735926,27.53154007052239,404.48846358788165
43.13125,42.96875,355.4706370158471,15.80446152743567,371.27509854328275
43.13125,42.98125,360.76444349681566,10.764529537054564,371.5289730338702
43.13125,42.99375,410.75303871246825,10.884747667139273,421.6377863796075
43.11875,42.00625,282.3292068344626,12.9077225189696,295.2369293534322
43.11875,42.01875,235.34545020094043,14.86452924808686,250.2099794490273
43.11875,42.03125,186.9305013177481,24.963847360978853,211.89434867872697
43.11875,42.04375,220.3557722242503,20.058406602989862,240.41417882724016
43.11875,42.05625,277.32929480301823,14.293767420710374,291.6230622237286
43.11875,42.06875,315.4525565550523,13.902169190311575,329.35472574536385
43.11875,42.08125,355.1644852986436,25.466982295055796,380.6314675936994
43.11875,42.09375,359.7425268756316,25.906954397026148,385.64948127265774
43.11875,42.10625,328.7481158883923,21.801715795459177,350.5498316838515
43.11875,42.11875,304.1146004074388,19.261471140524527,323.3760715479633
43.11875,42.13125,268.1434345346629,12.114265148117468,280.25769968278036
43.11875,42.14375,259.80031550527906,17.876160028223975,277.67647553350304
43.11875,42.15625,235.75441664502472,11.783955064147058,247.53837170917177
43.11875,42.16875,214.52771155810035,9.090164319757939,223.6178758778583
43.11875,42.18125,161.40611394164543,10.937495904781763,172.3436098464272
43.11875,42.19375,150.75769565361972,17.246000608975272,168.00369626259499
43.11875,42.20625,190.1902266048555,15.619528266406649,205.80975487126216
43.11875,42.21875,220.88229799482772,15.139473608635033,236.02177160346275
43.11875,42.23125,227.3266391753734,11.835149631340641,239.16178880671404
43.11875,42.24375,286.0480109859414,18.517036472747538,304.5650474586889
43.11875,42.25625,284.0477174244012,16.435271785263726,300.48298920966494
43.11875,42.26875,291.5256708801595,20.980050134982612,312.5057210151421
43.11875,42.28125,260.4855372246158,23.124249258635153,283.60978648325096
43.11875,42.29375,317.258074680456,22.753233811705556,340.01130849216156
43.11875,42.30625,329.891772346228,27.83232676001885,357.72409910624685
43.11875,42.31875,368.1398563383395,27.12813143672535,395.26798777506485
43.11875,42.33125,350.7703494573288,15.491474872451246,366.26182432978004
43.11875,42.34375,304.8717537220629,8.148873073910686,313.0206267959736
43.11875,42.35625,312.08460982189746,22.40083217064282,334.4854419925403
43.11875,42.36875,269.58632817156786,18.909586707311608,288.4959148788795
43.11875,42.38125,217.655641877605,9.324838886949593,226.9804807645546
43.11875,42.39375,185.7092414362864,15.469367361526295,201.17860879781267
43.11875,42.40625,194.1469784452789,19.010610772288626,213.15758921756753
43.11875,42.41875,255.99619029634673,20.36428184189086,276.3604721382376
43.11875,42.43125,308.85453974226857,25.712657626590957,334.5671973688595
43.11875,42.44375,331.4407938985557,16.382771740381784,347.82356563893745
43.11875,42.45625,332.83543222162604,15.297628901957246,348.1330611235833
43.11875,42.46875,340.9101798962936,13.023071232313239,353.9332511286068
43.11875,42.48125,370.38716937974755,35.20383936059572,405.5910087403433
43.11875,42.49375,341.68332500004016,33.362401148839204,375.04572614887934
43.11875,42.50625,370.15961217376775,34.265684792461634,404.4252969662294
43.11875,42.51875,345.83732813329215,26.35014105792171,372.18746919121384
43.11875,42.53125,318.38044358319087,26.383714604088965,344.7641581872798
43.11875,42.54375,326.641033352405,24.069080358176826,350.7101137105818
43.11875,42.55625,355.70406494677104,26.388106871857268,382.0921718186283
43.11875,42.56875,299.3721075175814,21.45419696823899,320.8263044858204
43.11875,42.58125,263.4934515452556,16.209182312720657,279.70263385797625
43.11875,42.59375,212.48760321942294,23.842071344911396,236.32967456433434
43.11875,42.60625,259.6784247884794,12.93907640509586,272.61750119357527
43.11875,42.61875,331.1524971199732,9.640595502748436,340.79309262272164
43.11875,42.63125,407.2268455601093,25.84652054208857,433.0733661021979
43.11875,42.64375,373.1963243825138,13.167721666995423,386.3640460495092
43.11875,42.65625,421.8811677633137,15.979165619744865,437.8603333830586
43.11875,42.66875,397.0226956902208,15.483538876489597,412.5062345667104
43.11875,42.68125,343.2480354167095,17.8546383912489,361.1026738079584
43.11875,42.69375,307.36864347012374,16.060802410705733,323.42944588082946
43.11875,42.70625,312.71034175631416,26.050699310395196,338.76104106670937
43.11875,42.71875,241.12681606918056,18.942194551781707,260.0690106209623
43.11875,42.73125,234.13898041733333,7.918383870534505,242.05736428786784
43.11875,42.74375,240.34200324540166,9.566708168848262,249.90871141424992
43.11875,42.75625,208.92676659246473,11.332284480995718,220.25905107346045
43.11875,42.76875,269.08718450756436,14.796422598159719,283.8836071057241
43.11875,42.78125,266.0994479409348,16.43499687785506,282.53444481878984
43.11875,42.79375,318.44153573231637,16.189734633056798,334.63127036537315
43.11875,42.80625,384.3419512815949,26.112471347535184,410.4544226291301
43.11875,42.81875,405.47764525906837,35.020265890656916,440.49791114972527
43.11875,42.83125,365.2324603131995,26.524543574240457,391.75700388743996
43.11875,42.84375,334.1014715101756,23.88900967234116,357.99048118251676
43.11875,42.85625,314.63143806857477,23.231100342329068,337.8625384109038
43.11875,42.86875,281.485208133083,24.562180184257095,306.0473883173401
43.11875,42.88125,313.8071789990102,26.077518603870384,339.8846976028806
43.11875,42.89375,354.43761845094264,28.56111248384501,382.99873093478766
43.11875,42.90625,401.7310894108687,36.360776898539584,438.0918663094083
43.11875,42.91875,396.66208147825273,28.648844088399713,425.31092556665243
43.11875,42.93125,396.4072322096257,27.636288479155258,424.043520688781
43.11875,42.94375,380.851046258756,31.191769438935584,412.0428156976916
43.11875,42.95625,383.0008184028588,37.895140617338974,420.8959590201978
43.11875,42.96875,397.24161126082197,29.132662578300234,426.3742738391222
43.11875,42.98125,452.4738418913244,24.970419199122702,477.4442610904471
43.11875,42.99375,463.8806328551047,20.9354387205885,484.8160715756932
43.10625,42.00625,194.1377798115181,16.740278126184382,210.8780579377025
43.10625,42.01875,179.91971036482306,18.985555353676364,198.90526571849944
43.10625,42.03125,205.49113763029865,20.364662485297345,225.855800115596
43.10625,42.04375,263.55760515576435,20.825977280437417,284.3835824362018
43.10625,42.05625,301.97533612692865,16.48138993114918,318.45672605807783
43.10625,42.06875,353.3163716345924,25.840288989638353,379.1566606242307
43.10625,42.08125,400.64618845988383,34.29078932025532,434.93697778013916
43.10625,42.09375,359.24558549432265,22.692627158514565,381.9382126528372
43.10625,42.10625,295.73303910502324,20.4963245953625,316.22936370038576
43.10625,42.11875,265.8129802485937,23.314944084649863,289.1279243332436
43.10625,42.13125,214.5733620483353,20.05813081993577,234.63149286827107
43.10625,42.14375,202.55922512400207,18.15870730657224,220.7179324305743
43.10625,42.15625,202.1157244810958,15.788489766479032,217.90421424757483
43.10625,42.16875,196.89903416371894,13.412541818189744,210.31157598190867
43.10625,42.18125,135.9705966381515,20.36199665796695,156.33259329611846
43.10625,42.19375,169.16992084437658,18.10372769636273,187.27364854073932
43.10625,42.20625,233.01787639021612,18.46573486881917,251.48361125903529
43.10625,42.21875,271.7374596168712,25.93845548984451,297.6759151067157
43.10625,42.23125,288.6880965734545,29.995681657493353,318.6837782309479
43.10625,42.24375,304.67477126897,27.595540321263524,332.2703115902335
43.10625,42.25625,320.6305034812231,27.832198791826002,348.4627022730491
43.10625,42.26875,328.2091822745916,28.617018312194475,356.8262005867861
43.10625,42.28125,318.1300337966696,25.416304490385492,343.54633828705505
43.10625,42.29375,334.13986745605143,24.5391460092166,358.67901346526804
43.10625,42.30625,359.12749551687756,37.78049063352605,396.9079861504036
43.10625,42.31875,337.25417068871786,30.30265269011528,367.55682337883314
43.10625,42.33125,317.17349977253605,24.482288645743807,341.6557884182798
43.10625,42.34375,265.25004960176193,15.840028573825805,281.09007817558773
43.10625,42.35625,232.47833807661772,16.12354858785158,248.6018866644693
43.10625,42.36875,233.65589605620076,12.0020723921441,245.65796844834486
43.10625,42.38125,201.81456260294365,17.268696817357515,219.08325942030118
43.10625,42.39375,159.28963212947016,22.81498886648056,182.1046209959507
43.10625,42.40625,216.8774804548284,20.39024125812396,237.26772171295235
43.10625,42.41875,265.64482425619315,21.98493574074375,287.6297599969369
43.10625,42.43125,295.65065081334114,21.565679063632487,317.21632987697365
43.10625,42.44375,263.89604147599846,16.832436217660486,280.72847769365893
43.10625,42.45625,259.6782503865786,15.155875336290162,274.83412572286875
43.10625,42.46875,288.8529246354411,17.94227148629724,306.79519612173834
43.10625,42.48125,333.00280311430856,25.11909664734634,358.1218997616549
43.10625,42.49375,337.5229224712132,22.108216504732,359.6311389759452
43.10625,42.50625,341.38185567622065,28.13402240290045,369.5158780791211
43.10625,42.51875,345.9749052930703,34.87006596791521,380.8449712609855
43.10625,42.53125,362.5636205117456,36.937534829483326,399.5011553412289
43.10625,42.54375,370.0942294464966,35.86274806430599,405.95697751080263
43.10625,42.55625,334.86579242941457,25.68661925795594,360.5524116873705
43.10625,42.56875,273.50278054079087,18.47905864173717,291.981839182528
43.10625,42.58125,233.36529538434345,17.48991029411127,250.85520567845472
43.10625,42.59375,197.36486107424514,21.849647620222605,219.21450869446775
43.10625,42.60625,227.97747318686731,16.015184074100574,243.9926572609679
43.10625,42.61875,280.1812695317018,0.9167179268855676,281.09798745858734
43.10625,42.63125,304.792012406337,7.928893825714717,312.72090623205173
43.10625,42.64375,328.6929875179959,14.689508150523409,343.3824956685193
43.10625,42.65625,330.4694685001521,12.613882918012052,343.08335141816417
43.10625,42.66875,341.96955565612535,17.361769672217658,359.331325328343
43.10625,42.68125,375.2866646930776,33.24613797201788,408.5328026650955
43.10625,42.69375,333.0184850486639,32.905440721432626,365.9239257700965
43.10625,42.70625,317.9080189207417,22.02675754226516,339.93477646300687
43.10625,42.71875,272.39175729749417,20.247554396437334,292.6393116939315
43.10625,42.73125,243.76554767596244,22.229937449767544,265.99548512573
43.10625,42.74375,188.37984310958728,23.91658694904113,212.2964300586284
43.10625,42.75625,263.74387139747586,18.870840433803565,282.6147118312794
43.10625,42.76875,314.47681761823156,15.637185920340517,330.1140035385721
43.10625,42.78125,325.51362193840777,23.148599802648107,348.6622217410559
43.10625,42.79375,323.3802771305869,18.26689472486801,341.64717185545487
43.10625,42.80625,394.81184499048027,26.85245961100789,421.66430460148814
43.10625,42.81875,385.5682802369461,31.994223477650884,417.562503714597
43.10625,42.83125,371.7910397268693,25.163188347431745,396.95422807430106
43.10625,42.84375,344.65121398599825,25.52001098531978,370.17122497131805
43.10625,42.85625,306.7283862028659,24.930062701997926,331.65844890486386
43.10625,42.86875,263.39839818776494,24.764397060758192,288.16279524852314
43.10625,42.88125,302.8979460412244,22.33818031436277,325.23612635558715
43.10625,42.89375,314.81555535784287,16.36485693215531,331.1804122899982
43.10625,42.90625,315.3895559932141,18.573299976962325,333.96285597017646
43.10625,42.91875,324.8514345138795,23.116447821872796,347.9678823357523
43.10625,42.93125,343.6173721303077,28.33413078486519,371.95150291517285
43.10625,42.94375,367.2811860465184,37.279425875069485,404.5606119215879
43.10625,42.95625,371.54129354657016,41.701182432219845,413.24247597879
43.10625,42.96875,409.80182643338344,33.150607094133036,442.95243352751646
43.10625,42.98125,408.3713208766618,26.09394338175252,434.4652642584143
43.10625,42.99375,393.4767854661169,13.228408874203204,406.7051943403201
43.09375,42.00625,187.97155230338382,21.8855388563251,209.85709115970892
43.09375,42.01875,236.47771340669334,25.797161960210815,262.27487536690415
43.09375,42.03125,256.63883968024453,17.84105685893234,274.4798965391769
43.09375,42.04375,280.80753397251317,17.36614419955658,298.17367817206974
43.09375,42.05625,287.66078500139287,18.913449039038277,306.5742340404311
43.09375,42.06875,367.2618811441656,25.134573488969572,392.3964546331352
43.09375,42.08125,392.7443997794236,35.35419819904055,428.0985979784641
43.09375,42.09375,357.70055981749636,27.41175115256514,385.1123109700615
43.09375,42.10625,330.7854753221965,26.721081575600394,357.5065568977969
43.09375,42.11875,305.76583169562156,18.29667030523853,324.0625020008601
43.09375,42.13125,277.8826090033541,18.92968928704327,296.8122982903974
43.09375,42.14375,271.6011552392183,22.277118091643064,293.87827333086136
43.09375,42.15625,267.67985199363835,22.18415713984241,289.86400913348075
43.09375,42.16875,202.47875346582578,13.42209595011182,215.90084941593759
43.09375,42.18125,131.89499456288704,19.45419819245025,151.3491927553373
43.09375,42.19375,152.93380232967849,16.526884190800164,169.46068652047865
43.09375,42.20625,191.5663432810211,14.215065820421692,205.7814091014428
43.09375,42.21875,217.8317974858569,19.82902553271733,237.66082301857423
43.09375,42.23125,234.89625088606618,19.77836105661121,254.6746119426774
43.09375,42.24375,250.13933923428846,18.349092401450598,268.48843163573906
43.09375,42.25625,263.110982471458,18.76052751123974,281.8715099826977
43.09375,42.26875,287.5134606583757,25.259968943929508,312.7734296023052
43.09375,42.28125,309.948998129507,25.28081007215747,335.22980820166447
43.09375,42.29375,346.97388959856687,32.93107589266965,379.9049654912365
43.09375,42.30625,338.12706672063547,31.533822351754353,369.6608890723898
43.09375,42.31875,313.35380598753466,29.798729707165425,343.1525356947001
43.09375,42.33125,296.0593215958163,25.087108016022764,321.14642961183904
43.09375,42.34375,283.35174370046263,23.458303926017834,306.81004762648047
43.09375,42.35625,253.11800215131967,23.528995107079503,276.64699725839915
43.09375,42.36875,199.36322096083032,16.884044525693724,216.24726548652404
43.09375,42.38125,163.47763077037672,18.041449903225622,181.51908067360233
43.09375,42.39375,167.99625175404108,22.190896472612476,190.18714822665356
43.09375,42.40625,216.87514660281124,19.8852587057972,236.76040530860843
43.09375,42.41875,232.88909959733792,20.62447599477572,253.51357559211363
43.09375,42.43125,237.74406728609623,17.65330010533559,255.39736739143183
43.09375,42.44375,205.92477366840396,12.605699330677094,218.53047299908104
43.09375,42.45625,243.1615872745,19.12143583496023,262.2830231094602
43.09375,42.46875,279.4896240088983,20.23461106080535,299.7242350697037
43.09375,42.48125,245.3115115766057,13.197816209091386,258.5093277856971
43.09375,42.49375,284.357039294335,25.074831591158834,309.4318708854938
43.09375,42.50625,321.81845871328807,28.724024976327176,350.54248368961527
43.09375,42.51875,309.5558715337906,23.295465389239766,332.8513369230304
43.09375,42.53125,311.33994857505553,20.358133118334347,331.6980816933899
43.09375,42.54375,335.005392526531,30.03746400214029,365.0428565286713
43.09375,42.55625,340.0108477933682,29.96671890782648,369.9775667011947
43.09375,42.56875,305.10529829566076,23.653465356080016,328.75876365174076
43.09375,42.58125,241.7477882946283,18.918144679760047,260.66593297438834
43.09375,42.59375,189.77867073992562,27.80267405684949,217.5813447967751
43.09375,42.60625,189.959553751967,23.24576018131249,213.2053139332795
43.09375,42.61875,230.9424584747063,19.068777587680387,250.0112360623867
43.09375,42.63125,253.70103477700667,21.898585031877897,275.59961980888454
43.09375,42.64375,298.6200477794487,20.674217008259106,319.29426478770785
43.09375,42.65625,285.8787193372479,20.335081811779077,306.21380114902695
43.09375,42.66875,348.5229810686536,28.10173009312016,376.6247111617738
43.09375,42.68125,335.97386939733383,25.151251100768622,361.12512049810243
43.09375,42.69375,339.45305518410515,25.715534610883005,365.1685897949882
43.09375,42.70625,303.59828108458294,22.770485086037237,326.3687661706202
43.09375,42.71875,266.4645947300096,19.28833002504216,285.75292475505177
43.09375,42.73125,210.35607576840758,17.64055863791681,227.9966344063244
43.09375,42.74375,188.86059222501598,21.95752098566166,210.81811321067764
43.09375,42.75625,253.9771086413209,16.32532880978603,270.3024374511069
43.09375,42.76875,300.7277239262202,15.227989835094327,315.95571376131454
43.09375,42.78125,321.78563880713966,18.767783477450767,340.55342228459045
43.09375,42.79375,349.9619072387815,21.453252191229716,371.4151594300112
43.09375,42.80625,370.22267244228846,23.178709262219847,393.4013817045083
43.09375,42.81875,381.4067858488416,30.794358543400172,412.20114439224176
43.09375,42.83125,372.5646338393359,34.30880472205543,406.8734385613913
43.09375,42.84375,363.89786517944594,31.015844736527328,394.9137099159733
43.09375,42.85625,335.94494215641276,23.03651186246427,358.98145401887706
43.09375,42.86875,268.4620519121197,21.33484142434019,289.7968933364599
43.09375,42.88125,277.8203128551281,25.38660446736565,303.2069173224938
43.09375,42.89375,307.0582578641737,22.044820338176564,329.1030782023503
43.09375,42.90625,312.512221829247,21.00002282441818,333.51224465366516
43.09375,42.91875,354.54347173814483,25.91648398707917,380.459955725224
43.09375,42.93125,396.1867135203356,31.44190872190059,427.6286222422362
43.09375,42.94375,416.64968824979684,36.41828447726456,453.0679727270614
43.09375,42.95625,401.3402836755311,31.6796954286129,433.019979104144
43.09375,42.96875,378.19051788842177,28.00336832250413,406.1938862109259
43.09375,42.98125,366.94896428320095,25.903914183017324,392.85287846621827
43.09375,42.99375,362.09902188349264,29.628634469939925,391.72765635343256
43.08125,42.00625,214.91744417771082,20.84533911273173,235.76278329044254
43.08125,42.01875,264.36238580994984,24.966340625108327,289.3287264350582
43.08125,42.03125,261.7790239812737,27.223802732630304,289.002826713904
43.08125,42.04375,286.4443398544358,29.02533327091704,315.4696731253528
43.08125,42.05625,319.32789222745686,26.91062935357759,346.23852158103443
43.08125,42.06875,315.21807192225606,24.482005515589133,339.7000774378452
43.08125,42.08125,320.62903981172707,26.698446125373543,347.3274859371006
43.08125,42.09375,328.90654850923744,23.22133706003808,352.1278855692755
43.08125,42.10625,320.1390849994831,24.72424264067664,344.86332764015975
43.08125,42.11875,285.59914753925676,19.355922369897232,304.955069909154
43.08125,42.13125,261.88768772041703,19.661573324025014,281.54926104444206
43.08125,42.14375,232.3186881961192,17.23403024477276,249.55271844089197
43.08125,42.15625,211.05496238315322,16.63590953578383,227.69087191893706
43.08125,42.16875,166.1297413084387,8.54624252738158,174.67598383582026
43.08125,42.18125,124.17636053511214,18.839165913687044,143.0155264487992
43.08125,42.19375,148.36454300771095,21.93173876112124,170.2962817688322
43.08125,42.20625,180.52559853679205,21.410215195616864,201.93581373240892
43.08125,42.21875,203.7389850628077,22.82444039252433,226.56342545533204
43.08125,42.23125,226.99280043544306,27.644400421714153,254.6372008571572
43.08125,42.24375,242.112890433284,23.422087178774905,265.5349776120589
43.08125,42.25625,265.53925821382455,22.290305861425345,287.8295640752499
43.08125,42.26875,276.99421573436535,22.673462961029564,299.6676786953949
43.08125,42.28125,289.74433053334207,26.182197304256306,315.92652783759837
43.08125,42.29375,305.59139596921494,29.2112464869551,334.80264245617
43.08125,42.30625,290.197300477674,25.87476017438925,316.0720606520632
43.08125,42.31875,287.7888176617209,26.3458018427186,314.13461950443946
43.08125,42.33125,283.74128015987174,27.29085186122468,311.0321320210964
43.08125,42.34375,260.76895614549375,20.191619207553597,280.9605753530473
43.08125,42.35625,220.15067972424163,14.404346474453167,234.5550261986948
43.08125,42.36875,187.8057658921787,14.493143436039404,202.2989093282181
43.08125,42.38125,146.418201407844,20.490639166270515,166.90884057411452
43.08125,42.39375,159.57294874068867,22.386619102742635,181.9595678434313
43.08125,42.40625,184.37470779004926,24.879456182998958,209.2541639730482
43.08125,42.41875,211.09922475755906,26.157669169397177,237.25689392695622
43.08125,42.43125,204.46282285581478,21.81076687579618,226.27358973161097
43.08125,42.44375,169.22665192450202,19.607589375799343,188.83424130030136
43.08125,42.45625,209.34462512502523,19.02781314523947,228.3724382702647
43.08125,42.46875,197.10152048316192,16.91643710611239,214.01795758927432
43.08125,42.48125,235.45805334476478,19.568922272557963,255.02697561732273
43.08125,42.49375,270.581657496545,19.877838737123678,290.4594962336687
43.08125,42.50625,274.0831274968977,19.935312129386613,294.0184396262843
43.08125,42.51875,247.9462121630823,16.919290879095566,264.86550304217786
43.08125,42.53125,280.2689549619395,18.711974870094657,298.9809298320342
43.08125,42.54375,272.29131617799646,21.6805295677881,293.97184574578455
43.08125,42.55625,292.9546790281462,23.1728167505796,316.1274957787258
43.08125,42.56875,265.94789084371286,17.220097378867184,283.16798822258005
43.08125,42.58125,231.76614073258625,20.27469379824369,252.04083453082995
43.08125,42.59375,193.5484156545065,26.97883428466472,220.5272499391712
43.08125,42.60625,190.56997189157275,32.322098518724005,222.89207041029675
43.08125,42.61875,225.57586397502342,28.03993361397049,253.61579758899393
43.08125,42.63125,237.8110977850979,19.50723448257919,257.3183322676771
43.08125,42.64375,233.2066727521678,23.71517076477767,256.9218435169455
43.08125,42.65625,262.4939553929083,16.35387880406739,278.84783419697567
43.08125,42.66875,308.06761951842145,25.4780024546739,333.54562197309536
43.08125,42.68125,278.1127821175536,18.091964423947463,296.20474654150104
43.08125,42.69375,266.58785638882154,18.958452640418365,285.5463090292399
43.08125,42.70625,278.152985752723,18.408294934702997,296.561280687426
43.08125,42.71875,269.93117722537113,25.35877432248875,295.28995154785986
43.08125,42.73125,217.30059654674002,23.9426745777797,241.24327112451974
43.08125,42.74375,174.04906962618455,23.874236296088007,197.92330592227256
43.08125,42.75625,197.7147088925725,15.220253637114649,212.93496252968714
43.08125,42.76875,222.479462807272,11.373646229857037,233.85310903712903
43.08125,42.78125,270.009160814419,18.04961158364605,288.058772398065
43.08125,42.79375,281.0940604334373,11.99477259114397,293.0888330245813
43.08125,42.80625,310.9161417280785,23.07233063427794,333.98847236235645
43.08125,42.81875,348.4528280768824,23.14529189945373,371.59811997633614
43.08125,42.83125,322.2103362604288,16.947552592717948,339.15788885314674
43.08125,42.84375,343.59202744317344,28.191708529655216,371.78373597282865
43.08125,42.85625,305.20448253267716,19.606021927563344,324.8105044602405
43.08125,42.86875,267.353954115831,22.4704829383719,289.8244370542029
43.08125,42.88125,245.4781624450177,19.65207002891718,265.1302324739349
43.08125,42.89375,299.44981391587925,16.810215637894608,316.26002955377385
43.08125,42.90625,366.07185214552624,26.09073600077669,392.16258814630294
43.08125,42.91875,361.69408216568627,21.186768521487,382.8808506871733
43.08125,42.93125,333.5790572372403,19.775937995090832,353.35499523233113
43.08125,42.94375,343.4997200645164,22.991985476401357,366.49170554091774
43.08125,42.95625,329.1672620056943,21.95257344321708,351.1198354489114
43.08125,42.96875,319.43595199312495,25.51891175521327,344.9548637483382
43.08125,42.98125,367.89513108437717,29.759373782905957,397.65450486728315
43.08125,42.99375,377.259248429986,21.175467569341308,398.4347159993273
43.06875,42.00625,259.72174167623325,28.852672166657307,288.5744138428906
43.06875,42.01875,270.2670666896149,29.53995211528254,299.80701880489744
43.06875,42.03125,264.64989226632395,30.25709108123132,294.90698334755524
43.06875,42.04375,281.6431327739651,32.622724298220746,314.26585707218584
43.06875,42.05625,280.3477745739146,30.386302787008688,310.73407736092327
43.06875,42.06875,287.03294232717496,32.48075148227865,319.5136938094536
43.06875,42.08125,283.8886209530163,26.996238975341633,310.8848599283579
43.06875,42.09375,285.7781030071505,27.402320014260457,313.18042302141095
43.06875,42.10625,269.9144077171442,23.481366591379388,293.3957743085236
43.06875,42.11875,251.70217027551462,24.20090945489636,275.903079730411
43.06875,42.13125,220.4301867939969,21.17971292085774,241.60989971485463
43.06875,42.14375,200.1292769006811,18.38789477304215,218.51717167372325
43.06875,42.15625,205.13284865608753,24.019309336340758,229.1521579924283
43.06875,42.16875,181.60320319794423,23.61646175365741,205.21966495160163
43.06875,42.18125,117.42096344152235,22.342226276074648,139.763189717597
43.06875,42.19375,155.1616784659351,21.111143145789285,176.2728216117244
43.06875,42.20625,204.18473194743706,22.136326411495958,226.32105835893302
43.06875,42.21875,234.92970860007603,21.698200724381472,256.6279093244575
43.06875,42.23125,259.5984815944595,23.258556776448174,282.8570383709077
43.06875,42.24375,270.95084353749223,15.495255731717307,286.4460992692095
43.06875,42.25625,302.9268152032338,22.74540532799891,325.6722205312327
43.06875,42.26875,339.39877542436733,33.396866102420205,372.79564152678756
43.06875,42.28125,328.2029775541093,33.86230604250036,362.0652835966096
43.06875,42.29375,286.720154017487,24.670542261210787,311.3906962786978
43.06875,42.30625,259.9251866613273,25.684632750725008,285.60981941205233
43.06875,42.31875,240.34831307141937,22.22528698621532,262.5736000576347
43.06875,42.33125,240.07629523520006,22.207230259134853,262.2835254943349
43.06875,42.34375,234.61960208593965,20.77023653644406,255.3898386223837
43.06875,42.35625,239.68811441407507,27.989886144599136,267.6780005586742
43.06875,42.36875,171.34807312819552,15.443731124724017,186.79180425291955
43.06875,42.38125,133.96859505302015,20.32698015532933,154.29557520834948
43.06875,42.39375,190.43384383039123,18.72994770412521,209.16379153451643
43.06875,42.40625,175.7709708062399,17.691531715754273,193.46250252199417
43.06875,42.41875,176.24530239500243,22.07730435798075,198.32260675298318
43.06875,42.43125,162.46533529241785,18.877915234336903,181.34325052675476
43.06875,42.44375,163.8102068532747,22.470616034722067,186.28082288799678
43.06875,42.45625,192.66892871457503,25.192368916146826,217.86129763072185
43.06875,42.46875,173.0754464416549,22.394489940628127,195.469936382283
43.06875,42.48125,202.8567280083471,18.179910850555547,221.03663885890265
43.06875,42.49375,193.8520471551383,16.74147190313412,210.59351905827242
43.06875,42.50625,223.3377464953105,18.96533921667878,242.3030857119893
43.06875,42.51875,207.1993364853028,16.730226951295947,223.92956343659876
43.06875,42.53125,221.24155576191464,19.845190420979364,241.086746182894
43.06875,42.54375,226.9219382348723,23.819028015094982,250.74096624996727
43.06875,42.55625,249.9515194058041,27.344994917822454,277.2965143236266
43.06875,42.56875,261.3088665533873,26.06766230021588,287.3765288536032
43.06875,42.58125,238.35087481013528,24.187812051522346,262.53868686165765
43.06875,42.59375,203.80858028954586,27.088690387784773,230.89727067733062
43.06875,42.60625,178.02341885178066,26.242115318482007,204.26553417026267
43.06875,42.61875,184.1283582648286,24.95349221833824,209.08185048316682
43.06875,42.63125,210.50790741947856,18.337587034223112,228.84549445370166
43.06875,42.64375,241.05275489787763,25.913758879488135,266.9665137773658
43.06875,42.65625,259.3250824734351,24.623183022804604,283.9482654962397
43.06875,42.66875,294.69230248956427,33.395603728351475,328.08790621791576
43.06875,42.68125,284.8854567616285,26.61811938533819,311.5035761469667
43.06875,42.69375,227.19271465958977,21.610474512300943,248.80318917189072
43.06875,42.70625,249.30756973646055,25.118057329988524,274.42562706644907
43.06875,42.71875,257.20837911864703,29.247986025119054,286.4563651437661
43.06875,42.73125,222.50983317311955,21.815528992721383,244.32536216584094
43.06875,42.74375,191.82791880932933,28.66398292956388,220.4919017388932
43.06875,42.75625,172.5192614563537,28.627704712656303,201.14696616901
43.06875,42.76875,209.3598455177597,22.075329473538666,231.43517499129837
43.06875,42.78125,221.6491870611807,22.63404933677392,244.28323639795462
43.06875,42.79375,271.2892953200327,25.09823213276856,296.38752745280124
43.06875,42.80625,257.72045505814856,14.932973202539454,272.65342826068803
43.06875,42.81875,270.64150852107224,16.234359953830413,286.87586847490263
43.06875,42.83125,271.89690692765805,16.821789914348813,288.71869684200686
43.06875,42.84375,278.37044519368004,18.7411954335279,297.1116406272079
43.06875,42.85625,289.81274292006157,20.00954950517544,309.822292425237
43.06875,42.86875,297.6217777774663,24.999802891582842,322.62158066904914
43.06875,42.88125,221.64170226625188,21.168046920360183,242.80974918661207
43.06875,42.89375,280.8084545359472,16.571109884066658,297.3795644200138
43.06875,42.90625,338.94290181177627,21.817878361752555,360.7607801735288
43.06875,42.91875,275.26274650639346,12.743122355961184,288.00586886235465
43.06875,42.93125,280.2555304497081,21.80326712242651,302.0587975721346
43.06875,42.94375,288.6619685795539,28.743584952235167,317.40555353178905
43.06875,42.95625,303.194954512768,30.589500124177448,333.78445463694544
43.06875,42.96875,316.779062217826,32.944859521800055,349.723921739626
43.06875,42.98125,331.74366819997516,26.833976283857744,358.5776444838329
43.06875,42.99375,378.3666380886336,24.60953069674605,402.9761687853796
43.05625,42.00625,240.80028259740448,29.05352702869868,269.85380962610316
43.05625,42.01875,243.42880647585764,29.170402004877587,272.59920848073523
43.05625,42.03125,269.15030436610067,32.401710146625035,301.5520145127257
43.05625,42.04375,277.4157746202325,34.37831012413133,311.7940847443639
43.05625,42.05625,254.46278033863143,29.353755825266468,283.8165361638979
43.05625,42.06875,255.19667189878442,30.749942177606773,285.9466140763912
43.05625,42.08125,254.14926111783157,30.660792514552988,284.81005363238455
43.05625,42.09375,250.34691076218465,30.503375170554396,280.85028593273904
43.05625,42.10625,250.71055079570183,29.88895372625456,280.5995045219564
43.05625,42.11875,224.54492205993785,29.572560469523033,254.1174825294609
43.05625,42.13125,212.45484372944304,26.92473868204336,239.3795824114864
43.05625,42.14375,207.46703832438897,24.488627659422946,231.9556659838119
43.05625,42.15625,169.83189751398092,20.065391135956773,189.8972886499377
43.05625,42.16875,146.1309307714133,18.03013675331916,164.16106752473246
43.05625,42.18125,119.29193158430922,20.478996020726782,139.770927605036
43.05625,42.19375,141.211424497548,16.939990957319395,158.1514154548674
43.05625,42.20625,172.66612819801193,19.33867723329323,192.00480543130516
43.05625,42.21875,202.00715619513468,14.042854911689211,216.0500111068239
43.05625,42.23125,244.49466750864505,13.898933358888451,258.3936008675335
43.05625,42.24375,260.0035138107325,9.545390085801767,269.5489038965343
43.05625,42.25625,338.2450028182163,30.19600381343581,368.4410066316521
43.05625,42.26875,322.6510224897509,23.357437850311054,346.00846034006196
43.05625,42.28125,287.6891156688491,18.21582601295538,305.90494168180453
43.05625,42.29375,271.92573394732005,19.72031514266159,291.64604908998166
43.05625,42.30625,280.126834277844,29.769711485325963,309.89654576316997
43.05625,42.31875,257.5356809771635,22.72592811651739,280.2616090936809
43.05625,42.33125,205.30434686638569,13.34822664522752,218.6525735116132
43.05625,42.34375,178.23631522340054,17.38289504256402,195.61921026596457
43.05625,42.35625,175.8090542509567,14.723681217747005,190.53273546870372
43.05625,42.36875,162.16242633804407,11.404381104121047,173.56680744216513
43.05625,42.38125,152.80287413234268,20.175313132952567,172.97818726529525
43.05625,42.39375,136.99753656652376,11.405691670344904,148.40322823686867
43.05625,42.40625,117.00990514381445,13.618587009462502,130.62849215327697
43.05625,42.41875,121.01493888230158,21.490114473310765,142.50505335561235
43.05625,42.43125,136.4363198692685,24.722375995576847,161.15869586484533
43.05625,42.44375,137.5588388085631,21.89420184960693,159.45304065817004
43.05625,42.45625,166.38796813390132,25.161127525892773,191.5490956597941
43.05625,42.46875,155.74533743523435,22.63159256994462,178.37693000517896
43.05625,42.48125,153.85213270340236,21.478720172621735,175.3308528760241
43.05625,42.49375,169.7502305667388,22.16608614469479,191.91631671143358
43.05625,42.50625,167.7433062594749,20.815687611985396,188.5589938714603
43.05625,42.51875,177.2431979442606,22.676190165712157,199.91938810997277
43.05625,42.53125,194.32760726896117,29.44462330637529,223.77223057533647
43.05625,42.54375,229.17962897121748,26.950487526191456,256.13011649740895
43.05625,42.55625,248.97499866328405,26.011204995097003,274.98620365838104
43.05625,42.56875,259.104711231844,24.813521927439822,283.91823315928383
43.05625,42.58125,236.600460750756,19.368586506550827,255.96904725730684
43.05625,42.59375,235.22785124528087,26.334018296641382,261.56186954192225
43.05625,42.60625,188.38183441870984,22.530501004692265,210.9123354234021
43.05625,42.61875,175.72842728871439,17.07834489281897,192.80677218153335
43.05625,42.63125,226.89678705569656,21.435634624047818,248.33242167974439
43.05625,42.64375,279.4698030794776,33.205149833414815,312.67495291289237
43.05625,42.65625,250.18876450704087,23.522233934038198,273.7109984410791
43.05625,42.66875,263.8851761539473,26.126428898991794,290.0116050529391
43.05625,42.68125,272.13185528624706,25.64137617436559,297.77323146061264
43.05625,42.69375,224.06262504386723,19.980634611813613,244.04325965568086
43.05625,42.70625,203.25661842443586,20.25807697545445,223.51469539989031
43.05625,42.71875,213.00869470206905,22.1882177057307,235.19691240779974
43.05625,42.73125,205.40233212605608,23.308672272142896,228.71100439819898
43.05625,42.74375,164.92089621689354,27.164813977705805,192.08571019459936
43.05625,42.75625,166.7753598420171,29.867886502635496,196.6432463446526
43.05625,42.76875,205.98251540015204,32.134410557361676,238.11692595751373
43.05625,42.78125,206.0320609207862,20.12391366855728,226.1559745893435
43.05625,42.79375,199.31204615989603,21.611287365642745,220.92333352553877
43.05625,42.80625,204.00729127189308,22.72978394571938,226.73707521761247
43.05625,42.81875,200.32309727703566,22.020500734131264,222.34359801116693
43.05625,42.83125,208.64170614400078,20.828143369936896,229.46984951393767
43.05625,42.84375,219.14418518045363,23.432360472816104,242.57654565326973
43.05625,42.85625,216.95074066779054,15.099943048130882,232.05068371592142
43.05625,42.86875,214.8443986069769,14.3191392616095,229.16353786858642
43.05625,42.88125,242.9365381338846,22.182734769212786,265.1192729030974
43.05625,42.89375,251.01158919051602,12.425949891902292,263.4375390824183
43.05625,42.90625,238.41006544729652,16.05928132819591,254.46934677549243
43.05625,42.91875,258.9675853902726,21.02198577289204,279.9895711631646
43.05625,42.93125,302.83113288368634,26.04755735866566,328.878690242352
43.05625,42.94375,349.0409372594638,26.053387771923802,375.0943250313876
43.05625,42.95625,358.9810940798833,22.368419629232964,381.34951370911625
43.05625,42.96875,367.94805193968836,26.188467164795224,394.13651910448357
43.05625,42.98125,341.0523148035762,27.150958361945953,368.2032731655222
43.05625,42.99375,346.76844932387957,24.689676818254455,371.458126142134
43.04375,42.00625,233.5797506999136,28.978492127703138,262.55824282761677
43.04375,42.01875,256.3703758345884,30.462114558677968,286.83249039326637
43.04375,42.03125,239.81908803120544,26.805835089849722,266.6249231210552
43.04375,42.04375,267.9546921447627,29.85518076824144,297.80987291300414
43.04375,42.05625,247.9755127141234,31.190359150876876,279.16587186500027
43.04375,42.06875,222.24659882644468,27.160781168169883,249.40737999461456
43.04375,42.08125,223.2978830428837,29.886772876533,253.1846559194167
43.04375,42.09375,216.79304152364273,26.30604282501708,243.0990843486598
43.04375,42.10625,230.3022940287576,29.280133717758986,259.5824277465166
43.04375,42.11875,210.11332038971062,22.148046429866078,232.2613668195767
43.04375,42.13125,211.50972327427993,26.21584555422398,237.72556882850392
43.04375,42.14375,190.51382258991654,29.957793193188706,220.47161578310525
43.04375,42.15625,181.8217899383491,23.093740066806333,204.91553000515543
43.04375,42.16875,153.0478124240979,21.190919812244154,174.23873223634206
43.04375,42.18125,107.41735512320706,24.28779650508973,131.7051516282968
43.04375,42.19375,132.5816823100687,23.27669114146565,155.85837345153433
43.04375,42.20625,144.9255760038328,17.332420029453722,162.2579960332865
43.04375,42.21875,169.14338774071103,12.238309223720385,181.38169696443143
43.04375,42.23125,203.57311660829762,15.733530774080979,219.3066473823786
43.04375,42.24375,256.99855475732613,13.07989825961327,270.0784530169394
43.04375,42.25625,270.7208366019193,13.10851809822774,283.82935470014706
43.04375,42.26875,257.29322782115145,14.10332070894799,271.39654853009944
43.04375,42.28125,230.96270148341426,9.020875586238013,239.98357706965228
43.04375,42.29375,206.79998139174586,14.29437403151535,221.09435542326122
43.04375,42.30625,237.23540514067983,18.374807637958785,255.6102127786386
43.04375,42.31875,216.95950310093474,8.55693529023522,225.51643839116997
43.04375,42.33125,177.60236798007944,7.058603187265316,184.66097116734474
43.04375,42.34375,135.33278778781943,13.514757393990521,148.84754518180995
43.04375,42.35625,128.91480653452805,20.645968577246933,149.560775111775
43.04375,42.36875,126.4556628624871,17.14782986999375,143.60349273248085
43.04375,42.38125,114.8954424087425,2.3685063839055402,117.26394879264804
43.04375,42.39375,187.48461974976578,7.342788249521661,194.82740799928746
43.04375,42.40625,180.8226505031759,7.063280723162475,187.88593122633839
43.04375,42.41875,168.53363355444023,9.765166236931272,178.2987997913715
43.04375,42.43125,144.4151488274304,11.804163633370116,156.2193124608005
43.04375,42.44375,146.43128777692448,15.347782307647725,161.7790700845722
43.04375,42.45625,124.44024322777403,21.278280586759934,145.71852381453397
43.04375,42.46875,129.15918284320537,22.329794591549106,151.48897743475447
43.04375,42.48125,131.14790938569826,24.339765298014143,155.48767468371238
43.04375,42.49375,141.68138781058153,26.725460602552857,168.40684841313438
43.04375,42.50625,159.91413041419193,24.147068793825387,184.0611992080173
43.04375,42.51875,170.1755219518741,26.919021265386256,197.09454321726034
43.04375,42.53125,186.552768324304,25.759473328600865,212.31224165290487
43.04375,42.54375,214.58282374559994,23.67749290092373,238.26031664652368
43.04375,42.55625,203.35007317305,23.501881471213714,226.8519546442637
43.04375,42.56875,203.90948770606633,16.729868135702883,220.6393558417692
43.04375,42.58125,184.00741965217296,16.5079823980138,200.51540205018676
43.04375,42.59375,166.93737402960903,18.98959553309604,185.92696956270507
43.04375,42.60625,156.95613117626493,20.021563693512896,176.97769486977782
43.04375,42.61875,196.28939175740376,19.77118149457928,216.06057325198304
43.04375,42.63125,260.30169898988277,24.764576520136398,285.0662755100192
43.04375,42.64375,234.62385421817257,20.964780608149287,255.58863482632185
43.04375,42.65625,242.95121116425923,23.00920958339204,265.96042074765126
43.04375,42.66875,236.02208883338457,18.876832181311713,254.89892101469627
43.04375,42.68125,213.48611983625818,16.748124228079064,230.23424406433725
43.04375,42.69375,196.41318176689637,18.70998121698573,215.1231629838821
43.04375,42.70625,180.81786256868796,26.355809510201972,207.17367207888992
43.04375,42.71875,161.44093172864885,25.32658108230853,186.76751281095738
43.04375,42.73125,160.62219344431247,27.566930839424842,188.18912428373733
43.04375,42.74375,168.53239814721462,29.475536467348253,198.00793461456288
43.04375,42.75625,174.95091765661013,22.995330192560566,197.9462478491707
43.04375,42.76875,168.9160641216938,19.79821423751078,188.7142783592046
43.04375,42.78125,174.48637837817768,21.05175217289969,195.53813055107736
43.04375,42.79375,186.17650012197436,21.5300106874993,207.70651080947366
43.04375,42.80625,181.0192766481948,22.59109707621628,203.61037372441106
43.04375,42.81875,179.13138799454194,23.893697902974324,203.02508589751625
43.04375,42.83125,176.18627033418485,29.192020323665346,205.3782906578502
43.04375,42.84375,180.23684527449845,30.148573397674895,210.38541867217333
43.04375,42.85625,185.23369831647312,29.000236248447145,214.23393456492028
43.04375,42.86875,194.20568464437173,26.801863550038494,221.00754819441022
43.04375,42.88125,217.47874235932443,25.078344595458493,242.55708695478293
43.04375,42.89375,231.14137559452146,22.364922809426346,253.50629840394782
43.04375,42.90625,284.14871119760045,16.7138120802193,300.8625232778197
43.04375,42.91875,337.1295131928346,19.512611991535703,356.64212518437034
43.04375,42.93125,310.19984215641324,18.5788466432575,328.77868879967076
43.04375,42.94375,329.89779469346024,23.46495201359393,353.36274670705416
43.04375,42.95625,392.4788817049015,29.835312995530217,422.3141947004317
43.04375,42.96875,428.8537690627491,29.391271686841467,458.2450407495906
43.04375,42.98125,395.2250428938487,14.429427484902366,409.65447037875106
43.04375,42.99375,378.361706311974,1.748141892977614,380.1098482049516
43.03125,42.00625,208.38273724006027,28.817596268568295,237.20033350862855
43.03125,42.01875,241.677222571366,31.015837377107324,272.6930599484733
43.03125,42.03125,213.2796659582346,25.355150087907187,238.6348160461418
43.03125,42.04375,220.72302795155446,27.11472250212148,247.83775045367594
43.03125,42.05625,264.65663553777483,35.95685249184484,300.6134880296197
43.03125,42.06875,230.78951294855477,28.121008237020423,258.9105211855752
43.03125,42.08125,195.43272344298686,24.16417637319701,219.59689981618385
43.03125,42.09375,187.9479128827141,24.98426425203037,212.93217713474445
43.03125,42.10625,195.61285058721188,24.75824430125116,220.37109488846303
43.03125,42.11875,182.6187717320425,23.500297583577822,206.11906931562032
43.03125,42.13125,180.21339171519585,23.61237421258814,203.825765927784
43.03125,42.14375,204.99326957337635,27.491008951073475,232.48427852444982
43.03125,42.15625,189.17745276233902,23.55979995995459,212.7372527222936
43.03125,42.16875,156.2626852133387,17.235849093323218,173.49853430666192
43.03125,42.18125,105.13804552769315,17.860243911511997,122.99828943920515
43.03125,42.19375,104.24212023315357,25.106109373646554,129.34822960680012
43.03125,42.20625,144.64545029246256,15.594908767360529,160.24035905982308
43.03125,42.21875,170.23104511290938,16.33153339140321,186.5625785043126
43.03125,42.23125,217.96380220805034,21.132033590571787,239.09583579862212
43.03125,42.24375,186.33604336700526,15.418919039550751,201.75496240655602
43.03125,42.25625,215.02104941515978,16.559686745438018,231.5807361605978
43.03125,42.26875,225.22433234972385,19.996909327291686,245.22124167701554
43.03125,42.28125,192.20307622746108,12.822278488124816,205.0253547155859
43.03125,42.29375,161.4260476113605,14.283716967191141,175.70976457855164
43.03125,42.30625,207.9681879159485,16.274533390082,224.2427213060305
43.03125,42.31875,156.49484396058392,11.409401732413254,167.90424569299716
43.03125,42.33125,125.81908211837994,9.407410728740139,135.22649284712008
43.03125,42.34375,123.10875765389143,7.371702867379202,130.48046052127063
43.03125,42.35625,119.73091642359272,13.161497688099182,132.8924141116919
43.03125,42.36875,175.07914943009578,17.377022939127432,192.45617236922322
43.03125,42.38125,197.8315725891228,8.066360018662216,205.897932607785
43.03125,42.39375,260.5021280223125,12.200243161978463,272.70237118429094
43.03125,42.40625,267.0654303912613,25.01272331045735,292.0781537017187
43.03125,42.41875,243.67717128615377,13.47453849374643,257.1517097799002
43.03125,42.43125,226.8285706548981,14.456151236091266,241.28472189098937
43.03125,42.44375,189.24327538388803,6.831420433400076,196.0746958172881
43.03125,42.45625,179.53969092942452,11.924067531312158,191.46375846073667
43.03125,42.46875,184.20922792695546,16.63124281297221,200.84047073992767
43.03125,42.48125,173.31571615836148,15.560754876232133,188.8764710345936
43.03125,42.49375,126.43313490173969,21.668826470424236,148.10196137216394
43.03125,42.50625,137.62955087897518,21.896283488657545,159.52583436763274
43.03125,42.51875,152.34107613717612,26.803649342935827,179.14472548011196
43.03125,42.53125,162.70804081220297,23.050468904149408,185.75850971635236
43.03125,42.54375,189.78314767803613,22.46183198584797,212.2449796638841
43.03125,42.55625,191.36122697572856,24.662440976407417,216.02366795213598
43.03125,42.56875,176.73110460792032,22.534299266047235,199.26540387396756
43.03125,42.58125,147.04227877547072,26.329016830367877,173.3712956058386
43.03125,42.59375,165.63425037392574,30.718276105653676,196.3525264795794
43.03125,42.60625,183.60326579940534,28.288572341466484,211.8918381408718
43.03125,42.61875,214.15202629013774,21.089506482046296,235.24153277218403
43.03125,42.63125,210.79932539067798,19.879461732390265,230.67878712306825
43.03125,42.64375,196.07221778847708,15.041295755164786,211.11351354364186
43.03125,42.65625,201.5316588452496,22.225080250855314,223.75673909610492
43.03125,42.66875,175.75749507993754,19.732472741951824,195.48996782188937
43.03125,42.68125,159.32486618690177,20.95149240211833,180.2763585890201
43.03125,42.69375,155.12098804056546,25.55807048209403,180.6790585226595
43.03125,42.70625,168.61031012803127,23.118619643770675,191.72892977180194
43.03125,42.71875,187.57324229609011,23.103805970692363,210.6770482667825
43.03125,42.73125,205.48076262871012,23.819651543506303,229.30041417221642
43.03125,42.74375,215.11022217693443,25.228282294158372,240.3385044710928
43.03125,42.75625,220.8871447555893,22.672088555484677,243.55923331107397
43.03125,42.76875,241.09434444449525,24.65510392756816,265.7494483720634
43.03125,42.78125,253.26799584439783,26.02066462278112,279.28866046717894
43.03125,42.79375,243.49044106210246,28.706043675942453,272.1964847380449
43.03125,42.80625,251.74551105259695,31.26227741261109,283.007788465208
43.03125,42.81875,224.78350734737128,28.375006061984525,253.1585134093558
43.03125,42.83125,215.95544984928807,32.53076576146978,248.48621561075785
43.03125,42.84375,227.86974002065554,32.83644949566573,260.7061895163213
43.03125,42.85625,236.26700054373856,32.170951443987825,268.43795198772636
43.03125,42.86875,242.89484304986308,29.110782421228148,272.0056254710912
43.03125,42.88125,256.0192283892106,26.143944335708582,282.16317272491915
43.03125,42.89375,277.32565205423106,28.527629404438294,305.85328145866936
43.03125,42.90625,300.71991765137597,20.871955188805767,321.59187284018174
43.03125,42.91875,345.2083065886774,34.132612478675256,379.3409190673526
43.03125,42.93125,359.68950215420193,33.4690777363034,393.15857989050534
43.03125,42.94375,382.12757279657575,35.53102110400371,417.6585939005795
43.03125,42.95625,376.31175791869885,28.45306119344162,404.76481911214046
43.03125,42.96875,403.9731536529596,28.563434900285415,432.536588553245
43.03125,42.98125,444.29916611577687,21.47561238607427,465.77477850185113
43.03125,42.99375,509.4140888186655,22.829187610928017,532.2432764295935
43.01875,42.00625,219.91413331459745,30.316604217106878,250.23073753170434
43.01875,42.01875,229.16214241056247,30.680372272702286,259.84251468326477
43.01875,42.03125,195.6796624819018,26.660697491033062,222.34035997293486
43.01875,42.04375,214.2308245699355,23.72149512114342,237.9523196910789
43.01875,42.05625,239.32151585361635,24.731556293164743,264.0530721467811
43.01875,42.06875,241.3801362087492,28.317325418670507,269.6974616274197
43.01875,42.08125,209.97604208614817,21.00854190535285,230.984583991501
43.01875,42.09375,193.92252548065375,22.861642211420083,216.78416769207382
43.01875,42.10625,159.04632513386366,19.65411311683657,178.70043825070024
43.01875,42.11875,144.34569818515493,20.312312268270873,164.6580104534258
43.01875,42.13125,152.237310951244,18.853584460847692,171.0908954120917
43.01875,42.14375,163.90457269209702,19.843272919090083,183.7478456111871
43.01875,42.15625,185.17808379135377,20.674090200818462,205.85217399217223
43.01875,42.16875,179.2003601627579,20.28043048166589,199.4807906444238
43.01875,42.18125,120.52282216092173,18.70727399573279,139.23009615665453
43.01875,42.19375,98.37811399778563,21.81256841070093,120.19068240848657
43.01875,42.20625,148.28850694542615,17.894174216539348,166.1826811619655
43.01875,42.21875,204.39936072157593,22.850747486258783,227.25010820783473
43.01875,42.23125,196.9285688044838,24.70207222770726,221.63064103219105
43.01875,42.24375,155.861149887296,18.329363297419725,174.1905131847157
43.01875,42.25625,163.05112241906062,18.78726541012562,181.83838782918625
43.01875,42.26875,190.88574298427355,16.386530916108036,207.27227390038158
43.01875,42.28125,179.4033462453996,14.592273383086301,193.9956196284859
43.01875,42.29375,128.4119401240099,13.563966835535268,141.97590695954517
43.01875,42.30625,151.5377842336385,15.823803600332957,167.36158783397144
43.01875,42.31875,105.602144907504,9.104603972444956,114.70674887994895
43.01875,42.33125,171.1108551199835,15.87928443441108,186.9901395543946
43.01875,42.34375,209.29940773123562,17.693268875275066,226.99267660651068
43.01875,42.35625,149.3199695120173,14.262711650607827,163.58268116262514
43.01875,42.36875,146.2414458779713,12.703144052459763,158.94458993043105
43.01875,42.38125,184.09437871711478,12.73556085840982,196.8299395755246
43.01875,42.39375,188.01106086036359,12.710029526144918,200.7210903865085
43.01875,42.40625,202.12975308088906,14.19561736581674,216.3253704467058
43.01875,42.41875,246.076118357703,14.651517270808139,260.7276356285111
43.01875,42.43125,285.2982865285356,23.15166977400987,308.44995630254544
43.01875,42.44375,261.8427016374657,14.677660939787426,276.52036257725314
43.01875,42.45625,242.54169062512165,16.20514468309348,258.7468353082151
43.01875,42.46875,243.51223714522283,14.601132816234166,258.113369961457
43.01875,42.48125,183.26913311141487,4.240640753251732,187.5097738646666
43.01875,42.49375,188.0140882563065,17.327865574749374,205.3419538310559
43.01875,42.50625,164.72897759599886,15.54444207426668,180.27341967026553
43.01875,42.51875,157.6717779385031,17.658008793615593,175.3297867321187
43.01875,42.53125,133.33943446583066,24.219149851351688,157.55858431718235
43.01875,42.54375,143.3019896770147,23.52189101013269,166.82388068714738
43.01875,42.55625,156.42926282987176,26.368303366354276,182.79756619622603
43.01875,42.56875,149.54063660109182,25.47755197959699,175.01818858068881
43.01875,42.58125,178.3109585466831,31.08539492747395,209.39635347415705
43.01875,42.59375,182.94118788485488,30.124397537135458,213.06558542199033
43.01875,42.60625,167.0866174626419,24.44954842658703,191.53616588922893
43.01875,42.61875,164.93291115878608,21.590651515465964,186.52356267425205
43.01875,42.63125,164.8821002772325,21.689834654611154,186.57193493184366
43.01875,42.64375,159.38171546402566,23.969428744685864,183.35114420871153
43.01875,42.65625,147.3366897110536,24.829510984136768,172.16620069519035
43.01875,42.66875,172.7348702966964,25.6179807315644,198.35285102826083
43.01875,42.68125,183.04675593760183,26.690957288497984,209.7377132260998
43.01875,42.69375,194.56417096858172,29.21483197210005,223.77900294068178
43.01875,42.70625,206.15542914807708,28.476698435974285,234.63212758405137
43.01875,42.71875,228.41356398951874,24.63636452118612,253.04992851070486
43.01875,42.73125,243.0859017957634,27.86577903720331,270.9516808329667
43.01875,42.74375,252.80862762284426,25.746092632740027,278.5547202555843
43.01875,42.75625,242.26870445429174,22.715555696453407,264.9842601507452
43.01875,42.76875,236.27671484157278,24.781579400663844,261.0582942422366
43.01875,42.78125,203.45665273467364,21.060764132478027,224.51741686715167
43.01875,42.79375,210.9225576839763,23.940900962437215,234.8634586464135
43.01875,42.80625,213.92719752025687,26.571060380170955,240.49825790042783
43.01875,42.81875,213.61396107914445,27.23798677411242,240.85194785325686
43.01875,42.83125,198.43259120350513,28.539126870799972,226.9717180743051
43.01875,42.84375,194.52061464037533,24.79836902990835,219.31898367028367
43.01875,42.85625,192.04613676487764,26.44251913375473,218.48865589863237
43.01875,42.86875,216.82229339211077,26.606006323487044,243.4282997155978
43.01875,42.88125,235.06666934767324,24.227087896992185,259.2937572446654
43.01875,42.89375,270.7855579499405,25.14298682473077,295.92854477467125
43.01875,42.90625,290.0216272816043,24.190178002559065,314.21180528416335
43.01875,42.91875,306.39590182793654,28.706069672516108,335.10197150045263
43.01875,42.93125,322.83271325127504,25.637157147798675,348.4698703990737
43.01875,42.94375,342.8727633049803,31.71103403565844,374.58379734063874
43.01875,42.95625,348.90362300527414,33.13872021495266,382.0423432202268
43.01875,42.96875,366.7415665077363,21.079761007924407,387.8213275156607
43.01875,42.98125,413.43433073130564,5.429206076315484,418.86353680762113
43.01875,42.99375,418.4090450852106,8.070157282336666,426.47920236754726
43.00625,42.00625,178.1448646210165,26.787724094775164,204.93258871579167
43.00625,42.01875,189.22837493934446,24.842327472889366,214.07070241223383
43.00625,42.03125,207.12647063330067,29.264497472770003,236.39096810607066
43.00625,42.04375,179.67728872312784,24.9652386398726,204.64252736300045
43.00625,42.05625,199.64834000910983,21.299333402277348,220.94767341138717
43.00625,42.06875,237.59309282860923,29.228078726259447,266.82117155486867
43.00625,42.08125,217.77161804631115,27.125838411453604,244.89745645776475
43.00625,42.09375,225.70098986898606,25.67073026372254,251.3717201327086
43.00625,42.10625,213.14267268793418,21.117350724437088,234.26002341237125
43.00625,42.11875,184.00501575415325,20.167801343269247,204.1728170974225
43.00625,42.13125,152.04951911483005,19.254566122057938,171.304085236888
43.00625,42.14375,127.8182783338015,14.936230426531274,142.75450876033278
43.00625,42.15625,147.7547962136435,16.872187923793014,164.6269841374365
43.00625,42.16875,166.58507806932656,17.614119121546647,184.1991971908732
43.00625,42.18125,107.4824638465589,13.285976504856528,120.76844035141542
43.00625,42.19375,118.51223859028664,14.612040799053894,133.12427938934053
43.00625,42.20625,148.48928596215794,13.471522300714081,161.960808262872
43.00625,42.21875,194.1413126579897,24.64103709290957,218.78234975089924
43.00625,42.23125,198.22803020478696,27.063880785697016,225.29191099048398
43.00625,42.24375,154.2528222321124,17.907419133355237,172.16024136546764
43.00625,42.25625,156.35354699413702,20.69556275491337,177.0491097490504
43.00625,42.26875,153.60742419799524,13.83731554685537,167.4447397448506
43.00625,42.28125,114.24533625973893,11.197125230054578,125.44246148979352
43.00625,42.29375,102.33476809732997,13.671859619795711,116.00662771712568
43.00625,42.30625,102.74857713245947,13.065491227730636,115.8140683601901
43.00625,42.31875,165.34579663467952,17.00772517904661,182.35352181372613
43.00625,42.33125,219.21136930767378,17.450313707268474,236.66168301494224
43.00625,42.34375,223.59723575930101,26.232510058651023,249.82974581795204
43.00625,42.35625,177.51132821598137,17.85494377997192,195.3662719959533
43.00625,42.36875,161.8251210506844,20.1739403950775,181.9990614457619
43.00625,42.38125,169.94857171925332,19.683038733280505,189.63161045253383
43.00625,42.39375,163.7392115813807,21.44419437355347,185.18340595493416
43.00625,42.40625,165.55665622689602,18.466018036280065,184.0226742631761
43.00625,42.41875,223.72842081525303,11.85473273566351,235.58315355091653
43.00625,42.43125,236.36801252053786,17.65641935886614,254.024431879404
43.00625,42.44375,249.972996596884,26.124835639008253,276.09783223589227
43.00625,42.45625,284.5818584447092,31.195619013644293,315.77747745835353
43.00625,42.46875,284.43705827092236,22.01926660701278,306.4563248779351
43.00625,42.48125,237.65108603415996,13.996948764171481,251.64803479833145
43.00625,42.49375,238.32144691040378,18.36063606734218,256.68208297774595
43.00625,42.50625,224.74587601402018,19.601125219706887,244.34700123372707
43.00625,42.51875,194.08756430215018,17.92283552130943,212.0103998234596
43.00625,42.53125,168.85404179476834,22.812354687009393,191.66639648177772
43.00625,42.54375,148.58917698546412,23.746844573332474,172.3360215587966
43.00625,42.55625,140.1753724605205,23.59833613557199,163.7737085960925
43.00625,42.56875,141.47575638231763,22.173833069700006,163.64958945201764
43.00625,42.58125,140.71040109419857,21.88660205190243,162.597003146101
43.00625,42.59375,161.9369353655122,22.894311440432624,184.83124680594483
43.00625,42.60625,156.76973461775668,25.713789124098053,182.48352374185473
43.00625,42.61875,141.76161111871184,24.18268567384115,165.944296792553
43.00625,42.63125,145.46555731824765,25.136790965034656,170.6023482832823
43.00625,42.64375,153.15706410667562,27.421936238332055,180.57900034500767
43.00625,42.65625,182.23157192744947,27.7608315803908,209.99240350784027
43.00625,42.66875,169.58528711849655,23.1223212784678,192.70760839696436
43.00625,42.68125,198.38447364955923,25.85811902197939,224.2425926715386
43.00625,42.69375,158.54165150588022,23.52439412318018,182.0660456290604
43.00625,42.70625,160.11196781430314,23.808334259240127,183.92030207354327
43.00625,42.71875,205.43803486761067,21.598500689353294,227.03653555696397
43.00625,42.73125,213.87258301275898,19.461356430029852,233.33393944278885
43.00625,42.74375,180.41335066552492,17.923019575654987,198.3363702411799
43.00625,42.75625,171.5148772487809,19.49534977961262,191.0102270283935
43.00625,42.76875,168.4567303402932,22.16565016387181,190.62238050416502
43.00625,42.78125,188.52660212719846,26.416389357542155,214.94299148474062
43.00625,42.79375,174.03833968300427,28.257250482230525,202.29559016523478
43.00625,42.80625,177.01221071738104,30.18525681139462,207.19746752877566
43.00625,42.81875,188.6027291448586,31.776010445856286,220.3787395907149
43.00625,42.83125,183.7973763816784,26.964731335686942,210.76210771736532
43.00625,42.84375,226.87524185931434,28.433553272728567,255.30879513204292
43.00625,42.85625,242.66832874361864,29.496194502522677,272.1645232461413
43.00625,42.86875,220.1235256485478,25.689759014596802,245.8132846631446
43.00625,42.88125,209.6615166636004,25.1851006720953,234.8466173356957
43.00625,42.89375,237.40010346327185,24.902256171512636,262.30235963478447
43.00625,42.90625,263.21700818500204,32.165599520087824,295.38260770508987
43.00625,42.91875,280.4970666154749,31.05639100158947,311.5534576170644
43.00625,42.93125,292.8108544876255,30.458202248640987,323.26905673626646
43.00625,42.94375,310.4417908545571,32.42721584157716,342.86900669613425
43.00625,42.95625,323.96314641208966,25.880725496062134,349.8438719081518
43.00625,42.96875,333.48307623040046,19.49510042924674,352.9781766596472
43.00625,42.98125,338.7758803846243,19.70077623023547,358.4766566148598
43.00625,42.99375,297.72479954433214,14.655451919483738,312.38025146381585
